userid,movie_name,year,rating,movie_id
58298,the reflecting skin,1990,3,the+reflecting+skin+1990
145539,the godfather,1972,5,the+godfather+1972
45853,big hero 6,2014,5,big+hero+6+2014
67815,inception,2010,4,inception+2010
58031,star wars,1977,4,star+wars+1977
68883,two for the seesaw,1962,3,two+for+the+seesaw+1962
20035,spirited away,2001,4,spirited+away+2001
6999,the shawshank redemption,1994,5,the+shawshank+redemption+1994
75584,godzilla against mechagodzilla,2002,3,godzilla+against+mechagodzilla+2002
77335,raiders of the lost ark,1981,4,raiders+of+the+lost+ark+1981
67089,keeping the promise,1997,2,keeping+the+promise+1997
76933,forrest gump,1994,5,forrest+gump+1994
36977,demonic,2015,3,demonic+2015
63371,the road,2009,3,the+road+2009
37593,bolt,2008,4,bolt+2008
139056,whiplash,2014,4,whiplash+2014
128183,spirited away,2001,5,spirited+away+2001
134258,ma che colpa abbiamo noi,2003,4,ma+che+colpa+abbiamo+noi+2003
143391,big buck bunny,2008,3,big+buck+bunny+2008
43774,snow white and the seven dwarfs,1937,5,snow+white+and+the+seven+dwarfs+1937
114823,my neighbor totoro,1988,4,my+neighbor+totoro+1988
71476,life is a miracle,2004,3,life+is+a+miracle+2004
3303,myra breckinridge,1970,3,myra+breckinridge+1970
34995,howls moving castle,2004,4,howls+moving+castle+2004
99658,indiana jones and the last crusade,1989,4,indiana+jones+and+the+last+crusade+1989
97181,frozen,2013,5,frozen+2013
102141,one flew over the cuckoos nest,1975,4,one+flew+over+the+cuckoos+nest+1975
87595,my neighbor totoro,1988,5,my+neighbor+totoro+1988
1891,regarding henry,1991,4,regarding+henry+1991
8693,the shawshank redemption,1994,5,the+shawshank+redemption+1994
90742,raiders of the lost ark,1981,5,raiders+of+the+lost+ark+1981
120174,men in black,1997,3,men+in+black+1997
46963,despicable me 2,2013,3,despicable+me+2+2013
139893,jcvd,2008,3,jcvd+2008
36019,interstellar,2014,5,interstellar+2014
106906,a patch of blue,1965,5,a+patch+of+blue+1965
102935,burrowing,2009,3,burrowing+2009
131228,in bruges,2008,3,in+bruges+2008
147539,troy,2004,3,troy+2004
72285,thirteen,2003,3,thirteen+2003
57675,whiplash,2014,4,whiplash+2014
136261,the dark knight,2008,4,the+dark+knight+2008
126596,altman,2014,3,altman+2014
27943,the godfather,1972,5,the+godfather+1972
89360,interstellar,2014,5,interstellar+2014
133594,whiplash,2014,4,whiplash+2014
17184,inception,2010,4,inception+2010
47091,romeo and juliet,1968,5,romeo+and+juliet+1968
5965,the godfather,1972,4,the+godfather+1972
120863,my neighbor totoro,1988,4,my+neighbor+totoro+1988
119611,examined life,2008,5,examined+life+2008
108550,all the presidents men,1976,3,all+the+presidents+men+1976
94270,sirocco,1951,3,sirocco+1951
88218,one flew over the cuckoos nest,1975,5,one+flew+over+the+cuckoos+nest+1975
125796,raiders of the lost ark,1981,4,raiders+of+the+lost+ark+1981
15210,miracle in cell no. 7,2013,4,miracle+in+cell+no.+7+2013
51288,my neighbor totoro,1988,5,my+neighbor+totoro+1988
50488,the godfather,1972,5,the+godfather+1972
113830,interstellar,2014,3,interstellar+2014
45193,the impossible,2012,3,the+impossible+2012
89646,spirited away,2001,3,spirited+away+2001
64792,divine madness,1980,4,divine+madness+1980
5334,my neighbor totoro,1988,5,my+neighbor+totoro+1988
824,nightcrawler,2014,5,nightcrawler+2014
63643,fatherland,1994,3,fatherland+1994
24115,spirited away,2001,4,spirited+away+2001
72355,my neighbor totoro,1988,5,my+neighbor+totoro+1988
104111,constantine,2005,3,constantine+2005
104593,alien,1979,4,alien+1979
84483,the dark knight,2008,5,the+dark+knight+2008
89916,interstellar,2014,5,interstellar+2014
83453,waterloo,1970,4,waterloo+1970
107919,the dead zone,1983,4,the+dead+zone+1983
85970,the cameraman,1928,4,the+cameraman+1928
116808,miami connection,1987,3,miami+connection+1987
137076,the chronicles of narnia the lion_ the witch and the wardrobe,2005,4,the+chronicles+of+narnia+the+lion_+the+witch+and+the+wardrobe+2005
142239,the shawshank redemption,1994,5,the+shawshank+redemption+1994
104119,one flew over the cuckoos nest,1975,4,one+flew+over+the+cuckoos+nest+1975
89152,three kings,1999,4,three+kings+1999
101787,inception,2010,5,inception+2010
69059,inception,2010,5,inception+2010
111907,star wars,1977,3,star+wars+1977
131658,despicable me,2010,4,despicable+me+2010
100366,iron man,2008,5,iron+man+2008
42570,the godfather,1972,3,the+godfather+1972
123974,how to train your dragon,2010,4,how+to+train+your+dragon+2010
104291,coraline,2009,4,coraline+2009
118936,the godfather,1972,4,the+godfather+1972
134433,the shawshank redemption,1994,4,the+shawshank+redemption+1994
101802,the godfather,1972,4,the+godfather+1972
90620,my neighbor totoro,1988,3,my+neighbor+totoro+1988
136333,whiplash,2014,4,whiplash+2014
51905,spirited away,2001,5,spirited+away+2001
29629,adaptation.,2002,5,adaptation.+2002
11712,whiplash,2014,4,whiplash+2014
111130,my neighbor totoro,1988,3,my+neighbor+totoro+1988
102353,strange circus,2005,4,strange+circus+2005
122457,close encounters of the third kind,1977,4,close+encounters+of+the+third+kind+1977
141841,spirited away,2001,3,spirited+away+2001
654,if i were king,1938,4,if+i+were+king+1938
53071,star wars,1977,4,star+wars+1977
82528,galaxy quest,1999,3,galaxy+quest+1999
146031,inception,2010,4,inception+2010
68572,the mummy,1999,3,the+mummy+1999
117479,the lord of the rings the fellowship of the ring,2001,4,the+lord+of+the+rings+the+fellowship+of+the+ring+2001
121186,one hundred and one dalmatians,1961,4,one+hundred+and+one+dalmatians+1961
121692,alien,1979,4,alien+1979
7325,monty python and the holy grail,1975,4,monty+python+and+the+holy+grail+1975
55796,star wars,1977,4,star+wars+1977
144942,the shawshank redemption,1994,5,the+shawshank+redemption+1994
36215,mirrormask,2005,4,mirrormask+2005
77006,heaven  earth,1993,3,heaven++earth+1993
79802,real fiction,2000,3,real+fiction+2000
121232,interstellar,2014,4,interstellar+2014
71315,iron man,2008,4,iron+man+2008
105622,the lord of the rings the fellowship of the ring,2001,5,the+lord+of+the+rings+the+fellowship+of+the+ring+2001
53465,the strange love of martha ivers,1946,5,the+strange+love+of+martha+ivers+1946
141663,iron man,2008,5,iron+man+2008
5214,gone girl,2014,5,gone+girl+2014
16872,red state,2011,3,red+state+2011
2170,the dark knight,2008,5,the+dark+knight+2008
88015,raiders of the lost ark,1981,4,raiders+of+the+lost+ark+1981
78081,one flew over the cuckoos nest,1975,4,one+flew+over+the+cuckoos+nest+1975
98601,foo fighters back and forth,2011,5,foo+fighters+back+and+forth+2011
34783,north by northwest,1959,4,north+by+northwest+1959
63100,whiplash,2014,4,whiplash+2014
51394,spirited away,2001,4,spirited+away+2001
62111,guardians of the galaxy,2014,4,guardians+of+the+galaxy+2014
47682,the lord of the rings the fellowship of the ring,2001,4,the+lord+of+the+rings+the+fellowship+of+the+ring+2001
139366,interstellar,2014,4,interstellar+2014
63493,interstellar,2014,5,interstellar+2014
61041,waking life,2001,4,waking+life+2001
142764,star wars,1977,4,star+wars+1977
15912,inception,2010,4,inception+2010
141665,from russia with love,1963,4,from+russia+with+love+1963
42747,journey to italy,1954,3,journey+to+italy+1954
103505,hitman hart wrestling with shadows,1998,3,hitman+hart+wrestling+with+shadows+1998
4384,howls moving castle,2004,5,howls+moving+castle+2004
91376,hitler a film from germany,1977,4,hitler+a+film+from+germany+1977
149974,monty python and the holy grail,1975,4,monty+python+and+the+holy+grail+1975
53060,one flew over the cuckoos nest,1975,5,one+flew+over+the+cuckoos+nest+1975
89766,big hero 6,2014,4,big+hero+6+2014
61262,my neighbor totoro,1988,4,my+neighbor+totoro+1988
19240,the dark knight,2008,5,the+dark+knight+2008
99270,pirates of the caribbean the curse of the black pearl,2003,4,pirates+of+the+caribbean+the+curse+of+the+black+pearl+2003
78840,phineas and ferb the movie across the 2nd dimension,2011,4,phineas+and+ferb+the+movie+across+the+2nd+dimension+2011
111278,alien,1979,4,alien+1979
121445,the blacksmith,1922,4,the+blacksmith+1922
90309,man with a movie camera,1929,3,man+with+a+movie+camera+1929
50875,ladder 49,2004,4,ladder+49+2004
47636,the lord of the rings the fellowship of the ring,2001,5,the+lord+of+the+rings+the+fellowship+of+the+ring+2001
93432,interstellar,2014,4,interstellar+2014
15566,up,2009,5,up+2009
10959,interstellar,2014,4,interstellar+2014
57366,up,2009,4,up+2009
135866,one flew over the cuckoos nest,1975,5,one+flew+over+the+cuckoos+nest+1975
144209,tormento,1950,3,tormento+1950
21227,control,2007,4,control+2007
32851,wall street,1987,4,wall+street+1987
112212,the lord of the rings the fellowship of the ring,2001,5,the+lord+of+the+rings+the+fellowship+of+the+ring+2001
34819,shrek,2001,4,shrek+2001
42827,ratatouille,2007,4,ratatouille+2007
106208,pay it forward,2000,5,pay+it+forward+2000
46216,iron sky,2012,5,iron+sky+2012
47888,the dark knight,2008,4,the+dark+knight+2008
137820,raiders of the lost ark,1981,5,raiders+of+the+lost+ark+1981
147156,the lion king,1994,5,the+lion+king+1994
134235,the strawberry statement,1970,4,the+strawberry+statement+1970
17139,mauvais sang,1986,3,mauvais+sang+1986
83761,whiplash,2014,2,whiplash+2014
15194,the dark knight,2008,5,the+dark+knight+2008
107213,coraline,2009,3,coraline+2009
124526,that obscure object of desire,1977,3,that+obscure+object+of+desire+1977
109481,interstellar,2014,5,interstellar+2014
22302,national treasure book of secrets,2007,4,national+treasure+book+of+secrets+2007
113796,little richard,2000,4,little+richard+2000
21804,the dark knight,2008,5,the+dark+knight+2008
30414,good neighbor sam,1964,4,good+neighbor+sam+1964
55764,guardians of the galaxy,2014,4,guardians+of+the+galaxy+2014
325,the lord of the rings the fellowship of the ring,2001,4,the+lord+of+the+rings+the+fellowship+of+the+ring+2001
52595,the world according to monsanto,2008,4,the+world+according+to+monsanto+2008
148882,earth,2007,5,earth+2007
17371,the devil wears prada,2006,3,the+devil+wears+prada+2006
95875,the princess diaries,2001,3,the+princess+diaries+2001
139828,the imitation game,2014,5,the+imitation+game+2014
91454,raiders of the lost ark,1981,4,raiders+of+the+lost+ark+1981
23117,monty python and the holy grail,1975,5,monty+python+and+the+holy+grail+1975
140710,iron man,2008,3,iron+man+2008
148783,saw iii,2006,2,saw+iii+2006
10153,joe strummer the future is unwritten,2007,4,joe+strummer+the+future+is+unwritten+2007
77243,men in black ii,2002,3,men+in+black+ii+2002
37834,star wars,1977,4,star+wars+1977
49694,the three caballeros,1944,3,the+three+caballeros+1944
139305,roseannas grave,1997,3,roseannas+grave+1997
122395,guardians of the galaxy,2014,5,guardians+of+the+galaxy+2014
31088,mirror mirror,2012,3,mirror+mirror+2012
15831,whiplash,2014,4,whiplash+2014
3219,the shawshank redemption,1994,5,the+shawshank+redemption+1994
96798,seven years in tibet,1997,3,seven+years+in+tibet+1997
90681,up,2009,5,up+2009
137323,on the job,2013,3,on+the+job+2013
14895,the godfather,1972,3,the+godfather+1972
110788,alien,1979,5,alien+1979
115699,monty python and the holy grail,1975,4,monty+python+and+the+holy+grail+1975
145608,monty python and the holy grail,1975,4,monty+python+and+the+holy+grail+1975
110826,whiplash,2014,4,whiplash+2014
60927,splatter university,1984,3,splatter+university+1984
42427,spirited away,2001,4,spirited+away+2001
10434,czowiek z m-3,1969,3,czowiek+z+m-3+1969
115629,chicken run,2000,4,chicken+run+2000
94469,interstellar,2014,5,interstellar+2014
80247,inception,2010,4,inception+2010
60008,workers leaving the lumire factory,1895,4,workers+leaving+the+lumire+factory+1895
39313,my neighbor totoro,1988,4,my+neighbor+totoro+1988
8219,inception,2010,4,inception+2010
129709,the man who knew too much,1956,3,the+man+who+knew+too+much+1956
52483,whiplash,2014,5,whiplash+2014
31236,howls moving castle,2004,4,howls+moving+castle+2004
32028,stalag luft,1993,2,stalag+luft+1993
44122,inception,2010,4,inception+2010
112632,days of heaven,1978,4,days+of+heaven+1978
12347,my neighbor totoro,1988,4,my+neighbor+totoro+1988
16337,wreck-it ralph,2012,4,wreck-it+ralph+2012
72269,whiplash,2014,4,whiplash+2014
72026,spirited away,2001,3,spirited+away+2001
24077,the lord of the rings the return of the king,2003,4,the+lord+of+the+rings+the+return+of+the+king+2003
92533,men in black,1997,3,men+in+black+1997
11453,up,2009,4,up+2009
53301,the godfather,1972,5,the+godfather+1972
10550,accattone,1961,3,accattone+1961
88406,the method,2005,3,the+method+2005
144859,up,2009,4,up+2009
73446,the matrix,1999,3,the+matrix+1999
25195,one flew over the cuckoos nest,1975,4,one+flew+over+the+cuckoos+nest+1975
111466,guardians of the galaxy,2014,4,guardians+of+the+galaxy+2014
51735,inception,2010,5,inception+2010
44682,my neighbor totoro,1988,4,my+neighbor+totoro+1988
81296,monty python and the holy grail,1975,4,monty+python+and+the+holy+grail+1975
86292,whiplash,2014,5,whiplash+2014
52166,shrek,2001,3,shrek+2001
3323,sal_ or the 120 days of sodom,1975,4,sal_+or+the+120+days+of+sodom+1975
84932,interstellar,2014,4,interstellar+2014
132323,one flew over the cuckoos nest,1975,5,one+flew+over+the+cuckoos+nest+1975
45631,raiders of the lost ark,1981,4,raiders+of+the+lost+ark+1981
62151,the muppet movie,1979,3,the+muppet+movie+1979
10421,2001 a space odyssey,1968,3,2001+a+space+odyssey+1968
56708,gattaca,1997,4,gattaca+1997
33658,what we do in the shadows,2014,4,what+we+do+in+the+shadows+2014
110900,coraline,2009,4,coraline+2009
138692,badlands,1973,3,badlands+1973
82949,inception,2010,5,inception+2010
134420,the dark knight,2008,5,the+dark+knight+2008
130857,my neighbor totoro,1988,3,my+neighbor+totoro+1988
44509,my neighbor totoro,1988,4,my+neighbor+totoro+1988
117938,the shawshank redemption,1994,4,the+shawshank+redemption+1994
11019,munyurangabo,2007,3,munyurangabo+2007
123617,the lion king,1994,4,the+lion+king+1994
112648,raiders of the lost ark,1981,3,raiders+of+the+lost+ark+1981
69173,hidalgo,2004,4,hidalgo+2004
129585,see the sea,1997,5,see+the+sea+1997
107775,cheaper by the dozen 2,2005,3,cheaper+by+the+dozen+2+2005
27376,my neighbor totoro,1988,4,my+neighbor+totoro+1988
78888,alien,1979,4,alien+1979
54423,the shawshank redemption,1994,5,the+shawshank+redemption+1994
9865,iron man,2008,4,iron+man+2008
122103,friday the 13th,1980,4,friday+the+13th+1980
145618,howls moving castle,2004,4,howls+moving+castle+2004
115559,the dark knight rises,2012,5,the+dark+knight+rises+2012
93491,mclibel,2005,3,mclibel+2005
17893,the shawshank redemption,1994,5,the+shawshank+redemption+1994
139673,a very long engagement,2004,3,a+very+long+engagement+2004
136888,the hobbit an unexpected journey,2012,3,the+hobbit+an+unexpected+journey+2012
46318,alien,1979,3,alien+1979
123619,saving private ryan,1998,3,saving+private+ryan+1998
47127,reservoir dogs,1992,5,reservoir+dogs+1992
72256,my neighbor totoro,1988,4,my+neighbor+totoro+1988
109543,the dark knight,2008,3,the+dark+knight+2008
142780,one flew over the cuckoos nest,1975,5,one+flew+over+the+cuckoos+nest+1975
120734,the linguini incident,1991,3,the+linguini+incident+1991
47978,big hero 6,2014,3,big+hero+6+2014
23448,robin hood,2010,4,robin+hood+2010
114633,casino royale,2006,3,casino+royale+2006
136488,the shawshank redemption,1994,4,the+shawshank+redemption+1994
37928,the hunger games mockingjay - part 1,2014,3,the+hunger+games+mockingjay+-+part+1+2014
18774,dangerous beauty,1998,4,dangerous+beauty+1998
16867,inception,2010,4,inception+2010
21007,the cranes are flying,1957,4,the+cranes+are+flying+1957
44211,monty python and the holy grail,1975,5,monty+python+and+the+holy+grail+1975
114676,interstellar,2014,4,interstellar+2014
124671,my neighbor totoro,1988,3,my+neighbor+totoro+1988
73411,one flew over the cuckoos nest,1975,3,one+flew+over+the+cuckoos+nest+1975
11091,the dark knight,2008,4,the+dark+knight+2008
113305,the civil war,1990,4,the+civil+war+1990
46823,my neighbor totoro,1988,4,my+neighbor+totoro+1988
111414,sotji,2013,3,sotji+2013
108501,inception,2010,5,inception+2010
10020,iron man,2008,3,iron+man+2008
19924,coraline,2009,4,coraline+2009
23120,the shawshank redemption,1994,5,the+shawshank+redemption+1994
50392,black angel,1946,3,black+angel+1946
121553,its the great pumpkin_ charlie brown,1966,3,its+the+great+pumpkin_+charlie+brown+1966
55534,my neighbor totoro,1988,4,my+neighbor+totoro+1988
43248,the imitation game,2014,4,the+imitation+game+2014
25799,guardians of the galaxy,2014,5,guardians+of+the+galaxy+2014
80259,serena,2014,3,serena+2014
145755,the shawshank redemption,1994,3,the+shawshank+redemption+1994
10208,the host,2013,3,the+host+2013
144111,the shawshank redemption,1994,5,the+shawshank+redemption+1994
108878,topaz,1969,3,topaz+1969
146633,raiders of the lost ark,1981,4,raiders+of+the+lost+ark+1981
93576,raiders of the lost ark,1981,4,raiders+of+the+lost+ark+1981
95512,guardians of the galaxy,2014,5,guardians+of+the+galaxy+2014
144909,alien,1979,4,alien+1979
113749,raiders of the lost ark,1981,5,raiders+of+the+lost+ark+1981
40315,strange planet,1999,4,strange+planet+1999
100799,the day they robbed the bank of england,1960,3,the+day+they+robbed+the+bank+of+england+1960
147569,spider-man,2002,4,spider-man+2002
100815,sundome,2007,3,sundome+2007
112351,inception,2010,3,inception+2010
39058,fixed bayonets,1951,4,fixed+bayonets+1951
97340,thief,1981,5,thief+1981
16125,the godfather,1972,5,the+godfather+1972
61152,nosferatu,1922,5,nosferatu+1922
3466,spirited away,2001,4,spirited+away+2001
39442,car wash,1976,2,car+wash+1976
73371,pirates of the caribbean dead mans chest,2006,4,pirates+of+the+caribbean+dead+mans+chest+2006
136233,cool air,2006,5,cool+air+2006
121280,gone girl,2014,4,gone+girl+2014
43995,the house on carroll street,1988,3,the+house+on+carroll+street+1988
99590,the shawshank redemption,1994,4,the+shawshank+redemption+1994
46452,whiplash,2014,5,whiplash+2014
124264,interstellar,2014,4,interstellar+2014
58076,the adjustment bureau,2011,4,the+adjustment+bureau+2011
70680,alien,1979,4,alien+1979
106935,monty python and the holy grail,1975,5,monty+python+and+the+holy+grail+1975
32567,star wars,1977,4,star+wars+1977
96951,holiday in handcuffs,2007,4,holiday+in+handcuffs+2007
130833,spirited away,2001,5,spirited+away+2001
4278,runaway bride,1999,4,runaway+bride+1999
93082,robots,2005,3,robots+2005
79120,notorious,1946,5,notorious+1946
57405,wake,2009,4,wake+2009
3190,whiplash,2014,4,whiplash+2014
65559,the crimson kimono,1959,4,the+crimson+kimono+1959
83135,la grande bouffe,1973,3,la+grande+bouffe+1973
68689,raiders of the lost ark,1981,3,raiders+of+the+lost+ark+1981
84292,howls moving castle,2004,5,howls+moving+castle+2004
47854,skylark,1941,4,skylark+1941
71412,quantum of solace,2008,3,quantum+of+solace+2008
132706,iron man,2008,4,iron+man+2008
142789,up,2009,5,up+2009
80284,my neighbor totoro,1988,4,my+neighbor+totoro+1988
100250,snow white and the seven dwarfs,1937,4,snow+white+and+the+seven+dwarfs+1937
3866,my neighbor totoro,1988,4,my+neighbor+totoro+1988
13014,interstellar,2014,3,interstellar+2014
27286,coraline,2009,2,coraline+2009
75147,monty python and the holy grail,1975,4,monty+python+and+the+holy+grail+1975
126792,spirited away,2001,5,spirited+away+2001
33532,interstellar,2014,4,interstellar+2014
112601,the shining,1980,4,the+shining+1980
110143,up,2009,5,up+2009
104309,alien,1979,4,alien+1979
52000,the imitation game,2014,4,the+imitation+game+2014
11212,cinderella,1950,4,cinderella+1950
90456,monty python and the holy grail,1975,4,monty+python+and+the+holy+grail+1975
120318,the other dream team,2012,4,the+other+dream+team+2012
121944,busting,1974,4,busting+1974
146874,the lord of the rings the fellowship of the ring,2001,5,the+lord+of+the+rings+the+fellowship+of+the+ring+2001
82080,spirited away,2001,4,spirited+away+2001
103112,iron man,2008,4,iron+man+2008
9365,my neighbor totoro,1988,4,my+neighbor+totoro+1988
118379,carmen miranda bananas is my business,1995,4,carmen+miranda+bananas+is+my+business+1995
109334,interstellar,2014,4,interstellar+2014
24634,by the people the election of barack obama,2009,4,by+the+people+the+election+of+barack+obama+2009
55308,dawn of the planet of the apes,2014,3,dawn+of+the+planet+of+the+apes+2014
137043,one flew over the cuckoos nest,1975,5,one+flew+over+the+cuckoos+nest+1975
51267,the shawshank redemption,1994,5,the+shawshank+redemption+1994
116111,a jungle book of regulations,1974,5,a+jungle+book+of+regulations+1974
147675,coraline,2009,3,coraline+2009
132763,guardians of the galaxy,2014,4,guardians+of+the+galaxy+2014
46902,before night falls,2000,3,before+night+falls+2000
101412,coraline,2009,4,coraline+2009
70928,monty python and the holy grail,1975,4,monty+python+and+the+holy+grail+1975
48214,my neighbor totoro,1988,4,my+neighbor+totoro+1988
142083,coraline,2009,3,coraline+2009
54026,moonfleet,1955,3,moonfleet+1955
51232,alien,1979,5,alien+1979
105931,monty python and the holy grail,1975,4,monty+python+and+the+holy+grail+1975
117392,one flew over the cuckoos nest,1975,3,one+flew+over+the+cuckoos+nest+1975
83697,one flew over the cuckoos nest,1975,3,one+flew+over+the+cuckoos+nest+1975
109408,surviving progress,2011,4,surviving+progress+2011
38144,the dark knight,2008,4,the+dark+knight+2008
86464,amlie,2001,4,amlie+2001
119683,kuch kuch hota hai,1998,3,kuch+kuch+hota+hai+1998
49535,inception,2010,4,inception+2010
90913,love object,2003,3,love+object+2003
110476,mulan,1998,4,mulan+1998
28413,finding nemo,2003,3,finding+nemo+2003
9874,super duper alice cooper,2014,4,super+duper+alice+cooper+2014
97791,one flew over the cuckoos nest,1975,3,one+flew+over+the+cuckoos+nest+1975
2466,star wars,1977,5,star+wars+1977
38843,whiplash,2014,3,whiplash+2014
72391,the lord of the rings the fellowship of the ring,2001,3,the+lord+of+the+rings+the+fellowship+of+the+ring+2001
137457,tae guk gi the brotherhood of war,2004,4,tae+guk+gi+the+brotherhood+of+war+2004
13869,inception,2010,4,inception+2010
52006,a chump at oxford,1940,3,a+chump+at+oxford+1940
38166,keep the lights on,2012,4,keep+the+lights+on+2012
36920,the dark knight,2008,5,the+dark+knight+2008
76233,up,2009,3,up+2009
88791,the dark knight,2008,3,the+dark+knight+2008
118945,the collector,2005,4,the+collector+2005
29071,guardians of the galaxy,2014,5,guardians+of+the+galaxy+2014
58231,one flew over the cuckoos nest,1975,4,one+flew+over+the+cuckoos+nest+1975
5331,spirited away,2001,5,spirited+away+2001
38373,up,2009,4,up+2009
123,the dark knight,2008,4,the+dark+knight+2008
91179,shrek,2001,4,shrek+2001
104125,the lord of the rings the fellowship of the ring,2001,3,the+lord+of+the+rings+the+fellowship+of+the+ring+2001
8556,the dark knight,2008,3,the+dark+knight+2008
3070,the maid,2009,4,the+maid+2009
103633,evan almighty,2007,4,evan+almighty+2007
45519,raiders of the lost ark,1981,4,raiders+of+the+lost+ark+1981
17843,raiders of the lost ark,1981,5,raiders+of+the+lost+ark+1981
138405,the boy in the striped pyjamas,2008,4,the+boy+in+the+striped+pyjamas+2008
73197,one flew over the cuckoos nest,1975,5,one+flew+over+the+cuckoos+nest+1975
73800,a cure for love,1966,4,a+cure+for+love+1966
28105,the noose,1958,4,the+noose+1958
118564,howls moving castle,2004,5,howls+moving+castle+2004
86981,how to train your dragon,2010,4,how+to+train+your+dragon+2010
90930,it boy,2013,4,it+boy+2013
17307,brave,2012,4,brave+2012
27977,walk on the wild side,1962,3,walk+on+the+wild+side+1962
134747,cape fear,1962,3,cape+fear+1962
84760,monty python and the holy grail,1975,4,monty+python+and+the+holy+grail+1975
15360,cause for alarm,1951,4,cause+for+alarm+1951
78189,howls moving castle,2004,5,howls+moving+castle+2004
43456,aladdin,1992,5,aladdin+1992
33343,the shawshank redemption,1994,4,the+shawshank+redemption+1994
110512,howls moving castle,2004,3,howls+moving+castle+2004
71918,the dark knight,2008,5,the+dark+knight+2008
144666,frankenstein,1931,4,frankenstein+1931
63830,khartoum,1966,4,khartoum+1966
10520,the lord of the rings the fellowship of the ring,2001,5,the+lord+of+the+rings+the+fellowship+of+the+ring+2001
52525,iron man,2008,4,iron+man+2008
85169,the amazing spider-man 2,2014,3,the+amazing+spider-man+2+2014
18623,the godfather,1972,4,the+godfather+1972
73622,the lord of the rings the fellowship of the ring,2001,3,the+lord+of+the+rings+the+fellowship+of+the+ring+2001
137550,raiders of the lost ark,1981,4,raiders+of+the+lost+ark+1981
149892,the imitation game,2014,5,the+imitation+game+2014
105615,the dark knight,2008,4,the+dark+knight+2008
7804,the beast with a million eyes,1958,5,the+beast+with+a+million+eyes+1958
7832,monty python and the holy grail,1975,3,monty+python+and+the+holy+grail+1975
37340,the dark knight,2008,3,the+dark+knight+2008
39885,kundun,1997,3,kundun+1997
116891,the shawshank redemption,1994,4,the+shawshank+redemption+1994
139781,interstellar,2014,5,interstellar+2014
14655,the dark knight,2008,4,the+dark+knight+2008
65741,harry potter and the half-blood prince,2009,3,harry+potter+and+the+half-blood+prince+2009
98206,the lord of the rings the fellowship of the ring,2001,4,the+lord+of+the+rings+the+fellowship+of+the+ring+2001
83693,the abyss,1989,4,the+abyss+1989
65838,raiders of the lost ark,1981,3,raiders+of+the+lost+ark+1981
141165,the fourth kind,2009,4,the+fourth+kind+2009
124626,whiplash,2014,5,whiplash+2014
136331,my neighbor totoro,1988,5,my+neighbor+totoro+1988
105213,saints and soldiers airborne creed,2012,4,saints+and+soldiers+airborne+creed+2012
98616,the lord of the rings the fellowship of the ring,2001,4,the+lord+of+the+rings+the+fellowship+of+the+ring+2001
50779,star wars,1977,4,star+wars+1977
8453,as above_ so below,2014,4,as+above_+so+below+2014
96030,howls moving castle,2004,4,howls+moving+castle+2004
134893,coraline,2009,3,coraline+2009
60146,the lord of the rings the return of the king,2003,4,the+lord+of+the+rings+the+return+of+the+king+2003
119563,spirited away,2001,4,spirited+away+2001
92112,battlestar galactica the plan,2009,3,battlestar+galactica+the+plan+2009
145661,one flew over the cuckoos nest,1975,4,one+flew+over+the+cuckoos+nest+1975
19010,guardians of the galaxy,2014,4,guardians+of+the+galaxy+2014
65369,interstellar,2014,3,interstellar+2014
82615,one flew over the cuckoos nest,1975,5,one+flew+over+the+cuckoos+nest+1975
95597,the fire within,1963,4,the+fire+within+1963
96889,pirates of the caribbean dead mans chest,2006,4,pirates+of+the+caribbean+dead+mans+chest+2006
95060,up,2009,4,up+2009
14923,the whisperer in darkness,2011,4,the+whisperer+in+darkness+2011
136914,ghostbusters,1984,4,ghostbusters+1984
115079,my neighbor totoro,1988,4,my+neighbor+totoro+1988
47290,star wars,1977,4,star+wars+1977
78440,forrest gump,1994,4,forrest+gump+1994
125729,1911,2011,3,1911+2011
31066,one flew over the cuckoos nest,1975,4,one+flew+over+the+cuckoos+nest+1975
58624,raiders of the lost ark,1981,5,raiders+of+the+lost+ark+1981
67800,sealed cargo,1951,4,sealed+cargo+1951
51692,les misrables,2000,4,les+misrables+2000
59905,my neighbor totoro,1988,4,my+neighbor+totoro+1988
14408,the lost honor of katharina blum,1975,4,the+lost+honor+of+katharina+blum+1975
45898,star wars,1977,4,star+wars+1977
34122,the fighting seabees,1944,3,the+fighting+seabees+1944
131284,my neighbor totoro,1988,4,my+neighbor+totoro+1988
89202,the dark knight,2008,4,the+dark+knight+2008
130707,whiplash,2014,4,whiplash+2014
88076,resurrecting the champ,2007,4,resurrecting+the+champ+2007
123748,attack the gas station,1999,3,attack+the+gas+station+1999
141339,finding nemo,2003,5,finding+nemo+2003
84351,whiplash,2014,5,whiplash+2014
124592,one flew over the cuckoos nest,1975,4,one+flew+over+the+cuckoos+nest+1975
64936,my neighbor totoro,1988,4,my+neighbor+totoro+1988
117873,please vote for me,2007,4,please+vote+for+me+2007
123920,the shawshank redemption,1994,4,the+shawshank+redemption+1994
9782,spirited away,2001,3,spirited+away+2001
41303,guardians of the galaxy,2014,5,guardians+of+the+galaxy+2014
102018,the godfather,1972,4,the+godfather+1972
79843,the cobbler,2014,4,the+cobbler+2014
117432,raiders of the lost ark,1981,3,raiders+of+the+lost+ark+1981
9099,coraline,2009,3,coraline+2009
112163,whiplash,2014,5,whiplash+2014
114295,idiot box,1996,3,idiot+box+1996
122673,alien,1979,2,alien+1979
126780,my neighbor totoro,1988,5,my+neighbor+totoro+1988
119419,santa fe,1951,4,santa+fe+1951
31387,the dark knight,2008,5,the+dark+knight+2008
69606,harry potter and the chamber of secrets,2002,4,harry+potter+and+the+chamber+of+secrets+2002
10838,big hero 6,2014,4,big+hero+6+2014
42212,big hero 6,2014,3,big+hero+6+2014
113819,sex  drugs  rock  roll,2010,3,sex++drugs++rock++roll+2010
17869,for richer or poorer,1997,3,for+richer+or+poorer+1997
5243,one flew over the cuckoos nest,1975,3,one+flew+over+the+cuckoos+nest+1975
22300,into eternity,2010,5,into+eternity+2010
59909,up,2009,5,up+2009
141496,thomas pynchon a journey into the mind of p.,2003,3,thomas+pynchon+a+journey+into+the+mind+of+p.+2003
132245,the thirty nine steps,1978,4,the+thirty+nine+steps+1978
140917,osaka elegy,1936,4,osaka+elegy+1936
96822,my neighbor totoro,1988,5,my+neighbor+totoro+1988
135058,the dark knight,2008,5,the+dark+knight+2008
132023,blue denim,1959,5,blue+denim+1959
77024,greed,1924,4,greed+1924
146407,my neighbor totoro,1988,4,my+neighbor+totoro+1988
143961,trucker,2008,3,trucker+2008
142331,the shawshank redemption,1994,4,the+shawshank+redemption+1994
139657,alien,1979,5,alien+1979
98555,mass appeal,1984,4,mass+appeal+1984
12095,the dark knight,2008,5,the+dark+knight+2008
18915,sissi the young empress,1956,3,sissi+the+young+empress+1956
74814,one flew over the cuckoos nest,1975,5,one+flew+over+the+cuckoos+nest+1975
107046,salton sea,2002,3,salton+sea+2002
131706,howls moving castle,2004,5,howls+moving+castle+2004
125131,coal miners daughter,1980,4,coal+miners+daughter+1980
7887,big hero 6,2014,4,big+hero+6+2014
95358,the lord of the rings the fellowship of the ring,2001,4,the+lord+of+the+rings+the+fellowship+of+the+ring+2001
112,something wild,1986,3,something+wild+1986
34378,the shawshank redemption,1994,5,the+shawshank+redemption+1994
24723,the babadook,2014,4,the+babadook+2014
15940,falling down,1993,3,falling+down+1993
85639,the godfather,1972,5,the+godfather+1972
96815,interstellar,2014,5,interstellar+2014
33013,20_000 leagues under the sea,1954,2,20_000+leagues+under+the+sea+1954
14828,raiders of the lost ark,1981,4,raiders+of+the+lost+ark+1981
48275,cockles and muscles,2005,3,cockles+and+muscles+2005
32715,the godfather,1972,4,the+godfather+1972
149503,guardians of the galaxy,2014,4,guardians+of+the+galaxy+2014
62543,the mask,1994,5,the+mask+1994
78702,taxi hunter,1993,4,taxi+hunter+1993
122446,pulp fiction,1994,4,pulp+fiction+1994
17784,the dark knight,2008,5,the+dark+knight+2008
8691,howls moving castle,2004,4,howls+moving+castle+2004
76052,the jungle book,1967,4,the+jungle+book+1967
11985,spirited away,2001,4,spirited+away+2001
110776,iron man 3,2013,4,iron+man+3+2013
69410,the shawshank redemption,1994,4,the+shawshank+redemption+1994
139428,raiders of the lost ark,1981,4,raiders+of+the+lost+ark+1981
124472,the dark knight,2008,4,the+dark+knight+2008
20511,coraline,2009,2,coraline+2009
89325,blue car,2002,4,blue+car+2002
70679,guardians of the galaxy,2014,4,guardians+of+the+galaxy+2014
82975,lovesick,1983,4,lovesick+1983
77702,kikis delivery service,1989,4,kikis+delivery+service+1989
141229,the godfather,1972,4,the+godfather+1972
148082,interstellar,2014,4,interstellar+2014
94922,my neighbor totoro,1988,5,my+neighbor+totoro+1988
79456,k2,1991,4,k2+1991
130147,the dark knight,2008,4,the+dark+knight+2008
3801,my neighbor totoro,1988,4,my+neighbor+totoro+1988
40891,star wars,1977,4,star+wars+1977
134296,alien,1979,4,alien+1979
22298,the dark knight,2008,4,the+dark+knight+2008
83039,the lord of the rings the fellowship of the ring,2001,5,the+lord+of+the+rings+the+fellowship+of+the+ring+2001
80801,whiplash,2014,4,whiplash+2014
134303,the dark knight,2008,4,the+dark+knight+2008
147635,chicken run,2000,4,chicken+run+2000
129474,alien,1979,4,alien+1979
115520,terminator 2 judgment day,1991,4,terminator+2+judgment+day+1991
34540,luv,1967,3,luv+1967
148923,darktown strutters,1975,3,darktown+strutters+1975
137512,the girl on the bridge,1999,4,the+girl+on+the+bridge+1999
56579,the lord of the rings the two towers,2002,4,the+lord+of+the+rings+the+two+towers+2002
1525,the crime of monsieur lange,1936,3,the+crime+of+monsieur+lange+1936
87132,my neighbor totoro,1988,4,my+neighbor+totoro+1988
83174,ziggy  stardust and the spiders from mars,1973,5,ziggy++stardust+and+the+spiders+from+mars+1973
91728,big hero 6,2014,3,big+hero+6+2014
19058,the godfather,1972,5,the+godfather+1972
105944,the house by the cemetery,1981,4,the+house+by+the+cemetery+1981
111204,the curse of the were-rabbit,2005,4,the+curse+of+the+were-rabbit+2005
117968,star wars,1977,5,star+wars+1977
93424,monty python and the holy grail,1975,4,monty+python+and+the+holy+grail+1975
59494,easy living,1937,3,easy+living+1937
50959,alien,1979,4,alien+1979
139524,the equalizer,2014,3,the+equalizer+2014
39624,guardians of the galaxy,2014,4,guardians+of+the+galaxy+2014
78249,star wars,1977,4,star+wars+1977
1276,howls moving castle,2004,5,howls+moving+castle+2004
8081,saving private ryan,1998,4,saving+private+ryan+1998
117847,the godfather,1972,4,the+godfather+1972
98637,3 idiots,2009,4,3+idiots+2009
47044,coraline,2009,5,coraline+2009
106773,monty python and the holy grail,1975,4,monty+python+and+the+holy+grail+1975
66861,alien,1979,5,alien+1979
80887,my neighbor totoro,1988,4,my+neighbor+totoro+1988
89217,cinema verite,2011,4,cinema+verite+2011
7717,snow white and the seven dwarfs,1937,3,snow+white+and+the+seven+dwarfs+1937
39708,bleeder,1999,4,bleeder+1999
28740,waterloo bridge,1940,5,waterloo+bridge+1940
1194,alien,1979,4,alien+1979
110864,beauty and the beast,1991,3,beauty+and+the+beast+1991
6982,the lord of the rings the fellowship of the ring,2001,5,the+lord+of+the+rings+the+fellowship+of+the+ring+2001
90722,whiplash,2014,5,whiplash+2014
90266,beslan three days in september,2006,4,beslan+three+days+in+september+2006
129891,raiders of the lost ark,1981,4,raiders+of+the+lost+ark+1981
82052,the thin man,1934,5,the+thin+man+1934
26975,my neighbor totoro,1988,5,my+neighbor+totoro+1988
64857,raiders of the lost ark,1981,4,raiders+of+the+lost+ark+1981
19328,andy hardys double life,1942,3,andy+hardys+double+life+1942
127927,the lord of the rings the fellowship of the ring,2001,5,the+lord+of+the+rings+the+fellowship+of+the+ring+2001
50839,spirited away,2001,4,spirited+away+2001
79253,the lord of the rings the fellowship of the ring,2001,5,the+lord+of+the+rings+the+fellowship+of+the+ring+2001
85983,ivans xtc.,2000,3,ivans+xtc.+2000
94169,interstellar,2014,4,interstellar+2014
23731,rampage,1987,3,rampage+1987
20636,the oak,1992,4,the+oak+1992
49064,the lord of the rings the fellowship of the ring,2001,4,the+lord+of+the+rings+the+fellowship+of+the+ring+2001
109546,the smallest show on earth,1957,4,the+smallest+show+on+earth+1957
66132,spirited away,2001,5,spirited+away+2001
38471,the godfather,1972,4,the+godfather+1972
58509,bring it on in it to win it,2007,4,bring+it+on+in+it+to+win+it+2007
22488,back to the future,1985,4,back+to+the+future+1985
98764,inception,2010,5,inception+2010
129961,interstellar,2014,3,interstellar+2014
125715,star wars,1977,4,star+wars+1977
124140,one flew over the cuckoos nest,1975,4,one+flew+over+the+cuckoos+nest+1975
132119,whisper of the heart,1995,4,whisper+of+the+heart+1995
70361,the aristocats,1970,3,the+aristocats+1970
125464,whiplash,2014,2,whiplash+2014
106584,the shawshank redemption,1994,4,the+shawshank+redemption+1994
123236,the godfather,1972,4,the+godfather+1972
93898,coraline,2009,4,coraline+2009
2199,star wars,1977,5,star+wars+1977
51520,star wars,1977,5,star+wars+1977
124985,spirited away,2001,5,spirited+away+2001
116383,the shawshank redemption,1994,3,the+shawshank+redemption+1994
12758,the shawshank redemption,1994,5,the+shawshank+redemption+1994
69200,monsters_ inc.,2001,3,monsters_+inc.+2001
51078,tuyas marriage,2006,4,tuyas+marriage+2006
143857,oceans eleven,2001,4,oceans+eleven+2001
57275,il... belpaese,1977,4,il...+belpaese+1977
91096,the lord of the rings the fellowship of the ring,2001,5,the+lord+of+the+rings+the+fellowship+of+the+ring+2001
15789,the illusionist,2006,4,the+illusionist+2006
84451,interstellar,2014,4,interstellar+2014
80807,monty python and the holy grail,1975,3,monty+python+and+the+holy+grail+1975
70537,up,2009,4,up+2009
18576,up,2009,3,up+2009
67276,the lord of the rings the fellowship of the ring,2001,5,the+lord+of+the+rings+the+fellowship+of+the+ring+2001
89659,iron man,2008,4,iron+man+2008
60144,my neighbor totoro,1988,4,my+neighbor+totoro+1988
21250,ratatouille,2007,5,ratatouille+2007
144495,my neighbor totoro,1988,5,my+neighbor+totoro+1988
81182,the business of strangers,2001,4,the+business+of+strangers+2001
56504,the shawshank redemption,1994,5,the+shawshank+redemption+1994
87635,after the sunset,2004,4,after+the+sunset+2004
72337,one flew over the cuckoos nest,1975,4,one+flew+over+the+cuckoos+nest+1975
65313,ultrasuede in search of halston,2011,4,ultrasuede+in+search+of+halston+2011
92069,the dark knight,2008,4,the+dark+knight+2008
105235,star wars,1977,4,star+wars+1977
58326,raiders of the lost ark,1981,4,raiders+of+the+lost+ark+1981
52613,iron man,2008,5,iron+man+2008
125339,one flew over the cuckoos nest,1975,4,one+flew+over+the+cuckoos+nest+1975
11623,raiders of the lost ark,1981,4,raiders+of+the+lost+ark+1981
92726,the shawshank redemption,1994,5,the+shawshank+redemption+1994
53708,the shawshank redemption,1994,4,the+shawshank+redemption+1994
66841,inception,2010,4,inception+2010
129414,no blade of grass,1970,4,no+blade+of+grass+1970
31432,big hero 6,2014,5,big+hero+6+2014
125126,spirited away,2001,5,spirited+away+2001
88147,judgment at nuremberg,1961,4,judgment+at+nuremberg+1961
1946,raiders of the lost ark,1981,5,raiders+of+the+lost+ark+1981
8562,the shawshank redemption,1994,4,the+shawshank+redemption+1994
7933,spirited away,2001,5,spirited+away+2001
58593,spirited away,2001,4,spirited+away+2001
37224,hubble 3d,2010,4,hubble+3d+2010
36486,big hero 6,2014,4,big+hero+6+2014
90219,nick carter_ master detective,1939,4,nick+carter_+master+detective+1939
93792,the lord of the rings the fellowship of the ring,2001,3,the+lord+of+the+rings+the+fellowship+of+the+ring+2001
94867,the wanderers,1979,3,the+wanderers+1979
54872,guardians of the galaxy,2014,4,guardians+of+the+galaxy+2014
3274,my neighbor totoro,1988,4,my+neighbor+totoro+1988
28404,grumpy old men,1993,4,grumpy+old+men+1993
147825,the dark knight,2008,4,the+dark+knight+2008
144215,the shawshank redemption,1994,5,the+shawshank+redemption+1994
53363,the dark knight,2008,4,the+dark+knight+2008
143920,spirited away,2001,4,spirited+away+2001
45799,the shawshank redemption,1994,5,the+shawshank+redemption+1994
3340,the dark knight,2008,5,the+dark+knight+2008
49134,alice in wonderland,1951,4,alice+in+wonderland+1951
18698,the special relationship,2010,4,the+special+relationship+2010
107211,my neighbor totoro,1988,5,my+neighbor+totoro+1988
140263,my neighbor totoro,1988,5,my+neighbor+totoro+1988
136110,elles,2011,3,elles+2011
37169,the godfather,1972,5,the+godfather+1972
116712,finding nemo,2003,3,finding+nemo+2003
61345,the dark knight,2008,4,the+dark+knight+2008
102423,memorial day,2011,3,memorial+day+2011
118937,shrek,2001,4,shrek+2001
74792,one flew over the cuckoos nest,1975,3,one+flew+over+the+cuckoos+nest+1975
50430,the panic in needle park,1971,5,the+panic+in+needle+park+1971
70027,my neighbor totoro,1988,5,my+neighbor+totoro+1988
57093,jason and the argonauts,1963,3,jason+and+the+argonauts+1963
27788,the shawshank redemption,1994,4,the+shawshank+redemption+1994
68813,the curse of the werewolf,1961,3,the+curse+of+the+werewolf+1961
83613,guardians of the galaxy,2014,4,guardians+of+the+galaxy+2014
15958,hairspray,2007,4,hairspray+2007
76751,iron man,2008,4,iron+man+2008
21673,freedom song,2000,4,freedom+song+2000
64035,enter the void,2009,4,enter+the+void+2009
105658,oleanna,1994,4,oleanna+1994
140932,the charge of the light brigade,1936,4,the+charge+of+the+light+brigade+1936
132191,the godfather,1972,5,the+godfather+1972
85978,guardians of the galaxy,2014,4,guardians+of+the+galaxy+2014
4181,thomas jefferson,1997,2,thomas+jefferson+1997
101645,anton chekhovs the duel,2010,4,anton+chekhovs+the+duel+2010
114551,whiplash,2014,4,whiplash+2014
19971,black and white in color,1976,4,black+and+white+in+color+1976
108153,kick-ass,2010,4,kick-ass+2010
122335,the dark knight,2008,5,the+dark+knight+2008
37130,up,2009,4,up+2009
12373,the bird with the crystal plumage,1970,3,the+bird+with+the+crystal+plumage+1970
58391,one flew over the cuckoos nest,1975,3,one+flew+over+the+cuckoos+nest+1975
22648,up,2009,5,up+2009
65428,arc,2006,5,arc+2006
87351,alien,1979,3,alien+1979
26256,gonin,1995,2,gonin+1995
87240,yesterday was a lie,2008,4,yesterday+was+a+lie+2008
110294,one flew over the cuckoos nest,1975,4,one+flew+over+the+cuckoos+nest+1975
135710,the shawshank redemption,1994,4,the+shawshank+redemption+1994
75383,the seventh cross,1944,5,the+seventh+cross+1944
124337,raiders of the lost ark,1981,4,raiders+of+the+lost+ark+1981
100588,up,2009,4,up+2009
143262,big hero 6,2014,3,big+hero+6+2014
141410,my neighbor totoro,1988,4,my+neighbor+totoro+1988
133667,the princess bride,1987,3,the+princess+bride+1987
120433,big hero 6,2014,4,big+hero+6+2014
149395,the princess and the frog,2009,4,the+princess+and+the+frog+2009
115014,the shawshank redemption,1994,4,the+shawshank+redemption+1994
123661,raiders of the lost ark,1981,4,raiders+of+the+lost+ark+1981
102652,the lord of the rings the fellowship of the ring,2001,4,the+lord+of+the+rings+the+fellowship+of+the+ring+2001
50979,inception,2010,5,inception+2010
6939,the lord of the rings the fellowship of the ring,2001,5,the+lord+of+the+rings+the+fellowship+of+the+ring+2001
138060,heartless,2009,2,heartless+2009
105440,barefoot gen,1983,2,barefoot+gen+1983
67766,cry of the city,1948,4,cry+of+the+city+1948
107464,the lord of the rings the fellowship of the ring,2001,5,the+lord+of+the+rings+the+fellowship+of+the+ring+2001
12505,alien,1979,5,alien+1979
67068,one flew over the cuckoos nest,1975,4,one+flew+over+the+cuckoos+nest+1975
130727,monty python and the holy grail,1975,4,monty+python+and+the+holy+grail+1975
35037,coraline,2009,3,coraline+2009
24991,up,2009,3,up+2009
94624,i dont want to go back alone,2010,4,i+dont+want+to+go+back+alone+2010
141275,tere bin laden,2010,3,tere+bin+laden+2010
117327,the princess diaries,2001,3,the+princess+diaries+2001
3437,the dark knight,2008,4,the+dark+knight+2008
5283,sleeping beauty,1959,4,sleeping+beauty+1959
25395,spider-man,2002,4,spider-man+2002
69946,the lord of the rings the fellowship of the ring,2001,4,the+lord+of+the+rings+the+fellowship+of+the+ring+2001
65528,the godfather,1972,5,the+godfather+1972
82003,raiders of the lost ark,1981,4,raiders+of+the+lost+ark+1981
140480,the dark knight,2008,4,the+dark+knight+2008
135234,el big bang de tunguska,2008,4,el+big+bang+de+tunguska+2008
41586,spirited away,2001,5,spirited+away+2001
23264,up,2009,5,up+2009
149693,one flew over the cuckoos nest,1975,5,one+flew+over+the+cuckoos+nest+1975
52737,howls moving castle,2004,5,howls+moving+castle+2004
102866,24 hours on craigslist,2006,4,24+hours+on+craigslist+2006
22228,coraline,2009,4,coraline+2009
100088,the mahabharata,1989,4,the+mahabharata+1989
19587,the godfather,1972,5,the+godfather+1972
63652,howls moving castle,2004,4,howls+moving+castle+2004
149086,swimming pool,2003,4,swimming+pool+2003
79484,my neighbor totoro,1988,5,my+neighbor+totoro+1988
9601,maleficent,2014,3,maleficent+2014
6447,howls moving castle,2004,4,howls+moving+castle+2004
115771,the five venoms,1978,3,the+five+venoms+1978
120955,fight club,1999,4,fight+club+1999
49313,employee of the month,2004,2,employee+of+the+month+2004
40055,the four feathers,1929,4,the+four+feathers+1929
146703,hit  run,2012,3,hit++run+2012
137809,guardians of the galaxy,2014,4,guardians+of+the+galaxy+2014
48632,alien,1979,5,alien+1979
77630,raiders of the lost ark,1981,5,raiders+of+the+lost+ark+1981
32956,hunted city,1979,3,hunted+city+1979
22751,the godfather,1972,4,the+godfather+1972
112687,the smiling madame beudet,1923,4,the+smiling+madame+beudet+1923
20224,howls moving castle,2004,3,howls+moving+castle+2004
71120,wyvern,2009,3,wyvern+2009
78109,inception,2010,5,inception+2010
53362,imagine,2012,3,imagine+2012
59796,whiplash,2014,3,whiplash+2014
124471,you belong to me,1941,4,you+belong+to+me+1941
136049,an ungentlemanly act,1992,3,an+ungentlemanly+act+1992
62853,raiders of the lost ark,1981,5,raiders+of+the+lost+ark+1981
4304,rush,2013,4,rush+2013
9455,my neighbor totoro,1988,4,my+neighbor+totoro+1988
114720,the shawshank redemption,1994,4,the+shawshank+redemption+1994
60494,the return of frank cannon,1980,2,the+return+of+frank+cannon+1980
41263,raiders of the lost ark,1981,3,raiders+of+the+lost+ark+1981
37396,up,2009,4,up+2009
792,the godfather,1972,4,the+godfather+1972
118602,star wars,1977,4,star+wars+1977
22885,monty python and the holy grail,1975,4,monty+python+and+the+holy+grail+1975
18361,thor,2011,4,thor+2011
184,the impostors,1998,3,the+impostors+1998
87854,indiscreet,1958,5,indiscreet+1958
38427,ponyo,2008,4,ponyo+2008
149097,monty python and the holy grail,1975,4,monty+python+and+the+holy+grail+1975
60539,wheres poppa,1970,4,wheres+poppa+1970
145310,cocaine cowboys,2006,4,cocaine+cowboys+2006
93209,spirited away,2001,5,spirited+away+2001
105803,whiplash,2014,4,whiplash+2014
130745,the lord of the rings the fellowship of the ring,2001,5,the+lord+of+the+rings+the+fellowship+of+the+ring+2001
54418,airplane,1980,5,airplane+1980
40772,blinky,2011,3,blinky+2011
36762,inception,2010,4,inception+2010
69043,monty python and the holy grail,1975,4,monty+python+and+the+holy+grail+1975
111460,one flew over the cuckoos nest,1975,5,one+flew+over+the+cuckoos+nest+1975
128633,fight club,1999,3,fight+club+1999
78014,spring subway,2002,4,spring+subway+2002
132465,the devil thumbs a ride,1947,5,the+devil+thumbs+a+ride+1947
144336,one flew over the cuckoos nest,1975,5,one+flew+over+the+cuckoos+nest+1975
120592,the dark knight rises,2012,3,the+dark+knight+rises+2012
105429,thousands cheer,1943,3,thousands+cheer+1943
44907,the shawshank redemption,1994,4,the+shawshank+redemption+1994
49645,whiplash,2014,4,whiplash+2014
105597,the shawshank redemption,1994,5,the+shawshank+redemption+1994
17164,sundays and cybele,1962,4,sundays+and+cybele+1962
73813,raiders of the lost ark,1981,3,raiders+of+the+lost+ark+1981
104947,the godfather,1972,4,the+godfather+1972
79886,evil,2003,4,evil+2003
6411,raiders of the lost ark,1981,5,raiders+of+the+lost+ark+1981
79603,alien,1979,4,alien+1979
135630,homage,1995,4,homage+1995
9595,the lord of the rings the fellowship of the ring,2001,4,the+lord+of+the+rings+the+fellowship+of+the+ring+2001
24288,lotta leaves home,1993,3,lotta+leaves+home+1993
119385,iron man,2008,3,iron+man+2008
106003,the chronicles of narnia the lion_ the witch and the wardrobe,2005,4,the+chronicles+of+narnia+the+lion_+the+witch+and+the+wardrobe+2005
129653,the lord of the rings the fellowship of the ring,2001,4,the+lord+of+the+rings+the+fellowship+of+the+ring+2001
111943,my neighbor totoro,1988,3,my+neighbor+totoro+1988
97269,inception,2010,4,inception+2010
92332,mile... mile  a half,2013,3,mile...+mile++a+half+2013
44272,the harvey girls,1946,3,the+harvey+girls+1946
228,star wars,1977,4,star+wars+1977
78316,alien,1979,3,alien+1979
94109,spirited away,2001,5,spirited+away+2001
37614,the lord of the rings the fellowship of the ring,2001,5,the+lord+of+the+rings+the+fellowship+of+the+ring+2001
113642,the lord of the rings the fellowship of the ring,2001,5,the+lord+of+the+rings+the+fellowship+of+the+ring+2001
44808,the shawshank redemption,1994,5,the+shawshank+redemption+1994
50908,howls moving castle,2004,5,howls+moving+castle+2004
62453,spirited away,2001,3,spirited+away+2001
131488,interstellar,2014,3,interstellar+2014
133463,coraline,2009,4,coraline+2009
65457,the hunted,1995,3,the+hunted+1995
34602,kill me please,2010,3,kill+me+please+2010
41124,goodfellas,1990,4,goodfellas+1990
132552,the godfather,1972,5,the+godfather+1972
87912,the lord of the rings the fellowship of the ring,2001,3,the+lord+of+the+rings+the+fellowship+of+the+ring+2001
112490,the shawshank redemption,1994,4,the+shawshank+redemption+1994
120813,spirited away,2001,4,spirited+away+2001
91432,what maisie knew,2013,5,what+maisie+knew+2013
75152,malena,2000,4,malena+2000
133056,the man who knew too much,1956,4,the+man+who+knew+too+much+1956
112874,korso,2014,4,korso+2014
29377,mitt,2014,4,mitt+2014
128830,the godfather,1972,4,the+godfather+1972
19818,star wars,1977,5,star+wars+1977
113197,the boys from county clare,2003,3,the+boys+from+county+clare+2003
77326,the dark knight,2008,4,the+dark+knight+2008
25952,up,2009,3,up+2009
26333,saps at sea,1940,4,saps+at+sea+1940
79589,the shawshank redemption,1994,4,the+shawshank+redemption+1994
35979,the dark knight,2008,5,the+dark+knight+2008
108356,big hero 6,2014,5,big+hero+6+2014
86779,howls moving castle,2004,4,howls+moving+castle+2004
34975,lone wolf and cub baby cart to hades,1972,4,lone+wolf+and+cub+baby+cart+to+hades+1972
120766,thor,2011,5,thor+2011
6810,trophy wife,2010,4,trophy+wife+2010
31702,guardians of the galaxy,2014,5,guardians+of+the+galaxy+2014
148816,conquest 1453,2012,3,conquest+1453+2012
53797,up,2009,4,up+2009
7162,the boy in the striped pyjamas,2008,3,the+boy+in+the+striped+pyjamas+2008
70476,monty python and the holy grail,1975,3,monty+python+and+the+holy+grail+1975
50689,up,2009,4,up+2009
85106,transamerica,2005,4,transamerica+2005
12722,the lion king 2 simbas pride,1998,3,the+lion+king+2+simbas+pride+1998
45196,gas,1981,4,gas+1981
17807,mulan,1998,5,mulan+1998
64049,whiplash,2014,3,whiplash+2014
73580,princess mononoke,1997,4,princess+mononoke+1997
121824,the dark knight,2008,4,the+dark+knight+2008
140536,raiders of the lost ark,1981,5,raiders+of+the+lost+ark+1981
53342,harry potter and the half-blood prince,2009,5,harry+potter+and+the+half-blood+prince+2009
137452,up,2009,5,up+2009
17387,wendy and lucy,2008,3,wendy+and+lucy+2008
110819,big hero 6,2014,4,big+hero+6+2014
7736,valentino the last emperor,2009,5,valentino+the+last+emperor+2009
128726,the godfather,1972,4,the+godfather+1972
10770,the godfather,1972,4,the+godfather+1972
139182,dhoondte reh jaoge,2009,4,dhoondte+reh+jaoge+2009
46250,america america,1963,3,america+america+1963
73794,howls moving castle,2004,4,howls+moving+castle+2004
2614,star wars,1977,4,star+wars+1977
46956,the godfather,1972,5,the+godfather+1972
35778,big hero 6,2014,4,big+hero+6+2014
51379,the lord of the rings the fellowship of the ring,2001,5,the+lord+of+the+rings+the+fellowship+of+the+ring+2001
69089,gone girl,2014,4,gone+girl+2014
81215,brother bear,2003,3,brother+bear+2003
58887,the secret world of arrietty,2010,4,the+secret+world+of+arrietty+2010
100583,the great debaters,2007,3,the+great+debaters+2007
128020,guardians of the galaxy,2014,5,guardians+of+the+galaxy+2014
46662,the possession of michael king,2014,3,the+possession+of+michael+king+2014
146791,the dark knight,2008,4,the+dark+knight+2008
75478,after porn ends,2012,4,after+porn+ends+2012
147944,one flew over the cuckoos nest,1975,5,one+flew+over+the+cuckoos+nest+1975
112382,ronja robbersdaughter,1984,4,ronja+robbersdaughter+1984
108548,interstellar,2014,4,interstellar+2014
71920,zero effect,1998,4,zero+effect+1998
16169,one flew over the cuckoos nest,1975,4,one+flew+over+the+cuckoos+nest+1975
93603,forbidden planet,1956,4,forbidden+planet+1956
58691,the goddess,1958,3,the+goddess+1958
14043,the godfather,1972,4,the+godfather+1972
137919,the new world,2005,3,the+new+world+2005
44308,wild geese ii,1985,4,wild+geese+ii+1985
98589,howls moving castle,2004,4,howls+moving+castle+2004
142076,big hero 6,2014,4,big+hero+6+2014
88657,star wars,1977,4,star+wars+1977
137481,the fifth element,1997,4,the+fifth+element+1997
32166,star wars,1977,4,star+wars+1977
29796,coraline,2009,4,coraline+2009
90373,with fire and sword,1999,3,with+fire+and+sword+1999
124833,howls moving castle,2004,4,howls+moving+castle+2004
52324,wikirebels the documentary,2010,3,wikirebels+the+documentary+2010
69768,made in dagenham,2010,4,made+in+dagenham+2010
11907,baby doll,1956,4,baby+doll+1956
22890,strange planet,1999,3,strange+planet+1999
91162,se7en,1995,5,se7en+1995
55569,paths of glory,1957,4,paths+of+glory+1957
103990,raiders of the lost ark,1981,5,raiders+of+the+lost+ark+1981
31840,the lord of the rings the two towers,2002,4,the+lord+of+the+rings+the+two+towers+2002
78884,memories,1995,4,memories+1995
120751,the orkly kid,1985,3,the+orkly+kid+1985
83284,interstellar,2014,5,interstellar+2014
139105,one flew over the cuckoos nest,1975,5,one+flew+over+the+cuckoos+nest+1975
131077,the avengers,2012,3,the+avengers+2012
75211,watchmen,2009,4,watchmen+2009
52925,cinderella,1950,4,cinderella+1950
3502,phantom,1922,4,phantom+1922
129425,iron man,2008,4,iron+man+2008
64504,one flew over the cuckoos nest,1975,4,one+flew+over+the+cuckoos+nest+1975
11675,the laughing policeman,1973,4,the+laughing+policeman+1973
138251,the arbor,2010,3,the+arbor+2010
65825,harry potter and the deathly hallows part 1,2010,4,harry+potter+and+the+deathly+hallows+part+1+2010
4854,pirates of the caribbean dead mans chest,2006,4,pirates+of+the+caribbean+dead+mans+chest+2006
145309,lost for life,2013,4,lost+for+life+2013
61324,chef,2014,5,chef+2014
148984,alien,1979,4,alien+1979
18681,the princess and the frog,2009,4,the+princess+and+the+frog+2009
102672,one flew over the cuckoos nest,1975,5,one+flew+over+the+cuckoos+nest+1975
48771,super hero party clown,2012,3,super+hero+party+clown+2012
35095,iron man,2008,4,iron+man+2008
8008,walle,2008,5,walle+2008
100246,howls moving castle,2004,5,howls+moving+castle+2004
148269,farce of the penguins,2006,3,farce+of+the+penguins+2006
84358,whiplash,2014,5,whiplash+2014
147253,raiders of the lost ark,1981,4,raiders+of+the+lost+ark+1981
9382,raiders of the lost ark,1981,4,raiders+of+the+lost+ark+1981
23839,dracula 3d,2012,2,dracula+3d+2012
87676,the godfather,1972,5,the+godfather+1972
46916,the killing,1956,4,the+killing+1956
34746,my neighbor totoro,1988,5,my+neighbor+totoro+1988
33661,my neighbor totoro,1988,4,my+neighbor+totoro+1988
70044,infection,2004,5,infection+2004
121833,spirited away,2001,5,spirited+away+2001
20854,interstellar,2014,5,interstellar+2014
88213,body and soul,1947,4,body+and+soul+1947
8887,toy story,1995,5,toy+story+1995
53325,snow white and the seven dwarfs,1937,4,snow+white+and+the+seven+dwarfs+1937
131481,free money,1998,3,free+money+1998
42647,frankenstein,1931,3,frankenstein+1931
120286,hideaway le refuge,2009,3,hideaway+le+refuge+2009
16311,angels of the universe,2000,5,angels+of+the+universe+2000
21389,raiders of the lost ark,1981,5,raiders+of+the+lost+ark+1981
26427,big hero 6,2014,4,big+hero+6+2014
49851,raiders of the lost ark,1981,4,raiders+of+the+lost+ark+1981
16010,all or nothing,2002,4,all+or+nothing+2002
66414,up,2009,4,up+2009
85372,kill bill vol. 1,2003,3,kill+bill+vol.+1+2003
81270,iron man,2008,5,iron+man+2008
112322,gattaca,1997,4,gattaca+1997
13251,avatar,2009,4,avatar+2009
119379,raiders of the lost ark,1981,5,raiders+of+the+lost+ark+1981
140959,thrust in me,1985,3,thrust+in+me+1985
136917,iron man,2008,3,iron+man+2008
38265,backlight,2010,4,backlight+2010
139735,interstellar,2014,4,interstellar+2014
68255,grease,1978,3,grease+1978
28554,terminator 2 judgment day,1991,3,terminator+2+judgment+day+1991
90465,once is not enough,1975,3,once+is+not+enough+1975
1728,whiplash,2014,4,whiplash+2014
25732,pirates of the caribbean the curse of the black pearl,2003,3,pirates+of+the+caribbean+the+curse+of+the+black+pearl+2003
37621,up,2009,5,up+2009
62078,star wars,1977,5,star+wars+1977
118316,inception,2010,4,inception+2010
93748,the dark knight,2008,4,the+dark+knight+2008
50972,up,2009,3,up+2009
36335,coraline,2009,4,coraline+2009
60991,interstellar,2014,5,interstellar+2014
138272,the godfather,1972,5,the+godfather+1972
54199,the dark knight,2008,5,the+dark+knight+2008
97239,whiplash,2014,4,whiplash+2014
25940,beauty and the beast,1991,4,beauty+and+the+beast+1991
70322,the lord of the rings the fellowship of the ring,2001,5,the+lord+of+the+rings+the+fellowship+of+the+ring+2001
15115,interstellar,2014,4,interstellar+2014
7735,iron man,2008,4,iron+man+2008
48157,magic  bird a courtship of rivals,2010,3,magic++bird+a+courtship+of+rivals+2010
142680,the matrix,1999,4,the+matrix+1999
4052,alien,1979,4,alien+1979
11470,the lord of the rings the fellowship of the ring,2001,3,the+lord+of+the+rings+the+fellowship+of+the+ring+2001
76673,the dark knight,2008,4,the+dark+knight+2008
21360,frankenstein,1931,3,frankenstein+1931
17291,spirited away,2001,5,spirited+away+2001
89323,whiplash,2014,3,whiplash+2014
33099,matchstick men,2003,3,matchstick+men+2003
3055,the shawshank redemption,1994,5,the+shawshank+redemption+1994
14621,star wars,1977,4,star+wars+1977
222,murder on the orient express,1974,4,murder+on+the+orient+express+1974
70507,fight club,1999,4,fight+club+1999
94073,listen up philip,2014,3,listen+up+philip+2014
61322,first snow,2006,3,first+snow+2006
293,the godfather,1972,5,the+godfather+1972
120376,the godfather part ii,1974,5,the+godfather+part+ii+1974
107658,raiders of the lost ark,1981,4,raiders+of+the+lost+ark+1981
133086,i see a dark stranger,1946,1,i+see+a+dark+stranger+1946
13786,up,2009,4,up+2009
126514,iron man,2008,4,iron+man+2008
68302,now_ voyager,1942,3,now_+voyager+1942
17798,grease,1978,4,grease+1978
99092,howls moving castle,2004,3,howls+moving+castle+2004
65316,one flew over the cuckoos nest,1975,5,one+flew+over+the+cuckoos+nest+1975
31999,spirited away,2001,4,spirited+away+2001
94337,the godfather,1972,4,the+godfather+1972
25974,2ldk,2003,3,2ldk+2003
131125,the dark knight,2008,4,the+dark+knight+2008
51636,one flew over the cuckoos nest,1975,4,one+flew+over+the+cuckoos+nest+1975
123678,inception,2010,4,inception+2010
94353,one flew over the cuckoos nest,1975,4,one+flew+over+the+cuckoos+nest+1975
67267,taxi driver,1976,4,taxi+driver+1976
28043,genevieve,1953,3,genevieve+1953
78939,interstellar,2014,5,interstellar+2014
769,alien,1979,4,alien+1979
4202,the safety of objects,2002,4,the+safety+of+objects+2002
16249,in the mood for love,2000,3,in+the+mood+for+love+2000
9780,aladdin,1992,4,aladdin+1992
48392,the lion king 2 simbas pride,1998,4,the+lion+king+2+simbas+pride+1998
39617,whiplash,2014,5,whiplash+2014
109662,the shawshank redemption,1994,4,the+shawshank+redemption+1994
101740,my neighbor totoro,1988,4,my+neighbor+totoro+1988
138146,the godfather,1972,5,the+godfather+1972
40675,ong-bak the thai warrior,2003,4,ong-bak+the+thai+warrior+2003
7386,star wars,1977,4,star+wars+1977
88603,guardians of the galaxy,2014,4,guardians+of+the+galaxy+2014
15716,iron man,2008,3,iron+man+2008
127172,the longest day,1962,3,the+longest+day+1962
45147,whiplash,2014,5,whiplash+2014
58474,guardians of the galaxy,2014,5,guardians+of+the+galaxy+2014
143109,tipping the velvet,2002,4,tipping+the+velvet+2002
74191,dreams on spec,2007,4,dreams+on+spec+2007
66445,the shawshank redemption,1994,5,the+shawshank+redemption+1994
135010,die hard,1988,3,die+hard+1988
96941,star wars,1977,3,star+wars+1977
146197,coraline,2009,4,coraline+2009
45487,alien,1979,3,alien+1979
133223,the lord of the rings the fellowship of the ring,2001,5,the+lord+of+the+rings+the+fellowship+of+the+ring+2001
131079,inception,2010,4,inception+2010
3053,beautiful kate,2009,4,beautiful+kate+2009
117367,whiplash,2014,5,whiplash+2014
61413,inception,2010,5,inception+2010
111784,big hero 6,2014,2,big+hero+6+2014
128203,monty python and the holy grail,1975,3,monty+python+and+the+holy+grail+1975
3899,the terminator,1984,5,the+terminator+1984
76467,the terminator,1984,4,the+terminator+1984
79102,guardians of the galaxy,2014,3,guardians+of+the+galaxy+2014
72135,fall,1997,3,fall+1997
20002,whiplash,2014,4,whiplash+2014
63294,the devil wears prada,2006,4,the+devil+wears+prada+2006
4201,comic-con episode iv a fans hope,2011,4,comic-con+episode+iv+a+fans+hope+2011
130519,constantine,2005,3,constantine+2005
89357,reservoir dogs,1992,4,reservoir+dogs+1992
60897,the lord of the rings the fellowship of the ring,2001,5,the+lord+of+the+rings+the+fellowship+of+the+ring+2001
61063,time of the wolf,2003,3,time+of+the+wolf+2003
145415,the boy in the striped pyjamas,2008,4,the+boy+in+the+striped+pyjamas+2008
101778,the good_ the bad and the ugly,1966,4,the+good_+the+bad+and+the+ugly+1966
78116,star wars,1977,4,star+wars+1977
4543,whiplash,2014,4,whiplash+2014
110884,the corporation,2003,4,the+corporation+2003
1720,the lord of the rings the fellowship of the ring,2001,5,the+lord+of+the+rings+the+fellowship+of+the+ring+2001
127785,back to the future,1985,5,back+to+the+future+1985
112012,good news,1947,4,good+news+1947
97098,spirited away,2001,5,spirited+away+2001
60283,big hero 6,2014,4,big+hero+6+2014
124908,spirited away,2001,4,spirited+away+2001
14133,the lord of the rings the fellowship of the ring,2001,4,the+lord+of+the+rings+the+fellowship+of+the+ring+2001
119336,inception,2010,3,inception+2010
78993,the godfather,1972,3,the+godfather+1972
2105,house,1977,4,house+1977
6053,alien,1979,3,alien+1979
96845,interstellar,2014,5,interstellar+2014
104907,star wars,1977,4,star+wars+1977
76889,the godfather,1972,4,the+godfather+1972
124822,raiders of the lost ark,1981,5,raiders+of+the+lost+ark+1981
14700,howls moving castle,2004,4,howls+moving+castle+2004
109145,take care of my cat,2001,4,take+care+of+my+cat+2001
11216,star wars,1977,3,star+wars+1977
130111,the dark knight,2008,5,the+dark+knight+2008
144148,i_ robot,2004,5,i_+robot+2004
108313,sixteen candles,1984,3,sixteen+candles+1984
125129,the devil wears prada,2006,2,the+devil+wears+prada+2006
29760,inception,2010,5,inception+2010
22712,hamlet,1996,4,hamlet+1996
128356,up,2009,4,up+2009
52312,coraline,2009,5,coraline+2009
3907,alien,1979,4,alien+1979
10628,up,2009,4,up+2009
42258,howls moving castle,2004,4,howls+moving+castle+2004
60945,raiders of the lost ark,1981,4,raiders+of+the+lost+ark+1981
48381,vice,2015,3,vice+2015
136717,raiders of the lost ark,1981,5,raiders+of+the+lost+ark+1981
149569,easy living,1937,3,easy+living+1937
122011,the godfather,1972,4,the+godfather+1972
50865,one flew over the cuckoos nest,1975,4,one+flew+over+the+cuckoos+nest+1975
137286,monty python and the holy grail,1975,4,monty+python+and+the+holy+grail+1975
131558,avatar,2009,3,avatar+2009
146041,norma rae,1979,3,norma+rae+1979
53083,star wars,1977,5,star+wars+1977
33247,my neighbor totoro,1988,5,my+neighbor+totoro+1988
87546,the shawshank redemption,1994,5,the+shawshank+redemption+1994
25198,my neighbor totoro,1988,4,my+neighbor+totoro+1988
48297,iron man,2008,3,iron+man+2008
50199,the terminator,1984,4,the+terminator+1984
147216,one flew over the cuckoos nest,1975,4,one+flew+over+the+cuckoos+nest+1975
26404,one flew over the cuckoos nest,1975,4,one+flew+over+the+cuckoos+nest+1975
74875,kevin  perry go large,2000,4,kevin++perry+go+large+2000
117551,finding nemo,2003,5,finding+nemo+2003
67720,off the map,2003,4,off+the+map+2003
145878,alien,1979,5,alien+1979
116993,the lord of the rings the fellowship of the ring,2001,4,the+lord+of+the+rings+the+fellowship+of+the+ring+2001
32415,monty python and the holy grail,1975,5,monty+python+and+the+holy+grail+1975
18276,the dark knight,2008,5,the+dark+knight+2008
61226,inception,2010,4,inception+2010
125245,once upon a time in china,1991,5,once+upon+a+time+in+china+1991
107135,up,2009,4,up+2009
30283,om jai jagadish,2002,4,om+jai+jagadish+2002
17286,friday the 13th,1980,4,friday+the+13th+1980
69652,whiplash,2014,3,whiplash+2014
64907,interstellar,2014,4,interstellar+2014
106497,how to succeed in business without really trying,1967,4,how+to+succeed+in+business+without+really+trying+1967
1148,animal crackers,1930,4,animal+crackers+1930
103717,the shawshank redemption,1994,4,the+shawshank+redemption+1994
1992,millers crossing,1990,4,millers+crossing+1990
141192,iron man,2008,5,iron+man+2008
50609,whiplash,2014,4,whiplash+2014
42395,guardians of the galaxy,2014,4,guardians+of+the+galaxy+2014
69468,inception,2010,3,inception+2010
95021,toy story 3,2010,4,toy+story+3+2010
32727,the lord of the rings the fellowship of the ring,2001,4,the+lord+of+the+rings+the+fellowship+of+the+ring+2001
6570,brute force,1947,4,brute+force+1947
146072,spirited away,2001,4,spirited+away+2001
38217,the shawshank redemption,1994,5,the+shawshank+redemption+1994
2856,guardians of the galaxy,2014,4,guardians+of+the+galaxy+2014
49770,star wars,1977,5,star+wars+1977
126025,a brighter summer day,1991,4,a+brighter+summer+day+1991
90862,the shawshank redemption,1994,4,the+shawshank+redemption+1994
84359,angels leap,1971,3,angels+leap+1971
54572,the lord of the rings the fellowship of the ring,2001,4,the+lord+of+the+rings+the+fellowship+of+the+ring+2001
90617,whiplash,2014,4,whiplash+2014
138667,raiders of the lost ark,1981,4,raiders+of+the+lost+ark+1981
133847,big hero 6,2014,4,big+hero+6+2014
10955,buck,2011,4,buck+2011
44129,whiplash,2014,4,whiplash+2014
35133,the shawshank redemption,1994,5,the+shawshank+redemption+1994
109650,inception,2010,4,inception+2010
111790,iron man,2008,5,iron+man+2008
123783,black gold,2011,4,black+gold+2011
6535,the godfather,1972,3,the+godfather+1972
131297,mudhoney,1965,4,mudhoney+1965
100290,land and freedom,1995,5,land+and+freedom+1995
44203,nausica of the valley of the wind,1984,4,nausica+of+the+valley+of+the+wind+1984
106736,the intouchables,2011,4,the+intouchables+2011
73792,airplane,1980,4,airplane+1980
69475,spirited away,2001,4,spirited+away+2001
103386,children of paradise,1945,4,children+of+paradise+1945
28981,the dark knight,2008,4,the+dark+knight+2008
110266,guardians of the galaxy,2014,3,guardians+of+the+galaxy+2014
114256,oasis,2002,3,oasis+2002
139898,the dark knight,2008,5,the+dark+knight+2008
59284,the bridge,2006,4,the+bridge+2006
18958,dolores claiborne,1995,4,dolores+claiborne+1995
77899,guardians of the galaxy,2014,4,guardians+of+the+galaxy+2014
38576,the strongest man in the world,1975,4,the+strongest+man+in+the+world+1975
125007,big hero 6,2014,3,big+hero+6+2014
26472,cat ballou,1965,4,cat+ballou+1965
2082,girlhood,2014,3,girlhood+2014
132270,howls moving castle,2004,3,howls+moving+castle+2004
66633,ponyo,2008,5,ponyo+2008
74924,up,2009,4,up+2009
74010,iron man,2008,4,iron+man+2008
122110,one flew over the cuckoos nest,1975,4,one+flew+over+the+cuckoos+nest+1975
33548,alien,1979,4,alien+1979
86384,this is the army,1943,4,this+is+the+army+1943
102647,whiplash,2014,4,whiplash+2014
129813,my neighbor totoro,1988,5,my+neighbor+totoro+1988
113126,the shawshank redemption,1994,5,the+shawshank+redemption+1994
118318,alien,1979,5,alien+1979
45135,the shawshank redemption,1994,4,the+shawshank+redemption+1994
144713,whiplash,2014,4,whiplash+2014
73499,interstellar,2014,4,interstellar+2014
81078,the executioner,1963,4,the+executioner+1963
121286,the godfather,1972,5,the+godfather+1972
2066,howls moving castle,2004,4,howls+moving+castle+2004
39223,the smiling madame beudet,1923,3,the+smiling+madame+beudet+1923
96964,guardians of the galaxy,2014,2,guardians+of+the+galaxy+2014
44670,fight club,1999,4,fight+club+1999
5542,the lord of the rings the fellowship of the ring,2001,4,the+lord+of+the+rings+the+fellowship+of+the+ring+2001
35988,raiders of the lost ark,1981,5,raiders+of+the+lost+ark+1981
35690,the twelve tasks of asterix,1976,3,the+twelve+tasks+of+asterix+1976
25780,kal ho naa ho,2003,3,kal+ho+naa+ho+2003
136834,my neighbor totoro,1988,4,my+neighbor+totoro+1988
53027,pirates of the caribbean the curse of the black pearl,2003,5,pirates+of+the+caribbean+the+curse+of+the+black+pearl+2003
148227,guardians of the galaxy,2014,5,guardians+of+the+galaxy+2014
143367,inception,2010,5,inception+2010
117990,raiders of the lost ark,1981,4,raiders+of+the+lost+ark+1981
148733,iron man 3,2013,5,iron+man+3+2013
70820,interstellar,2014,4,interstellar+2014
88167,american hustle,2013,5,american+hustle+2013
10969,toy story,1995,4,toy+story+1995
31075,pittsburgh,1942,4,pittsburgh+1942
64569,the godfather,1972,3,the+godfather+1972
145513,ratatouille,2007,4,ratatouille+2007
59048,my neighbor totoro,1988,3,my+neighbor+totoro+1988
16405,raiders of the lost ark,1981,4,raiders+of+the+lost+ark+1981
138086,guardians of the galaxy,2014,4,guardians+of+the+galaxy+2014
115380,the dark knight,2008,5,the+dark+knight+2008
146346,spirited away,2001,4,spirited+away+2001
77133,my neighbor totoro,1988,4,my+neighbor+totoro+1988
100761,crime busters,1977,3,crime+busters+1977
109155,big hero 6,2014,3,big+hero+6+2014
61333,a flower,1971,3,a+flower+1971
48569,iron man,2008,4,iron+man+2008
144708,toy story,1995,5,toy+story+1995
101456,questo piccolo grande amore,2009,3,questo+piccolo+grande+amore+2009
70348,howls moving castle,2004,3,howls+moving+castle+2004
60593,coraline,2009,3,coraline+2009
124675,one flew over the cuckoos nest,1975,4,one+flew+over+the+cuckoos+nest+1975
136384,alien,1979,4,alien+1979
118442,the browning version,1951,4,the+browning+version+1951
65420,the dark knight,2008,4,the+dark+knight+2008
26389,alien,1979,5,alien+1979
52418,black orpheus,1959,4,black+orpheus+1959
118474,1201 pm,1990,4,1201+pm+1990
69335,spirited away,2001,4,spirited+away+2001
5861,intruder in the dust,1949,4,intruder+in+the+dust+1949
36866,the words,2012,5,the+words+2012
118457,inception,2010,4,inception+2010
49353,cremaster 5,1997,4,cremaster+5+1997
45340,raiders of the lost ark,1981,5,raiders+of+the+lost+ark+1981
105049,coraline,2009,3,coraline+2009
85789,big hero 6,2014,5,big+hero+6+2014
28319,despicable me 2,2013,4,despicable+me+2+2013
116074,the dark knight,2008,5,the+dark+knight+2008
106708,the dark knight,2008,4,the+dark+knight+2008
145385,whiplash,2014,4,whiplash+2014
29446,up,2009,4,up+2009
63532,sleeping beauty,1959,4,sleeping+beauty+1959
66089,three strangers,1946,5,three+strangers+1946
30412,inception,2010,3,inception+2010
86160,up,2009,4,up+2009
27073,star wars,1977,3,star+wars+1977
53405,up,2009,5,up+2009
9212,escanaba in da moonlight,2001,4,escanaba+in+da+moonlight+2001
65056,the shawshank redemption,1994,4,the+shawshank+redemption+1994
98287,upperworld,1934,4,upperworld+1934
142088,whisper of the heart,1995,4,whisper+of+the+heart+1995
5446,batman begins,2005,5,batman+begins+2005
84127,spirited away,2001,4,spirited+away+2001
54176,the hamiltons,2006,3,the+hamiltons+2006
121526,the shawshank redemption,1994,5,the+shawshank+redemption+1994
142035,scent of a woman,1992,5,scent+of+a+woman+1992
138412,monty python and the holy grail,1975,3,monty+python+and+the+holy+grail+1975
139476,interstellar,2014,4,interstellar+2014
40206,monty python and the holy grail,1975,5,monty+python+and+the+holy+grail+1975
114176,the incredibles,2004,4,the+incredibles+2004
38977,the shawshank redemption,1994,5,the+shawshank+redemption+1994
95378,the open road,1926,2,the+open+road+1926
112957,the shawshank redemption,1994,5,the+shawshank+redemption+1994
71539,whiplash,2014,4,whiplash+2014
68004,the shawshank redemption,1994,4,the+shawshank+redemption+1994
48260,up,2009,4,up+2009
82887,guardians of the galaxy,2014,4,guardians+of+the+galaxy+2014
39089,the godfather,1972,4,the+godfather+1972
141338,up,2009,4,up+2009
40518,the day the earth stood still,1951,4,the+day+the+earth+stood+still+1951
112245,star wars,1977,5,star+wars+1977
125354,up,2009,4,up+2009
31996,werckmeister harmonies,2000,3,werckmeister+harmonies+2000
17306,persuasion,2007,5,persuasion+2007
6275,cinderella,2015,4,cinderella+2015
128669,spirited away,2001,3,spirited+away+2001
82339,machuca,2004,4,machuca+2004
126198,the dark knight,2008,4,the+dark+knight+2008
149918,the shawshank redemption,1994,3,the+shawshank+redemption+1994
94836,alien,1979,5,alien+1979
28322,the dark knight,2008,4,the+dark+knight+2008
70178,raiders of the lost ark,1981,5,raiders+of+the+lost+ark+1981
111046,my neighbor totoro,1988,4,my+neighbor+totoro+1988
62072,the godfather,1972,5,the+godfather+1972
23633,bolt,2008,4,bolt+2008
102147,the shawshank redemption,1994,5,the+shawshank+redemption+1994
98469,one flew over the cuckoos nest,1975,5,one+flew+over+the+cuckoos+nest+1975
17673,moby dick,1956,3,moby+dick+1956
13709,to have and have not,1944,4,to+have+and+have+not+1944
158,spirited away,2001,5,spirited+away+2001
62275,x-men first class,2011,5,x-men+first+class+2011
97345,iron man,2008,4,iron+man+2008
72642,whiplash,2014,4,whiplash+2014
116312,raiders of the lost ark,1981,4,raiders+of+the+lost+ark+1981
54602,courage under fire,1996,3,courage+under+fire+1996
73121,the cameraman,1928,5,the+cameraman+1928
111835,raiders of the lost ark,1981,5,raiders+of+the+lost+ark+1981
3765,halloween,1978,3,halloween+1978
25505,ong-bak the thai warrior,2003,4,ong-bak+the+thai+warrior+2003
67846,pirates of the caribbean on stranger tides,2011,4,pirates+of+the+caribbean+on+stranger+tides+2011
123656,big hero 6,2014,4,big+hero+6+2014
137771,back street,1941,4,back+street+1941
6699,frankie  alice,2010,4,frankie++alice+2010
22771,the hobbit an unexpected journey,2012,4,the+hobbit+an+unexpected+journey+2012
12800,my neighbor totoro,1988,5,my+neighbor+totoro+1988
15694,guardians of the galaxy,2014,4,guardians+of+the+galaxy+2014
101408,star wars,1977,4,star+wars+1977
19975,iron man 3,2013,4,iron+man+3+2013
111188,the dark knight,2008,5,the+dark+knight+2008
77127,wild target,2010,4,wild+target+2010
57751,the dark knight,2008,5,the+dark+knight+2008
84626,murder over new york,1940,4,murder+over+new+york+1940
60599,the man from elysian fields,2001,4,the+man+from+elysian+fields+2001
77816,spirited away,2001,5,spirited+away+2001
112563,stalag 17,1953,5,stalag+17+1953
82006,big hero 6,2014,4,big+hero+6+2014
41338,one flew over the cuckoos nest,1975,4,one+flew+over+the+cuckoos+nest+1975
104074,watership down,1978,5,watership+down+1978
87309,gladiator,2000,5,gladiator+2000
13044,mademoiselle chambon,2009,4,mademoiselle+chambon+2009
107419,moving mcallister,2007,3,moving+mcallister+2007
37016,crippled avengers,1978,4,crippled+avengers+1978
92296,hellboy ii the golden army,2008,3,hellboy+ii+the+golden+army+2008
148908,finders fee,2001,4,finders+fee+2001
70500,miss potter,2006,2,miss+potter+2006
102196,raiders of the lost ark,1981,5,raiders+of+the+lost+ark+1981
44799,alien,1979,4,alien+1979
149694,howls moving castle,2004,4,howls+moving+castle+2004
108403,the lord of the rings the fellowship of the ring,2001,5,the+lord+of+the+rings+the+fellowship+of+the+ring+2001
51024,leon the professional,1994,5,leon+the+professional+1994
80632,the lord of the rings the fellowship of the ring,2001,4,the+lord+of+the+rings+the+fellowship+of+the+ring+2001
132742,shutter island,2010,4,shutter+island+2010
119762,deep water,2006,4,deep+water+2006
143434,princess orourke,1943,3,princess+orourke+1943
164,x-men days of future past,2014,5,x-men+days+of+future+past+2014
55261,the matrix,1999,5,the+matrix+1999
88861,monty python and the holy grail,1975,4,monty+python+and+the+holy+grail+1975
148158,whiplash,2014,4,whiplash+2014
136697,dischord,2001,4,dischord+2001
11462,one flew over the cuckoos nest,1975,3,one+flew+over+the+cuckoos+nest+1975
28877,the godfather,1972,4,the+godfather+1972
26895,the adventures of tom sawyer,1938,4,the+adventures+of+tom+sawyer+1938
75869,terminator 2 judgment day,1991,5,terminator+2+judgment+day+1991
27957,the godfather,1972,4,the+godfather+1972
73478,interstellar,2014,4,interstellar+2014
74987,raiders of the lost ark,1981,5,raiders+of+the+lost+ark+1981
17240,raiders of the lost ark,1981,5,raiders+of+the+lost+ark+1981
105437,inception,2010,5,inception+2010
64677,monty python and the holy grail,1975,5,monty+python+and+the+holy+grail+1975
63452,fortress of war,2010,4,fortress+of+war+2010
40166,harry potter and the half-blood prince,2009,3,harry+potter+and+the+half-blood+prince+2009
80212,one flew over the cuckoos nest,1975,3,one+flew+over+the+cuckoos+nest+1975
18487,big hero 6,2014,4,big+hero+6+2014
13776,mostly martha,2001,4,mostly+martha+2001
65053,interstellar,2014,3,interstellar+2014
44027,big hero 6,2014,4,big+hero+6+2014
108915,a fantastic fear of everything,2012,5,a+fantastic+fear+of+everything+2012
10797,shrek 2,2004,4,shrek+2+2004
89759,hellboy ii the golden army,2008,3,hellboy+ii+the+golden+army+2008
33047,howls moving castle,2004,4,howls+moving+castle+2004
103943,big hero 6,2014,4,big+hero+6+2014
123453,monty python and the holy grail,1975,4,monty+python+and+the+holy+grail+1975
77231,back to the future,1985,4,back+to+the+future+1985
48086,guardians of the galaxy,2014,4,guardians+of+the+galaxy+2014
140941,among wolves,2010,4,among+wolves+2010
61611,howls moving castle,2004,3,howls+moving+castle+2004
89258,the dark knight,2008,4,the+dark+knight+2008
135325,the long voyage home,1940,4,the+long+voyage+home+1940
16484,howls moving castle,2004,4,howls+moving+castle+2004
83664,constantine,2005,5,constantine+2005
139670,shy people,1987,4,shy+people+1987
62489,raiders of the lost ark,1981,5,raiders+of+the+lost+ark+1981
127189,the shawshank redemption,1994,5,the+shawshank+redemption+1994
133658,monty python and the holy grail,1975,4,monty+python+and+the+holy+grail+1975
82818,guardians of the galaxy,2014,4,guardians+of+the+galaxy+2014
78574,tumbleweeds,1999,4,tumbleweeds+1999
7515,staggered,1994,4,staggered+1994
29031,the hanoi hilton,1987,4,the+hanoi+hilton+1987
1731,inception,2010,4,inception+2010
92863,educating rita,1983,4,educating+rita+1983
6621,the lord of the rings the fellowship of the ring,2001,4,the+lord+of+the+rings+the+fellowship+of+the+ring+2001
84325,the man on the roof,1976,4,the+man+on+the+roof+1976
47505,rage of honor,1987,3,rage+of+honor+1987
82757,the godfather,1972,5,the+godfather+1972
80430,the dark knight,2008,4,the+dark+knight+2008
143665,the lord of the rings the fellowship of the ring,2001,5,the+lord+of+the+rings+the+fellowship+of+the+ring+2001
75934,monty python and the holy grail,1975,4,monty+python+and+the+holy+grail+1975
85566,one flew over the cuckoos nest,1975,4,one+flew+over+the+cuckoos+nest+1975
99813,the hobbit an unexpected journey,2012,2,the+hobbit+an+unexpected+journey+2012
112017,raiders of the lost ark,1981,4,raiders+of+the+lost+ark+1981
20417,the blue dahlia,1946,3,the+blue+dahlia+1946
54657,raiders of the lost ark,1981,5,raiders+of+the+lost+ark+1981
141969,the shawshank redemption,1994,4,the+shawshank+redemption+1994
2501,submarine,1928,3,submarine+1928
104916,the godfather,1972,4,the+godfather+1972
97877,up,2009,3,up+2009
86187,casino royale,2006,3,casino+royale+2006
103621,harry potter and the goblet of fire,2005,3,harry+potter+and+the+goblet+of+fire+2005
47797,star wars,1977,4,star+wars+1977
80238,inception,2010,3,inception+2010
82421,alien,1979,4,alien+1979
145300,playtime,1967,3,playtime+1967
104356,proof,2005,4,proof+2005
14334,my neighbor totoro,1988,5,my+neighbor+totoro+1988
76644,coraline,2009,3,coraline+2009
7203,the dark knight,2008,3,the+dark+knight+2008
6262,shooting war,2000,3,shooting+war+2000
10242,cheeky,2000,3,cheeky+2000
49055,if a tree falls a story of the earth liberation front,2011,4,if+a+tree+falls+a+story+of+the+earth+liberation+front+2011
147760,the count of monte cristo,1934,5,the+count+of+monte+cristo+1934
126939,louis c.k. shameless,2007,5,louis+c.k.+shameless+2007
40025,what lies beneath,2000,3,what+lies+beneath+2000
50513,trick r treat,2007,3,trick+r+treat+2007
108902,cold turkey,1971,3,cold+turkey+1971
99829,big hero 6,2014,4,big+hero+6+2014
137344,the godfather,1972,5,the+godfather+1972
11542,raiders of the lost ark,1981,5,raiders+of+the+lost+ark+1981
124805,the godfather,1972,4,the+godfather+1972
64580,frozen,2013,4,frozen+2013
114557,i am bruce lee,2012,4,i+am+bruce+lee+2012
100423,guardians of the galaxy,2014,5,guardians+of+the+galaxy+2014
113561,iron man,2008,4,iron+man+2008
86903,united states of secrets part one the program,2014,3,united+states+of+secrets+part+one+the+program+2014
47550,spirited away,2001,5,spirited+away+2001
109615,tracers,2015,4,tracers+2015
23619,whos afraid of virginia woolf,1966,4,whos+afraid+of+virginia+woolf+1966
20253,the lawless breed,1953,5,the+lawless+breed+1953
44880,big hero 6,2014,4,big+hero+6+2014
52736,raiders of the lost ark,1981,4,raiders+of+the+lost+ark+1981
37868,while the city sleeps,1956,3,while+the+city+sleeps+1956
9403,maleficent,2014,3,maleficent+2014
38056,the devil wears prada,2006,4,the+devil+wears+prada+2006
27754,the godfather,1972,4,the+godfather+1972
10886,the craft,1996,4,the+craft+1996
86423,star wars,1977,5,star+wars+1977
118568,safe,2012,5,safe+2012
65215,the shawshank redemption,1994,5,the+shawshank+redemption+1994
31500,the shawshank redemption,1994,5,the+shawshank+redemption+1994
132802,spirited away,2001,4,spirited+away+2001
118881,interstellar,2014,4,interstellar+2014
73334,spirited away,2001,4,spirited+away+2001
103685,big hero 6,2014,3,big+hero+6+2014
103447,the babysitters,2007,5,the+babysitters+2007
49988,dead presidents,1995,2,dead+presidents+1995
2125,margaret,2011,4,margaret+2011
55173,wisconsin death trip,1999,4,wisconsin+death+trip+1999
12967,house hunting,2013,3,house+hunting+2013
15199,one flew over the cuckoos nest,1975,4,one+flew+over+the+cuckoos+nest+1975
123428,the dark knight,2008,4,the+dark+knight+2008
109136,alien,1979,5,alien+1979
1790,coraline,2009,4,coraline+2009
104765,six shooter,2004,3,six+shooter+2004
31870,whiplash,2014,5,whiplash+2014
46845,vibes,1988,2,vibes+1988
26602,coraline,2009,3,coraline+2009
73181,whiplash,2014,5,whiplash+2014
29784,the shawshank redemption,1994,5,the+shawshank+redemption+1994
91314,it follows,2015,4,it+follows+2015
126562,wondrous oblivion,2004,3,wondrous+oblivion+2004
123726,in july,2000,5,in+july+2000
72017,iron man,2008,4,iron+man+2008
132720,the adventures of buckaroo banzai across the 8th dimension,1984,4,the+adventures+of+buckaroo+banzai+across+the+8th+dimension+1984
13866,the chorus,1982,4,the+chorus+1982
3549,la notte,1961,4,la+notte+1961
50026,iron man,2008,4,iron+man+2008
63082,seven invisible men,2005,3,seven+invisible+men+2005
97812,my son,2006,3,my+son+2006
20461,flypaper,2011,4,flypaper+2011
31647,tunnel rats,2008,3,tunnel+rats+2008
53224,whiplash,2014,5,whiplash+2014
72102,inception,2010,5,inception+2010
40922,valley of the dolls,1967,3,valley+of+the+dolls+1967
138590,a league of their own,1992,4,a+league+of+their+own+1992
147221,howls moving castle,2004,5,howls+moving+castle+2004
51034,the age of the earth,1980,3,the+age+of+the+earth+1980
110565,iron man,2008,4,iron+man+2008
57369,the dark knight,2008,4,the+dark+knight+2008
147603,inception,2010,4,inception+2010
61681,three smart girls grow up,1939,2,three+smart+girls+grow+up+1939
97238,walle,2008,4,walle+2008
60466,coraline,2009,3,coraline+2009
21920,spirited away,2001,4,spirited+away+2001
122073,first comes love,2013,3,first+comes+love+2013
106658,toy story,1995,3,toy+story+1995
76625,crumb,1994,5,crumb+1994
8232,beetlejuice,1988,4,beetlejuice+1988
130136,star wars episode ii - attack of the clones,2002,3,star+wars+episode+ii+-+attack+of+the+clones+2002
110356,americaneast,2008,4,americaneast+2008
139889,six days seven nights,1998,3,six+days+seven+nights+1998
144157,blade runner,1982,4,blade+runner+1982
104089,le grand soir,2012,4,le+grand+soir+2012
49777,monty python and the holy grail,1975,4,monty+python+and+the+holy+grail+1975
89518,war-gods of the deep,1965,4,war-gods+of+the+deep+1965
65287,the emperor and the assassin,1998,2,the+emperor+and+the+assassin+1998
84472,the lord of the rings the fellowship of the ring,2001,4,the+lord+of+the+rings+the+fellowship+of+the+ring+2001
147381,batman begins,2005,4,batman+begins+2005
105173,the lord of the rings the fellowship of the ring,2001,5,the+lord+of+the+rings+the+fellowship+of+the+ring+2001
140417,dial m for murder,1954,4,dial+m+for+murder+1954
71020,the godfather,1972,5,the+godfather+1972
15384,remember me_ my love,2003,4,remember+me_+my+love+2003
9770,dial m for murder,1954,4,dial+m+for+murder+1954
111793,star wars,1977,4,star+wars+1977
7456,interstellar,2014,4,interstellar+2014
119080,alien,1979,4,alien+1979
40841,mad love,2001,4,mad+love+2001
58254,sin nombre,2009,3,sin+nombre+2009
73367,i accuse,1958,3,i+accuse+1958
139949,miss blue jeans,2012,4,miss+blue+jeans+2012
146450,monty python and the holy grail,1975,4,monty+python+and+the+holy+grail+1975
110915,spirited away,2001,5,spirited+away+2001
88309,up,2009,5,up+2009
111202,my neighbor totoro,1988,4,my+neighbor+totoro+1988
87451,guardians of the galaxy,2014,4,guardians+of+the+galaxy+2014
129331,iron man,2008,3,iron+man+2008
111913,mad dog coll,1961,3,mad+dog+coll+1961
13107,star wars,1977,5,star+wars+1977
110651,monty python and the holy grail,1975,3,monty+python+and+the+holy+grail+1975
23552,willy wonka  the chocolate factory,1971,4,willy+wonka++the+chocolate+factory+1971
123662,howls moving castle,2004,4,howls+moving+castle+2004
74793,veronica guerin,2003,3,veronica+guerin+2003
51589,hairspray,2007,4,hairspray+2007
100673,the parent trap,1998,4,the+parent+trap+1998
13532,alien,1979,4,alien+1979
128801,the shawshank redemption,1994,5,the+shawshank+redemption+1994
148741,flawless,2007,4,flawless+2007
74211,spirited away,2001,4,spirited+away+2001
52973,the all together,2007,3,the+all+together+2007
119012,kill bill vol. 1,2003,4,kill+bill+vol.+1+2003
134004,the shawshank redemption,1994,5,the+shawshank+redemption+1994
134128,raiders of the lost ark,1981,5,raiders+of+the+lost+ark+1981
57832,inception,2010,5,inception+2010
26880,avatar,2009,4,avatar+2009
106991,up,2009,4,up+2009
144839,reservoir dogs,1992,4,reservoir+dogs+1992
137208,one flew over the cuckoos nest,1975,5,one+flew+over+the+cuckoos+nest+1975
51091,the hand,1965,3,the+hand+1965
70166,the freshman,1990,5,the+freshman+1990
64412,secrets of a soul,1926,4,secrets+of+a+soul+1926
74060,fata morgana,1971,4,fata+morgana+1971
21589,tomorrow_ when the war began,2010,4,tomorrow_+when+the+war+began+2010
72408,guardians of the galaxy,2014,3,guardians+of+the+galaxy+2014
148529,fight club,1999,5,fight+club+1999
16763,the shawshank redemption,1994,3,the+shawshank+redemption+1994
89151,the lord of the rings the fellowship of the ring,2001,5,the+lord+of+the+rings+the+fellowship+of+the+ring+2001
112010,coraline,2009,4,coraline+2009
123148,raiders of the lost ark,1981,5,raiders+of+the+lost+ark+1981
104252,interstellar,2014,4,interstellar+2014
7324,howls moving castle,2004,5,howls+moving+castle+2004
101506,year of the gun,1991,3,year+of+the+gun+1991
90735,killing zoe,1993,2,killing+zoe+1993
42984,the dark knight,2008,4,the+dark+knight+2008
74722,the shawshank redemption,1994,5,the+shawshank+redemption+1994
115382,the shawshank redemption,1994,4,the+shawshank+redemption+1994
98186,blood of dracula,1957,3,blood+of+dracula+1957
14529,the basketball diaries,1995,4,the+basketball+diaries+1995
87103,the shawshank redemption,1994,3,the+shawshank+redemption+1994
126669,monty python and the holy grail,1975,4,monty+python+and+the+holy+grail+1975
145328,star wars,1977,4,star+wars+1977
75157,spirited away,2001,4,spirited+away+2001
78948,the lord of the rings the two towers,2002,4,the+lord+of+the+rings+the+two+towers+2002
53898,raiders of the lost ark,1981,4,raiders+of+the+lost+ark+1981
46922,rocket science,2007,5,rocket+science+2007
29960,howls moving castle,2004,3,howls+moving+castle+2004
6383,monty python and the holy grail,1975,5,monty+python+and+the+holy+grail+1975
71542,toy story,1995,4,toy+story+1995
44417,intimacy,2001,4,intimacy+2001
111245,the godfather,1972,4,the+godfather+1972
72616,o brother_ where art thou,2000,4,o+brother_+where+art+thou+2000
15895,todays special,2009,4,todays+special+2009
41921,big hero 6,2014,3,big+hero+6+2014
49654,the story of robin hood and his merrie men,1952,4,the+story+of+robin+hood+and+his+merrie+men+1952
4673,snow white and the seven dwarfs,1937,4,snow+white+and+the+seven+dwarfs+1937
4428,the sunchaser,1996,3,the+sunchaser+1996
126444,up,2009,4,up+2009
46042,10 000 timmar,2014,4,10+000+timmar+2014
43261,up,2009,4,up+2009
62695,whiplash,2014,5,whiplash+2014
18718,empire,1964,4,empire+1964
134508,walle,2008,5,walle+2008
49102,the godfather,1972,5,the+godfather+1972
130621,akira,1988,3,akira+1988
53417,interstellar,2014,4,interstellar+2014
42763,raiders of the lost ark,1981,4,raiders+of+the+lost+ark+1981
82232,buttcrack,1998,4,buttcrack+1998
82426,the dark knight rises,2012,4,the+dark+knight+rises+2012
30409,howls moving castle,2004,4,howls+moving+castle+2004
65834,pirates of the caribbean the curse of the black pearl,2003,4,pirates+of+the+caribbean+the+curse+of+the+black+pearl+2003
24584,the cheyenne social club,1970,3,the+cheyenne+social+club+1970
973,the lord of the rings the fellowship of the ring,2001,5,the+lord+of+the+rings+the+fellowship+of+the+ring+2001
49256,the year without a santa claus,1974,4,the+year+without+a+santa+claus+1974
142410,one flew over the cuckoos nest,1975,5,one+flew+over+the+cuckoos+nest+1975
147718,the lord of the rings the fellowship of the ring,2001,5,the+lord+of+the+rings+the+fellowship+of+the+ring+2001
41688,alien,1979,4,alien+1979
51408,alien,1979,5,alien+1979
90832,coraline,2009,4,coraline+2009
121327,devil hunter,1980,3,devil+hunter+1980
31233,spirited away,2001,2,spirited+away+2001
61046,iron man,2008,3,iron+man+2008
29723,mikes new car,2002,4,mikes+new+car+2002
108259,guardians of the galaxy,2014,3,guardians+of+the+galaxy+2014
14332,whiplash,2014,5,whiplash+2014
27483,the godfather,1972,4,the+godfather+1972
48868,monty python and the holy grail,1975,5,monty+python+and+the+holy+grail+1975
6363,star wars,1977,4,star+wars+1977
128455,all the way boys,1972,3,all+the+way+boys+1972
55056,crumb,1994,4,crumb+1994
115533,alien,1979,4,alien+1979
133572,my neighbor totoro,1988,5,my+neighbor+totoro+1988
75490,the last farm,2004,4,the+last+farm+2004
135430,alien,1979,5,alien+1979
109372,burlesque,2010,3,burlesque+2010
117898,one flew over the cuckoos nest,1975,3,one+flew+over+the+cuckoos+nest+1975
100045,the shawshank redemption,1994,4,the+shawshank+redemption+1994
98790,my neighbor totoro,1988,4,my+neighbor+totoro+1988
80326,the apocalypse,2002,2,the+apocalypse+2002
142027,coraline,2009,3,coraline+2009
25740,howls moving castle,2004,4,howls+moving+castle+2004
1021,my neighbor totoro,1988,4,my+neighbor+totoro+1988
100847,interstellar,2014,5,interstellar+2014
111300,munger road,2011,3,munger+road+2011
62473,the merchant of venice,2004,3,the+merchant+of+venice+2004
63829,forgetting sarah marshall,2008,4,forgetting+sarah+marshall+2008
31164,the curse of the werewolf,1961,3,the+curse+of+the+werewolf+1961
91987,monty python and the holy grail,1975,4,monty+python+and+the+holy+grail+1975
83497,leon the professional,1994,3,leon+the+professional+1994
28735,la moiti gauche du frigo,2000,3,la+moiti+gauche+du+frigo+2000
53653,the godfather,1972,4,the+godfather+1972
25687,coraline,2009,4,coraline+2009
147670,the dark knight,2008,4,the+dark+knight+2008
136576,trees lounge,1996,5,trees+lounge+1996
95603,iron man,2008,5,iron+man+2008
6571,up,2009,4,up+2009
54822,big hero 6,2014,4,big+hero+6+2014
28949,coraline,2009,4,coraline+2009
100373,the dark knight,2008,4,the+dark+knight+2008
14365,one flew over the cuckoos nest,1975,4,one+flew+over+the+cuckoos+nest+1975
45275,lady and the tramp,1955,4,lady+and+the+tramp+1955
46748,the lord of the rings the fellowship of the ring,2001,5,the+lord+of+the+rings+the+fellowship+of+the+ring+2001
34411,my neighbor totoro,1988,5,my+neighbor+totoro+1988
134936,libel,1959,4,libel+1959
127334,the shawshank redemption,1994,4,the+shawshank+redemption+1994
53286,one week,2008,4,one+week+2008
88130,thieves like us,1974,3,thieves+like+us+1974
6060,national theatre live frankenstein,2011,3,national+theatre+live+frankenstein+2011
140635,spirited away,2001,5,spirited+away+2001
128471,the godfather,1972,4,the+godfather+1972
95268,the godfather,1972,5,the+godfather+1972
15402,prosperos books,1991,4,prosperos+books+1991
149280,dial m for murder,1954,5,dial+m+for+murder+1954
2894,the shawshank redemption,1994,5,the+shawshank+redemption+1994
16451,whiplash,2014,5,whiplash+2014
131382,the defiant ones,1958,3,the+defiant+ones+1958
146361,big hero 6,2014,5,big+hero+6+2014
135539,titanic,1996,3,titanic+1996
55687,the true meaning of christmas specials,2002,3,the+true+meaning+of+christmas+specials+2002
62101,the car,1977,5,the+car+1977
142296,alien,1979,5,alien+1979
25132,alien,1979,4,alien+1979
118762,big hero 6,2014,4,big+hero+6+2014
107706,seven samurai,1954,4,seven+samurai+1954
65636,coraline,2009,3,coraline+2009
118126,coraline,2009,3,coraline+2009
112447,the shawshank redemption,1994,5,the+shawshank+redemption+1994
32837,up,2009,4,up+2009
106940,coraline,2009,4,coraline+2009
1812,guardians of the galaxy,2014,5,guardians+of+the+galaxy+2014
142257,the godfather,1972,4,the+godfather+1972
100403,monty python and the holy grail,1975,4,monty+python+and+the+holy+grail+1975
137444,howls moving castle,2004,5,howls+moving+castle+2004
15180,the godfather,1972,4,the+godfather+1972
29167,2001 a space odyssey,1968,3,2001+a+space+odyssey+1968
149198,the adventures of huckleberry finn,1939,3,the+adventures+of+huckleberry+finn+1939
86994,the cat returns,2002,5,the+cat+returns+2002
27050,up,2009,4,up+2009
31681,the adventures of andr and wally b.,1984,4,the+adventures+of+andr+and+wally+b.+1984
13354,the godfather,1972,5,the+godfather+1972
49896,after porn ends,2012,4,after+porn+ends+2012
61362,inception,2010,4,inception+2010
140486,the garden,1990,5,the+garden+1990
78269,my neighbor totoro,1988,5,my+neighbor+totoro+1988
85125,the devil_ probably,1977,4,the+devil_+probably+1977
93388,tarzan and his mate,1934,3,tarzan+and+his+mate+1934
110288,heavy metal in baghdad,2007,3,heavy+metal+in+baghdad+2007
45941,alien nation,1988,5,alien+nation+1988
10350,alien,1979,5,alien+1979
92211,one flew over the cuckoos nest,1975,5,one+flew+over+the+cuckoos+nest+1975
35992,my neighbor totoro,1988,4,my+neighbor+totoro+1988
131398,queen christina,1933,5,queen+christina+1933
51841,street fighter ii the animated movie,1994,3,street+fighter+ii+the+animated+movie+1994
109207,the hobbit the desolation of smaug,2013,3,the+hobbit+the+desolation+of+smaug+2013
61770,pulp fiction,1994,5,pulp+fiction+1994
136587,the lord of the rings the two towers,2002,5,the+lord+of+the+rings+the+two+towers+2002
20425,the shawshank redemption,1994,4,the+shawshank+redemption+1994
134701,sherlock holmes a game of shadows,2011,4,sherlock+holmes+a+game+of+shadows+2011
69108,the godfather,1972,4,the+godfather+1972
12805,big hero 6,2014,4,big+hero+6+2014
22781,age of the dragons,2011,3,age+of+the+dragons+2011
117765,ball of fire,1941,5,ball+of+fire+1941
31271,firestarter,1984,5,firestarter+1984
122374,the children of the century,1999,3,the+children+of+the+century+1999
17155,alien,1979,4,alien+1979
141968,one flew over the cuckoos nest,1975,4,one+flew+over+the+cuckoos+nest+1975
65161,the edukators,2004,5,the+edukators+2004
63572,spirited away,2001,5,spirited+away+2001
93816,alien,1979,4,alien+1979
130737,the shawshank redemption,1994,4,the+shawshank+redemption+1994
136151,julias eyes,2010,3,julias+eyes+2010
142545,iron man,2008,5,iron+man+2008
142575,sound of my voice,2011,4,sound+of+my+voice+2011
61899,monty python and the holy grail,1975,5,monty+python+and+the+holy+grail+1975
12219,raiders of the lost ark,1981,4,raiders+of+the+lost+ark+1981
125422,guardians of the galaxy,2014,4,guardians+of+the+galaxy+2014
87189,inception,2010,5,inception+2010
149411,whiplash,2014,4,whiplash+2014
125978,the godfather,1972,4,the+godfather+1972
17963,monty python and the holy grail,1975,4,monty+python+and+the+holy+grail+1975
28944,my neighbor totoro,1988,4,my+neighbor+totoro+1988
92356,my neighbor totoro,1988,4,my+neighbor+totoro+1988
72087,my neighbor totoro,1988,4,my+neighbor+totoro+1988
82338,my neighbor totoro,1988,4,my+neighbor+totoro+1988
66934,true lies,1994,4,true+lies+1994
34340,up,2009,5,up+2009
9116,inception,2010,4,inception+2010
101268,whiplash,2014,4,whiplash+2014
129389,big hero 6,2014,4,big+hero+6+2014
953,spirited away,2001,4,spirited+away+2001
51318,up,2009,4,up+2009
104796,one flew over the cuckoos nest,1975,4,one+flew+over+the+cuckoos+nest+1975
103361,howls moving castle,2004,3,howls+moving+castle+2004
103252,the godfather,1972,5,the+godfather+1972
5054,star wars,1977,4,star+wars+1977
66136,alien,1979,5,alien+1979
88813,my neighbor totoro,1988,4,my+neighbor+totoro+1988
76854,inception,2010,5,inception+2010
114718,chariots of fire,1981,4,chariots+of+fire+1981
118388,besotted,2001,4,besotted+2001
127146,beyond silence,1996,4,beyond+silence+1996
140349,beauty and the beast,1991,4,beauty+and+the+beast+1991
99522,the wizard of oz,1925,3,the+wizard+of+oz+1925
48715,croupier,1998,4,croupier+1998
86145,megamind,2010,5,megamind+2010
47525,fury,2014,4,fury+2014
138497,my neighbor totoro,1988,4,my+neighbor+totoro+1988
103853,the burmese harp,1956,3,the+burmese+harp+1956
68153,13 lakes,2004,4,13+lakes+2004
37015,all quiet on the western front,1979,3,all+quiet+on+the+western+front+1979
130681,a moment of innocence,1996,3,a+moment+of+innocence+1996
18921,star wars,1977,5,star+wars+1977
116987,peter pan,1953,5,peter+pan+1953
10945,lincoln,2012,4,lincoln+2012
30852,the war at home,1979,4,the+war+at+home+1979
19529,the lord of the rings the fellowship of the ring,2001,4,the+lord+of+the+rings+the+fellowship+of+the+ring+2001
22743,tell me and i will forget,2010,4,tell+me+and+i+will+forget+2010
55415,despicable me,2010,4,despicable+me+2010
58097,toy story,1995,4,toy+story+1995
24336,whiplash,2014,4,whiplash+2014
139219,up,2009,4,up+2009
31922,ponyo,2008,4,ponyo+2008
35247,fight club,1999,4,fight+club+1999
89037,spirited away,2001,5,spirited+away+2001
117056,raiders of the lost ark,1981,5,raiders+of+the+lost+ark+1981
147135,scarface,1983,4,scarface+1983
92712,spirited away,2001,4,spirited+away+2001
21189,the godfather,1972,4,the+godfather+1972
82165,the gods must be crazy ii,1989,4,the+gods+must+be+crazy+ii+1989
17985,song of the sea,2014,5,song+of+the+sea+2014
144757,big hero 6,2014,5,big+hero+6+2014
131291,elles,2011,4,elles+2011
32898,the truman show,1998,3,the+truman+show+1998
61340,the godfather,1972,5,the+godfather+1972
99594,top hat,1935,4,top+hat+1935
94113,blade runner,1982,5,blade+runner+1982
94864,up,2009,4,up+2009
77519,inception,2010,5,inception+2010
148450,iron man,2008,3,iron+man+2008
60948,one flew over the cuckoos nest,1975,5,one+flew+over+the+cuckoos+nest+1975
101240,the incredibles,2004,4,the+incredibles+2004
95565,the maze,2010,3,the+maze+2010
103547,alien,1979,4,alien+1979
26924,the shawshank redemption,1994,3,the+shawshank+redemption+1994
74595,the dark knight,2008,4,the+dark+knight+2008
24663,toy story,1995,5,toy+story+1995
121956,one flew over the cuckoos nest,1975,5,one+flew+over+the+cuckoos+nest+1975
134342,the lord of the rings the fellowship of the ring,2001,4,the+lord+of+the+rings+the+fellowship+of+the+ring+2001
79960,raiders of the lost ark,1981,5,raiders+of+the+lost+ark+1981
127845,loves of a blonde,1965,4,loves+of+a+blonde+1965
57899,my neighbor totoro,1988,4,my+neighbor+totoro+1988
113728,a girl cut in two,2007,4,a+girl+cut+in+two+2007
77960,8mm,1999,4,8mm+1999
127582,whiplash,2014,4,whiplash+2014
52738,vera cruz,1954,3,vera+cruz+1954
84009,the donner party,2009,4,the+donner+party+2009
106445,ice age continental drift,2012,4,ice+age+continental+drift+2012
127488,interstellar,2014,4,interstellar+2014
108032,inception,2010,4,inception+2010
107224,harry potter and the prisoner of azkaban,2004,5,harry+potter+and+the+prisoner+of+azkaban+2004
106989,monty python and the holy grail,1975,3,monty+python+and+the+holy+grail+1975
35150,raiders of the lost ark,1981,4,raiders+of+the+lost+ark+1981
83000,the shawshank redemption,1994,5,the+shawshank+redemption+1994
116350,death on the nile,1978,4,death+on+the+nile+1978
27095,whiplash,2014,5,whiplash+2014
85273,il figlio dello sceicco,1977,3,il+figlio+dello+sceicco+1977
116606,whiplash,2014,5,whiplash+2014
77655,the ninth gate,1999,3,the+ninth+gate+1999
105755,the night strangler,1973,3,the+night+strangler+1973
10991,e.t. the extra-terrestrial,1982,3,e.t.+the+extra-terrestrial+1982
57827,spirited away,2001,5,spirited+away+2001
11165,my neighbor totoro,1988,4,my+neighbor+totoro+1988
94769,detroit rock city,1999,3,detroit+rock+city+1999
140073,x-men days of future past,2014,5,x-men+days+of+future+past+2014
5346,my neighbor totoro,1988,4,my+neighbor+totoro+1988
6757,howls moving castle,2004,5,howls+moving+castle+2004
40411,la vie en rose,2007,4,la+vie+en+rose+2007
50533,adventures of captain marvel,1941,4,adventures+of+captain+marvel+1941
116018,e.t. the extra-terrestrial,1982,5,e.t.+the+extra-terrestrial+1982
24034,the incite mill,2010,3,the+incite+mill+2010
128037,miss sadie thompson,1953,4,miss+sadie+thompson+1953
140674,the shawshank redemption,1994,5,the+shawshank+redemption+1994
110707,gladiator,2000,4,gladiator+2000
114432,the woman who wasnt there,2012,2,the+woman+who+wasnt+there+2012
5517,raiders of the lost ark,1981,5,raiders+of+the+lost+ark+1981
86035,escape to witch mountain,1975,3,escape+to+witch+mountain+1975
140082,earthquake,1974,3,earthquake+1974
34974,raiders of the lost ark,1981,5,raiders+of+the+lost+ark+1981
119158,the sheriff and the satellite kid,1979,3,the+sheriff+and+the+satellite+kid+1979
84923,howls moving castle,2004,4,howls+moving+castle+2004
121215,gilda,1946,5,gilda+1946
89111,up,2009,4,up+2009
99440,saint joan,1957,4,saint+joan+1957
121510,cool hand luke,1967,4,cool+hand+luke+1967
105022,raiders of the lost ark,1981,4,raiders+of+the+lost+ark+1981
10474,thor the dark world,2013,3,thor+the+dark+world+2013
75084,harry potter and the order of the phoenix,2007,5,harry+potter+and+the+order+of+the+phoenix+2007
52703,gattaca,1997,4,gattaca+1997
87544,71,2014,4,71+2014
112868,the godfather,1972,5,the+godfather+1972
26492,the lion king,1994,5,the+lion+king+1994
78725,whiplash,2014,5,whiplash+2014
125169,the lord of the rings the fellowship of the ring,2001,4,the+lord+of+the+rings+the+fellowship+of+the+ring+2001
41933,interstellar,2014,4,interstellar+2014
107536,one flew over the cuckoos nest,1975,4,one+flew+over+the+cuckoos+nest+1975
10046,our folks,1967,3,our+folks+1967
33572,black sea,2014,3,black+sea+2014
31858,interstellar,2014,4,interstellar+2014
43231,north country,2005,4,north+country+2005
127120,bob roberts,1992,4,bob+roberts+1992
112578,the glass house,1972,4,the+glass+house+1972
25180,raiders of the lost ark,1981,4,raiders+of+the+lost+ark+1981
3793,the godfather,1972,4,the+godfather+1972
27280,the matrix,1999,3,the+matrix+1999
135567,underworld,1927,4,underworld+1927
60401,one flew over the cuckoos nest,1975,4,one+flew+over+the+cuckoos+nest+1975
106984,tree without leaves,1986,5,tree+without+leaves+1986
55776,the shawshank redemption,1994,5,the+shawshank+redemption+1994
44335,alien,1979,4,alien+1979
100145,monsters_ inc.,2001,4,monsters_+inc.+2001
17348,the unbelievable truth,1989,5,the+unbelievable+truth+1989
110231,big hero 6,2014,5,big+hero+6+2014
123384,pulp fiction,1994,5,pulp+fiction+1994
86354,crac,1981,3,crac+1981
84930,whiplash,2014,4,whiplash+2014
11545,inception,2010,2,inception+2010
56290,the shawshank redemption,1994,4,the+shawshank+redemption+1994
27912,enron the smartest guys in the room,2005,5,enron+the+smartest+guys+in+the+room+2005
93641,star wars,1977,5,star+wars+1977
49897,up,2009,4,up+2009
96207,whiplash,2014,4,whiplash+2014
50073,whiplash,2014,4,whiplash+2014
121486,one flew over the cuckoos nest,1975,4,one+flew+over+the+cuckoos+nest+1975
100516,the twelve tasks of asterix,1976,5,the+twelve+tasks+of+asterix+1976
71971,pulp fiction,1994,5,pulp+fiction+1994
24607,will it snow for christmas,1996,4,will+it+snow+for+christmas+1996
35625,the hunger games mockingjay - part 1,2014,3,the+hunger+games+mockingjay+-+part+1+2014
46949,ponyo,2008,4,ponyo+2008
36565,mabels married life,1914,4,mabels+married+life+1914
47288,monty python and the holy grail,1975,4,monty+python+and+the+holy+grail+1975
55199,star wars,1977,3,star+wars+1977
14982,inception,2010,4,inception+2010
74593,the hard way,1991,3,the+hard+way+1991
104962,coraline,2009,4,coraline+2009
34951,monty python and the holy grail,1975,4,monty+python+and+the+holy+grail+1975
43134,the godfather,1972,4,the+godfather+1972
14040,i hate mondays,1971,3,i+hate+mondays+1971
2474,avatar,2009,4,avatar+2009
22562,spirited away,2001,3,spirited+away+2001
110009,one flew over the cuckoos nest,1975,5,one+flew+over+the+cuckoos+nest+1975
134834,star wars,1977,4,star+wars+1977
61813,the unknown soldier,1955,5,the+unknown+soldier+1955
109782,sacred heart,2005,3,sacred+heart+2005
55600,the lord of the rings the fellowship of the ring,2001,4,the+lord+of+the+rings+the+fellowship+of+the+ring+2001
105448,monty python and the holy grail,1975,4,monty+python+and+the+holy+grail+1975
136096,monty python and the holy grail,1975,5,monty+python+and+the+holy+grail+1975
116053,take a giant step,1959,3,take+a+giant+step+1959
31968,the presidents man a line in the sand,2002,4,the+presidents+man+a+line+in+the+sand+2002
72586,my neighbor totoro,1988,5,my+neighbor+totoro+1988
98433,inception,2010,5,inception+2010
92779,big hero 6,2014,4,big+hero+6+2014
3174,star wars,1977,4,star+wars+1977
119086,cloud 9,2008,3,cloud+9+2008
121241,spirited away,2001,5,spirited+away+2001
114183,nightcrawler,2014,4,nightcrawler+2014
146322,the lord of the rings the fellowship of the ring,2001,5,the+lord+of+the+rings+the+fellowship+of+the+ring+2001
92262,the godfather,1972,5,the+godfather+1972
124035,one flew over the cuckoos nest,1975,4,one+flew+over+the+cuckoos+nest+1975
70248,salt,2010,4,salt+2010
104966,the godfather,1972,4,the+godfather+1972
18590,the right stuff,1983,3,the+right+stuff+1983
116022,cyclo,1995,4,cyclo+1995
40035,the shawshank redemption,1994,4,the+shawshank+redemption+1994
27201,alfie,1966,3,alfie+1966
97890,iron man,2008,5,iron+man+2008
70523,interstellar,2014,5,interstellar+2014
73395,raiders of the lost ark,1981,4,raiders+of+the+lost+ark+1981
54579,predator,1987,4,predator+1987
40438,iron man,2008,4,iron+man+2008
115811,bedazzled,2000,2,bedazzled+2000
598,four bags full,1956,3,four+bags+full+1956
146273,one flew over the cuckoos nest,1975,4,one+flew+over+the+cuckoos+nest+1975
88002,the good guy,2009,3,the+good+guy+2009
54700,monty python and the holy grail,1975,5,monty+python+and+the+holy+grail+1975
63022,the lord of the rings the return of the king,2003,3,the+lord+of+the+rings+the+return+of+the+king+2003
70939,iron man,2008,5,iron+man+2008
49600,batman under the red hood,2010,3,batman+under+the+red+hood+2010
116549,contact high,2009,3,contact+high+2009
11870,one flew over the cuckoos nest,1975,4,one+flew+over+the+cuckoos+nest+1975
79640,one flew over the cuckoos nest,1975,4,one+flew+over+the+cuckoos+nest+1975
19176,one flew over the cuckoos nest,1975,4,one+flew+over+the+cuckoos+nest+1975
93705,star wars,1977,3,star+wars+1977
78037,heaven knows_ mr. allison,1957,4,heaven+knows_+mr.+allison+1957
102971,the dark knight,2008,3,the+dark+knight+2008
6119,star wars,1977,4,star+wars+1977
14514,mickey_ donald_ goofy the three musketeers,2004,4,mickey_+donald_+goofy+the+three+musketeers+2004
22633,coraline,2009,4,coraline+2009
14615,the lord of the rings the fellowship of the ring,2001,5,the+lord+of+the+rings+the+fellowship+of+the+ring+2001
17025,the bad seed,1956,3,the+bad+seed+1956
66059,spirited away,2001,4,spirited+away+2001
22708,big hero 6,2014,4,big+hero+6+2014
80056,prison break the final break,2009,4,prison+break+the+final+break+2009
82740,raiders of the lost ark,1981,4,raiders+of+the+lost+ark+1981
64640,guardians of the galaxy,2014,3,guardians+of+the+galaxy+2014
10086,interstellar,2014,5,interstellar+2014
50864,the peach thief,1964,3,the+peach+thief+1964
144689,jack the ripper,1988,3,jack+the+ripper+1988
120201,howls moving castle,2004,4,howls+moving+castle+2004
64846,the shawshank redemption,1994,5,the+shawshank+redemption+1994
40969,my neighbor totoro,1988,4,my+neighbor+totoro+1988
112505,howls moving castle,2004,4,howls+moving+castle+2004
32031,exposed,1983,3,exposed+1983
22701,the cat returns,2002,3,the+cat+returns+2002
36948,the strange world of planet x,1958,4,the+strange+world+of+planet+x+1958
114577,the lord of the rings the fellowship of the ring,2001,4,the+lord+of+the+rings+the+fellowship+of+the+ring+2001
9118,star wars,1977,4,star+wars+1977
121159,spirited away,2001,4,spirited+away+2001
114043,20_000 days on earth,2014,3,20_000+days+on+earth+2014
83094,eden,2012,4,eden+2012
116307,csnydj vu,2008,2,csnydj+vu+2008
130489,coraline,2009,5,coraline+2009
67334,whiplash,2014,3,whiplash+2014
98679,the shawshank redemption,1994,4,the+shawshank+redemption+1994
46846,whiplash,2014,5,whiplash+2014
13345,goodfellas,1990,4,goodfellas+1990
29612,one flew over the cuckoos nest,1975,5,one+flew+over+the+cuckoos+nest+1975
21363,raise your voice,2004,3,raise+your+voice+2004
50845,james and the giant peach,1996,5,james+and+the+giant+peach+1996
91250,black plague,2002,4,black+plague+2002
16964,the avengers,2012,4,the+avengers+2012
149968,henrys crime,2010,3,henrys+crime+2010
62620,the lord of the rings the two towers,2002,4,the+lord+of+the+rings+the+two+towers+2002
19144,the dark knight,2008,4,the+dark+knight+2008
1426,alien,1979,3,alien+1979
22071,toy story 3,2010,4,toy+story+3+2010
52898,gitmo,2005,4,gitmo+2005
137082,die hard,1988,4,die+hard+1988
141725,alien,1979,4,alien+1979
27303,duck_ you sucker,1971,4,duck_+you+sucker+1971
91933,space pirate captain harlock,2013,3,space+pirate+captain+harlock+2013
64722,the shawshank redemption,1994,5,the+shawshank+redemption+1994
11548,satan,2006,3,satan+2006
113850,crossing the bridge the sound of istanbul,2005,4,crossing+the+bridge+the+sound+of+istanbul+2005
68742,guardians of the galaxy,2014,4,guardians+of+the+galaxy+2014
66155,garden state,2004,5,garden+state+2004
61982,the wizard of oz,1939,4,the+wizard+of+oz+1939
20163,star wars,1977,4,star+wars+1977
9662,with fire and sword,1999,4,with+fire+and+sword+1999
14179,the machinist,2004,5,the+machinist+2004
65484,interstellar,2014,4,interstellar+2014
17366,whiplash,2014,4,whiplash+2014
11530,my neighbor totoro,1988,4,my+neighbor+totoro+1988
37378,star wars,1977,5,star+wars+1977
102961,inception,2010,4,inception+2010
139302,raiders of the lost ark,1981,4,raiders+of+the+lost+ark+1981
255,guardians of the galaxy,2014,3,guardians+of+the+galaxy+2014
43668,guardians of the galaxy,2014,4,guardians+of+the+galaxy+2014
8749,eden of the east movie i the king of eden,2009,3,eden+of+the+east+movie+i+the+king+of+eden+2009
69006,raiders of the lost ark,1981,5,raiders+of+the+lost+ark+1981
83685,repo men,2010,4,repo+men+2010
742,the dark knight,2008,5,the+dark+knight+2008
28287,the godfather,1972,4,the+godfather+1972
67045,saving private ryan,1998,4,saving+private+ryan+1998
127545,alien,1979,3,alien+1979
146060,coraline,2009,4,coraline+2009
81623,batman begins,2005,4,batman+begins+2005
2465,forbidden planet,1956,4,forbidden+planet+1956
5654,the fifth element,1997,3,the+fifth+element+1997
15943,star wars,1977,4,star+wars+1977
4829,my neighbor totoro,1988,5,my+neighbor+totoro+1988
5683,castle in the sky,1986,5,castle+in+the+sky+1986
105651,dolphin tale,2011,3,dolphin+tale+2011
17641,big hero 6,2014,4,big+hero+6+2014
72375,guardians of the galaxy,2014,4,guardians+of+the+galaxy+2014
7839,alien,1979,3,alien+1979
128878,monty python and the holy grail,1975,4,monty+python+and+the+holy+grail+1975
67269,star wars,1977,3,star+wars+1977
68160,the matrix,1999,5,the+matrix+1999
66020,interstellar,2014,4,interstellar+2014
114364,coraline,2009,5,coraline+2009
4135,iron man,2008,5,iron+man+2008
124865,tough enough,2006,3,tough+enough+2006
31978,star wars,1977,4,star+wars+1977
112486,big hero 6,2014,5,big+hero+6+2014
41454,daffy ducks quackbusters,1988,3,daffy+ducks+quackbusters+1988
47309,up,2009,4,up+2009
45320,monty python and the holy grail,1975,4,monty+python+and+the+holy+grail+1975
118669,being john malkovich,1999,5,being+john+malkovich+1999
55467,it follows,2015,4,it+follows+2015
72188,raiders of the lost ark,1981,4,raiders+of+the+lost+ark+1981
37405,the godfather,1972,4,the+godfather+1972
94486,captain blood,1935,4,captain+blood+1935
66201,princess mononoke,1997,4,princess+mononoke+1997
62424,howls moving castle,2004,2,howls+moving+castle+2004
3823,africa the serengeti,1994,5,africa+the+serengeti+1994
29291,the 36th chamber of shaolin,1978,3,the+36th+chamber+of+shaolin+1978
104588,inception,2010,4,inception+2010
78271,black legion,1937,3,black+legion+1937
59451,largent,1983,3,largent+1983
100028,the city below,2010,5,the+city+below+2010
88424,your highness,2011,2,your+highness+2011
66456,surplus terrorized into being consumers,2003,5,surplus+terrorized+into+being+consumers+2003
89721,star wars,1977,4,star+wars+1977
23011,howls moving castle,2004,3,howls+moving+castle+2004
32835,spirited away,2001,4,spirited+away+2001
79561,spirited away,2001,4,spirited+away+2001
20321,g.i. joe the movie,1987,4,g.i.+joe+the+movie+1987
72767,the godfather,1972,4,the+godfather+1972
35336,up,2009,4,up+2009
59990,they have escaped,2014,3,they+have+escaped+2014
66701,hercules and the circle of fire,1994,2,hercules+and+the+circle+of+fire+1994
119661,montana,1950,4,montana+1950
107510,one flew over the cuckoos nest,1975,5,one+flew+over+the+cuckoos+nest+1975
129417,jesse stone no remorse,2010,3,jesse+stone+no+remorse+2010
125635,raiders of the lost ark,1981,5,raiders+of+the+lost+ark+1981
84518,the godfather,1972,5,the+godfather+1972
33841,stray dog,1949,4,stray+dog+1949
51800,alien,1979,5,alien+1979
14572,halfaouine boy of the terraces,1990,3,halfaouine+boy+of+the+terraces+1990
75548,snow white and the seven dwarfs,1937,3,snow+white+and+the+seven+dwarfs+1937
7117,inception,2010,5,inception+2010
29982,hedwig and the angry inch,2001,4,hedwig+and+the+angry+inch+2001
91597,pirates of the caribbean the curse of the black pearl,2003,4,pirates+of+the+caribbean+the+curse+of+the+black+pearl+2003
5974,the life and death of colonel blimp,1943,3,the+life+and+death+of+colonel+blimp+1943
75058,the shawshank redemption,1994,5,the+shawshank+redemption+1994
86609,howls moving castle,2004,5,howls+moving+castle+2004
31090,star wars,1977,5,star+wars+1977
61107,inception,2010,5,inception+2010
96012,the hobbit the battle of the five armies,2014,3,the+hobbit+the+battle+of+the+five+armies+2014
115307,the godfather,1972,5,the+godfather+1972
49971,lost christmas,2011,4,lost+christmas+2011
103412,belle de jour,1967,3,belle+de+jour+1967
28570,harry potter and the goblet of fire,2005,3,harry+potter+and+the+goblet+of+fire+2005
62005,red firecracker_ green firecracker,1994,4,red+firecracker_+green+firecracker+1994
127193,sherlock holmes,2009,4,sherlock+holmes+2009
10704,my life in orange,2011,3,my+life+in+orange+2011
23254,a bay of blood,1971,3,a+bay+of+blood+1971
6263,the eye of the storm,2011,4,the+eye+of+the+storm+2011
116703,wild strawberries,1957,4,wild+strawberries+1957
138304,corrina_ corrina,1994,3,corrina_+corrina+1994
131699,the dark knight,2008,5,the+dark+knight+2008
60150,iron man,2008,4,iron+man+2008
36959,inside man,2006,5,inside+man+2006
113503,alfie,1966,4,alfie+1966
24367,for all mankind,1989,4,for+all+mankind+1989
12613,guardians of the galaxy,2014,4,guardians+of+the+galaxy+2014
130803,hotline,2014,4,hotline+2014
20930,stand and deliver,1988,4,stand+and+deliver+1988
138017,star wars,1977,5,star+wars+1977
140786,big hero 6,2014,4,big+hero+6+2014
54915,raiders of the lost ark,1981,5,raiders+of+the+lost+ark+1981
15707,raiders of the lost ark,1981,3,raiders+of+the+lost+ark+1981
66413,babe,1995,4,babe+1995
94743,big hero 6,2014,3,big+hero+6+2014
33802,guardians of the galaxy,2014,4,guardians+of+the+galaxy+2014
64173,mickey_ donald_ goofy the three musketeers,2004,4,mickey_+donald_+goofy+the+three+musketeers+2004
94642,the outlaw josey wales,1976,4,the+outlaw+josey+wales+1976
100884,interstellar,2014,4,interstellar+2014
53918,paisan,1946,4,paisan+1946
71959,big hero 6,2014,5,big+hero+6+2014
132250,the godfather,1972,4,the+godfather+1972
100619,despicable me 2,2013,4,despicable+me+2+2013
90124,the days between,2001,4,the+days+between+2001
18049,the dark knight,2008,5,the+dark+knight+2008
57021,the godfather,1972,4,the+godfather+1972
94770,nausica of the valley of the wind,1984,3,nausica+of+the+valley+of+the+wind+1984
68366,inception,2010,4,inception+2010
143852,bigger than the sky,2005,3,bigger+than+the+sky+2005
90003,spirited away,2001,4,spirited+away+2001
39822,creepshow,1982,4,creepshow+1982
57234,spirited away,2001,4,spirited+away+2001
68894,shrek 2,2004,4,shrek+2+2004
30034,spirited away,2001,4,spirited+away+2001
140221,american pie 2,2001,4,american+pie+2+2001
56240,big hero 6,2014,4,big+hero+6+2014
62011,territories,2010,3,territories+2010
66954,the lord of the rings the fellowship of the ring,2001,4,the+lord+of+the+rings+the+fellowship+of+the+ring+2001
48244,alien,1979,4,alien+1979
118847,alice in wonderland,1951,5,alice+in+wonderland+1951
122124,kingsman the secret service,2015,3,kingsman+the+secret+service+2015
63204,aladdin,1992,4,aladdin+1992
42176,dolls,2002,5,dolls+2002
95641,guardians of the galaxy,2014,5,guardians+of+the+galaxy+2014
94535,north by northwest,1959,5,north+by+northwest+1959
90816,one flew over the cuckoos nest,1975,3,one+flew+over+the+cuckoos+nest+1975
5752,one flew over the cuckoos nest,1975,4,one+flew+over+the+cuckoos+nest+1975
14469,alaskaland,2013,3,alaskaland+2013
115610,iron man,2008,5,iron+man+2008
131442,ong-bak the thai warrior,2003,4,ong-bak+the+thai+warrior+2003
86936,my neighbor totoro,1988,4,my+neighbor+totoro+1988
12885,star wars,1977,5,star+wars+1977
7395,star wars,1977,4,star+wars+1977
83751,dawn of the planet of the apes,2014,4,dawn+of+the+planet+of+the+apes+2014
59192,my neighbor totoro,1988,4,my+neighbor+totoro+1988
10896,luster,2010,4,luster+2010
146452,kikis delivery service,1989,2,kikis+delivery+service+1989
100223,sarah_ plain and tall,1991,3,sarah_+plain+and+tall+1991
129879,big hero 6,2014,5,big+hero+6+2014
113260,die hard,1988,4,die+hard+1988
132809,coraline,2009,4,coraline+2009
65536,raiders of the lost ark,1981,5,raiders+of+the+lost+ark+1981
40311,spirit stallion of the cimarron,2002,3,spirit+stallion+of+the+cimarron+2002
7922,grease,1978,4,grease+1978
25758,guardians of the galaxy,2014,5,guardians+of+the+galaxy+2014
81008,howls moving castle,2004,3,howls+moving+castle+2004
113086,monty python and the holy grail,1975,4,monty+python+and+the+holy+grail+1975
82392,raiders of the lost ark,1981,4,raiders+of+the+lost+ark+1981
39237,i remember,2005,3,i+remember+2005
133504,whiplash,2014,5,whiplash+2014
67385,tae guk gi the brotherhood of war,2004,3,tae+guk+gi+the+brotherhood+of+war+2004
131799,spirited away,2001,5,spirited+away+2001
50303,excision,2012,3,excision+2012
123106,smell of camphor_ fragrance of jasmine,2000,3,smell+of+camphor_+fragrance+of+jasmine+2000
12398,whiplash,2014,4,whiplash+2014
75900,the shawshank redemption,1994,5,the+shawshank+redemption+1994
24932,guardians of the galaxy,2014,4,guardians+of+the+galaxy+2014
23195,one flew over the cuckoos nest,1975,5,one+flew+over+the+cuckoos+nest+1975
78583,whisper of the heart,1995,3,whisper+of+the+heart+1995
107735,star wars,1977,4,star+wars+1977
139104,the sorcerers apprentice,2010,4,the+sorcerers+apprentice+2010
30956,the dark knight,2008,5,the+dark+knight+2008
42,interstellar,2014,4,interstellar+2014
1345,raiders of the lost ark,1981,4,raiders+of+the+lost+ark+1981
24943,the shawshank redemption,1994,5,the+shawshank+redemption+1994
7507,the flim-flam man,1967,3,the+flim-flam+man+1967
69462,up,2009,4,up+2009
55111,american graffiti,1973,5,american+graffiti+1973
132847,cah,2008,4,cah+2008
51255,harry potter and the chamber of secrets,2002,4,harry+potter+and+the+chamber+of+secrets+2002
40120,top gun,1986,5,top+gun+1986
120175,the lord of the rings the fellowship of the ring,2001,3,the+lord+of+the+rings+the+fellowship+of+the+ring+2001
44768,iron man,2008,3,iron+man+2008
52786,an evening with kevin smith,2002,3,an+evening+with+kevin+smith+2002
958,shrek forever after,2010,3,shrek+forever+after+2010
86080,doctor zhivago,1965,4,doctor+zhivago+1965
102986,nine queens,2000,4,nine+queens+2000
102489,gone girl,2014,4,gone+girl+2014
8470,what if,2013,3,what+if+2013
74530,howls moving castle,2004,4,howls+moving+castle+2004
103250,the gay divorcee,1934,4,the+gay+divorcee+1934
107926,juan of the dead,2011,3,juan+of+the+dead+2011
14291,total recall,1990,4,total+recall+1990
121206,the return of frank james,1940,4,the+return+of+frank+james+1940
77826,the lord of the rings the fellowship of the ring,2001,4,the+lord+of+the+rings+the+fellowship+of+the+ring+2001
27178,interstellar,2014,4,interstellar+2014
19573,every little step,2009,4,every+little+step+2009
107933,spirited away,2001,4,spirited+away+2001
138845,inception,2010,5,inception+2010
54078,the lord of the rings the fellowship of the ring,2001,5,the+lord+of+the+rings+the+fellowship+of+the+ring+2001
43632,star wars,1977,5,star+wars+1977
54188,whiplash,2014,4,whiplash+2014
37383,spirited away,2001,5,spirited+away+2001
36228,20_000 days on earth,2014,3,20_000+days+on+earth+2014
89311,the mummy,1999,3,the+mummy+1999
71635,monty python and the holy grail,1975,5,monty+python+and+the+holy+grail+1975
86873,one flew over the cuckoos nest,1975,4,one+flew+over+the+cuckoos+nest+1975
9307,the dark knight,2008,5,the+dark+knight+2008
128252,star wars,1977,5,star+wars+1977
109471,my neighbor totoro,1988,4,my+neighbor+totoro+1988
92589,the dark knight,2008,3,the+dark+knight+2008
36339,hot tub time machine,2010,3,hot+tub+time+machine+2010
117225,my neighbor totoro,1988,5,my+neighbor+totoro+1988
11413,up,2009,3,up+2009
41031,bambi,1942,2,bambi+1942
82788,interstellar,2014,4,interstellar+2014
123252,big hero 6,2014,4,big+hero+6+2014
52199,spirited away,2001,5,spirited+away+2001
70743,whiplash,2014,5,whiplash+2014
149836,one flew over the cuckoos nest,1975,4,one+flew+over+the+cuckoos+nest+1975
88486,coraline,2009,5,coraline+2009
132673,alien,1979,3,alien+1979
17619,fight club,1999,5,fight+club+1999
34081,howls moving castle,2004,5,howls+moving+castle+2004
25157,monty python and the holy grail,1975,4,monty+python+and+the+holy+grail+1975
56113,and the ship sails on,1983,3,and+the+ship+sails+on+1983
25871,pirates of the caribbean the curse of the black pearl,2003,4,pirates+of+the+caribbean+the+curse+of+the+black+pearl+2003
20736,monsters_ inc.,2001,4,monsters_+inc.+2001
106152,up,2009,3,up+2009
126930,human lanterns,1982,2,human+lanterns+1982
85209,guardians of the galaxy,2014,4,guardians+of+the+galaxy+2014
3235,up,2009,4,up+2009
34235,se7en,1995,4,se7en+1995
49456,chicken little,2005,1,chicken+little+2005
25790,kikis delivery service,1989,4,kikis+delivery+service+1989
128246,the shawshank redemption,1994,5,the+shawshank+redemption+1994
85968,never take sweets from a stranger,1960,4,never+take+sweets+from+a+stranger+1960
61118,seance on a wet afternoon,1964,2,seance+on+a+wet+afternoon+1964
97359,alien,1979,4,alien+1979
124286,inception,2010,3,inception+2010
60915,spirited away,2001,5,spirited+away+2001
68998,big hero 6,2014,4,big+hero+6+2014
16372,one flew over the cuckoos nest,1975,4,one+flew+over+the+cuckoos+nest+1975
112405,spirited away,2001,4,spirited+away+2001
6754,girl shy,1924,4,girl+shy+1924
37929,monty python and the holy grail,1975,4,monty+python+and+the+holy+grail+1975
16493,interstellar,2014,4,interstellar+2014
54119,interstellar,2014,4,interstellar+2014
39015,the shawshank redemption,1994,3,the+shawshank+redemption+1994
69405,my neighbor totoro,1988,4,my+neighbor+totoro+1988
101549,love letter,1995,3,love+letter+1995
38125,alien,1979,5,alien+1979
102741,crossfire,1947,4,crossfire+1947
59194,the dark knight,2008,5,the+dark+knight+2008
52442,my ain folk,1973,3,my+ain+folk+1973
124986,sigur rs heima,2007,4,sigur+rs+heima+2007
66202,whiplash,2014,5,whiplash+2014
38463,bad boy,1949,3,bad+boy+1949
6714,one flew over the cuckoos nest,1975,4,one+flew+over+the+cuckoos+nest+1975
71467,the shawshank redemption,1994,5,the+shawshank+redemption+1994
18070,the music box,1932,5,the+music+box+1932
51317,pirates of the caribbean on stranger tides,2011,3,pirates+of+the+caribbean+on+stranger+tides+2011
147782,when father was away on business,1985,4,when+father+was+away+on+business+1985
32010,monty python and the holy grail,1975,5,monty+python+and+the+holy+grail+1975
62080,guardians of the galaxy,2014,4,guardians+of+the+galaxy+2014
113985,edge of darkness,2010,4,edge+of+darkness+2010
108291,up,2009,4,up+2009
82318,conviction,2010,4,conviction+2010
114145,interstellar,2014,5,interstellar+2014
220,the godfather,1972,5,the+godfather+1972
147142,jennifer eight,1992,4,jennifer+eight+1992
97163,spirited away,2001,5,spirited+away+2001
80331,the muppets,2011,5,the+muppets+2011
103248,star wars,1977,4,star+wars+1977
144504,shrek,2001,3,shrek+2001
37748,with great power the stan lee story,2010,4,with+great+power+the+stan+lee+story+2010
103763,guardians of the galaxy,2014,4,guardians+of+the+galaxy+2014
121080,the hunger games mockingjay - part 1,2014,4,the+hunger+games+mockingjay+-+part+1+2014
456,inception,2010,4,inception+2010
33877,inception,2010,5,inception+2010
125671,big hero 6,2014,5,big+hero+6+2014
62160,the terminator,1984,4,the+terminator+1984
122391,the godfather,1972,5,the+godfather+1972
55318,monty python and the holy grail,1975,4,monty+python+and+the+holy+grail+1975
72628,the double hour,2009,4,the+double+hour+2009
122308,alien,1979,4,alien+1979
121089,one flew over the cuckoos nest,1975,3,one+flew+over+the+cuckoos+nest+1975
50024,nostalgia,1983,4,nostalgia+1983
98686,letters from iwo jima,2006,5,letters+from+iwo+jima+2006
6480,guardians of the galaxy,2014,4,guardians+of+the+galaxy+2014
130619,dream,2008,4,dream+2008
92064,monty python and the holy grail,1975,4,monty+python+and+the+holy+grail+1975
14245,the lord of the rings the fellowship of the ring,2001,5,the+lord+of+the+rings+the+fellowship+of+the+ring+2001
5534,the lord of the rings the fellowship of the ring,2001,5,the+lord+of+the+rings+the+fellowship+of+the+ring+2001
20479,alien,1979,5,alien+1979
53953,come back_ little sheba,1952,4,come+back_+little+sheba+1952
130283,walle,2008,4,walle+2008
80588,sabotage,1936,4,sabotage+1936
99696,my neighbor totoro,1988,4,my+neighbor+totoro+1988
60825,monty python - almost the truth the lawyers cut,2009,4,monty+python+-+almost+the+truth+the+lawyers+cut+2009
58294,guardians of the galaxy,2014,4,guardians+of+the+galaxy+2014
109424,scarface,1983,4,scarface+1983
126656,terminator 2 judgment day,1991,4,terminator+2+judgment+day+1991
131319,daft punks electroma,2006,4,daft+punks+electroma+2006
26098,up,2009,4,up+2009
20888,frankenstein,1931,5,frankenstein+1931
145056,the dark knight,2008,4,the+dark+knight+2008
6721,fantomas,1964,3,fantomas+1964
52213,alice in wonderland,1951,3,alice+in+wonderland+1951
28433,veronica mars,2014,3,veronica+mars+2014
50481,evil dead ii,1987,4,evil+dead+ii+1987
66484,star wars,1977,4,star+wars+1977
137040,big hero 6,2014,5,big+hero+6+2014
75150,gladiator,2000,3,gladiator+2000
60426,monterey pop,1968,4,monterey+pop+1968
48841,my neighbor totoro,1988,4,my+neighbor+totoro+1988
143636,monty python and the holy grail,1975,5,monty+python+and+the+holy+grail+1975
20049,seven samurai,1954,4,seven+samurai+1954
132266,chicken run,2000,4,chicken+run+2000
34546,nausica of the valley of the wind,1984,4,nausica+of+the+valley+of+the+wind+1984
30561,shotgun stories,2007,4,shotgun+stories+2007
93499,monty python and the holy grail,1975,4,monty+python+and+the+holy+grail+1975
92129,iron man,2008,5,iron+man+2008
15101,howls moving castle,2004,4,howls+moving+castle+2004
67924,big hero 6,2014,4,big+hero+6+2014
107254,shed no tears,2013,3,shed+no+tears+2013
14740,the dark knight,2008,4,the+dark+knight+2008
95409,up,2009,4,up+2009
35827,repo man,1984,4,repo+man+1984
106884,guardians of the galaxy,2014,3,guardians+of+the+galaxy+2014
27243,inception,2010,5,inception+2010
149893,pastoral symphony,1946,3,pastoral+symphony+1946
12757,iron man,2008,5,iron+man+2008
36527,dry summer,1963,3,dry+summer+1963
89397,up,2009,4,up+2009
6821,full metal jacket,1987,4,full+metal+jacket+1987
86680,have dreams_ will travel,2007,3,have+dreams_+will+travel+2007
3403,howls moving castle,2004,4,howls+moving+castle+2004
78540,the godfather,1972,5,the+godfather+1972
78384,after hours,1985,4,after+hours+1985
50924,whiplash,2014,4,whiplash+2014
63613,big hero 6,2014,4,big+hero+6+2014
67420,an invisible sign,2010,2,an+invisible+sign+2010
81770,oceans eleven,2001,3,oceans+eleven+2001
51032,ballet shoes,2008,4,ballet+shoes+2008
27329,one flew over the cuckoos nest,1975,4,one+flew+over+the+cuckoos+nest+1975
148101,inception,2010,4,inception+2010
7400,one flew over the cuckoos nest,1975,4,one+flew+over+the+cuckoos+nest+1975
96039,the cherry orchard blossoming,2008,3,the+cherry+orchard+blossoming+2008
104297,wings in the dark,1935,4,wings+in+the+dark+1935
145538,pirates of the caribbean at worlds end,2007,4,pirates+of+the+caribbean+at+worlds+end+2007
63385,the shawshank redemption,1994,4,the+shawshank+redemption+1994
113367,nina frisk,2007,4,nina+frisk+2007
148412,the day the earth stood still,1951,5,the+day+the+earth+stood+still+1951
130807,raiders of the lost ark,1981,5,raiders+of+the+lost+ark+1981
125994,iron man,2008,4,iron+man+2008
33867,despicable me,2010,4,despicable+me+2010
110126,lovely to look at,1952,3,lovely+to+look+at+1952
91676,star wars,1977,5,star+wars+1977
75394,pinocchio,1940,4,pinocchio+1940
32256,damnation alley,1977,3,damnation+alley+1977
80815,coraline,2009,4,coraline+2009
109520,the lord of the rings the two towers,2002,5,the+lord+of+the+rings+the+two+towers+2002
73809,howls moving castle,2004,4,howls+moving+castle+2004
38810,raiders of the lost ark,1981,4,raiders+of+the+lost+ark+1981
76201,putty hill,2010,3,putty+hill+2010
104801,inception,2010,5,inception+2010
100587,the shawshank redemption,1994,4,the+shawshank+redemption+1994
119717,monty python and the holy grail,1975,5,monty+python+and+the+holy+grail+1975
149734,interstellar,2014,4,interstellar+2014
60706,the dark knight,2008,5,the+dark+knight+2008
94181,george lopez americas mexican,2007,2,george+lopez+americas+mexican+2007
18133,raiders of the lost ark,1981,4,raiders+of+the+lost+ark+1981
93087,the godfather,1972,4,the+godfather+1972
25081,the lord of the rings the fellowship of the ring,2001,5,the+lord+of+the+rings+the+fellowship+of+the+ring+2001
117664,the dog who stopped the war,1984,5,the+dog+who+stopped+the+war+1984
147208,spirited away,2001,4,spirited+away+2001
109035,raiders of the lost ark,1981,5,raiders+of+the+lost+ark+1981
85145,the red badge of courage,1951,3,the+red+badge+of+courage+1951
43102,adventures in babysitting,1987,3,adventures+in+babysitting+1987
148794,the godfather,1972,5,the+godfather+1972
95976,the dark knight,2008,4,the+dark+knight+2008
28798,blast of silence,1961,4,blast+of+silence+1961
149643,iron man,2008,5,iron+man+2008
47954,big hero 6,2014,5,big+hero+6+2014
68943,up,2009,4,up+2009
128740,iron man,2008,4,iron+man+2008
129920,the walking hills,1949,4,the+walking+hills+1949
120021,iron man,2008,4,iron+man+2008
41407,the music man,2003,2,the+music+man+2003
49416,howls moving castle,2004,4,howls+moving+castle+2004
111044,ratatouille,2007,3,ratatouille+2007
91836,guardians of the galaxy,2014,4,guardians+of+the+galaxy+2014
95170,inception,2010,5,inception+2010
97031,big hero 6,2014,4,big+hero+6+2014
46235,the shawshank redemption,1994,4,the+shawshank+redemption+1994
65507,guardians of the galaxy,2014,4,guardians+of+the+galaxy+2014
85414,ingmar bergman on life and work,1998,3,ingmar+bergman+on+life+and+work+1998
125364,carry on... up the khyber,1968,4,carry+on...+up+the+khyber+1968
46972,the lord of the rings the fellowship of the ring,2001,5,the+lord+of+the+rings+the+fellowship+of+the+ring+2001
45127,all mine to give,1957,3,all+mine+to+give+1957
104738,my neighbor totoro,1988,5,my+neighbor+totoro+1988
87976,spirited away,2001,4,spirited+away+2001
405,to end all wars,2001,4,to+end+all+wars+2001
120168,the black sleep,1956,4,the+black+sleep+1956
94739,the card player,2004,3,the+card+player+2004
103337,the ballad of ramblin jack,2000,3,the+ballad+of+ramblin+jack+2000
54466,whiplash,2014,4,whiplash+2014
148975,star wars,1977,5,star+wars+1977
149111,interstellar,2014,4,interstellar+2014
11455,monty python and the holy grail,1975,3,monty+python+and+the+holy+grail+1975
114847,the last of the mohicans,1920,3,the+last+of+the+mohicans+1920
89647,the shawshank redemption,1994,5,the+shawshank+redemption+1994
142779,lady and the tramp ii scamps adventure,2001,3,lady+and+the+tramp+ii+scamps+adventure+2001
1735,fiddler on the roof,1971,5,fiddler+on+the+roof+1971
80943,hand of death,1976,4,hand+of+death+1976
90915,the lord of the rings the fellowship of the ring,2001,5,the+lord+of+the+rings+the+fellowship+of+the+ring+2001
110774,total recall,1990,4,total+recall+1990
63043,howls moving castle,2004,5,howls+moving+castle+2004
148749,star wars,1977,5,star+wars+1977
42178,flipper,1963,3,flipper+1963
118509,big hero 6,2014,3,big+hero+6+2014
11299,howls moving castle,2004,4,howls+moving+castle+2004
10013,my neighbor totoro,1988,5,my+neighbor+totoro+1988
95159,the godfather,1972,5,the+godfather+1972
84315,interstellar,2014,5,interstellar+2014
24646,castle in the sky,1986,4,castle+in+the+sky+1986
92149,back to the future,1985,4,back+to+the+future+1985
115104,auggie rose,2000,4,auggie+rose+2000
86054,boys on the side,1995,3,boys+on+the+side+1995
55109,dantes inferno,2007,4,dantes+inferno+2007
72140,coraline,2009,5,coraline+2009
27132,my neighbor totoro,1988,4,my+neighbor+totoro+1988
15921,johnny got his gun,1971,3,johnny+got+his+gun+1971
46482,alien,1979,5,alien+1979
89115,coraline,2009,5,coraline+2009
84174,air force one,1997,3,air+force+one+1997
49801,the shawshank redemption,1994,5,the+shawshank+redemption+1994
129096,interstellar,2014,4,interstellar+2014
75658,spirited away,2001,5,spirited+away+2001
99390,the dark knight,2008,5,the+dark+knight+2008
99456,my neighbor totoro,1988,4,my+neighbor+totoro+1988
23494,interstellar,2014,4,interstellar+2014
147922,the godfather,1972,5,the+godfather+1972
121877,iron man,2008,4,iron+man+2008
145899,death race 2000,1975,3,death+race+2000+1975
144552,ten north frederick,1958,4,ten+north+frederick+1958
36607,spirited away,2001,5,spirited+away+2001
42281,the dark knight,2008,4,the+dark+knight+2008
94742,big hero 6,2014,4,big+hero+6+2014
35341,ponyo,2008,4,ponyo+2008
52823,interstellar,2014,5,interstellar+2014
60180,the shawshank redemption,1994,5,the+shawshank+redemption+1994
96264,star wars,1977,3,star+wars+1977
64381,se7en,1995,4,se7en+1995
115065,inception,2010,3,inception+2010
88271,interstellar,2014,4,interstellar+2014
87487,spirited away,2001,5,spirited+away+2001
97601,the gruffalo,2009,3,the+gruffalo+2009
113596,spirited away,2001,4,spirited+away+2001
90149,up,2009,4,up+2009
147165,saving private ryan,1998,5,saving+private+ryan+1998
79365,despicable me 2,2013,3,despicable+me+2+2013
43655,tulpan,2009,3,tulpan+2009
3794,i_ robot,2004,4,i_+robot+2004
45029,one flew over the cuckoos nest,1975,4,one+flew+over+the+cuckoos+nest+1975
36204,secret reunion,2010,3,secret+reunion+2010
58642,fever pitch,1997,3,fever+pitch+1997
21512,the wolf man,1941,4,the+wolf+man+1941
26837,the shawshank redemption,1994,5,the+shawshank+redemption+1994
44264,the lord of the rings the fellowship of the ring,2001,5,the+lord+of+the+rings+the+fellowship+of+the+ring+2001
109551,hobsons choice,1954,4,hobsons+choice+1954
57232,the silver chalice,1954,5,the+silver+chalice+1954
27010,pirates of the caribbean the curse of the black pearl,2003,3,pirates+of+the+caribbean+the+curse+of+the+black+pearl+2003
50142,big hero 6,2014,3,big+hero+6+2014
71165,alien,1979,4,alien+1979
87959,raiders of the lost ark,1981,4,raiders+of+the+lost+ark+1981
7466,spirited away,2001,4,spirited+away+2001
21351,monty python and the holy grail,1975,4,monty+python+and+the+holy+grail+1975
82908,casino royale,2006,4,casino+royale+2006
38350,inception,2010,3,inception+2010
89895,whiplash,2014,5,whiplash+2014
92106,my neighbor totoro,1988,5,my+neighbor+totoro+1988
54213,inception,2010,4,inception+2010
74766,the dark knight,2008,4,the+dark+knight+2008
114367,guess whos coming to dinner,1967,3,guess+whos+coming+to+dinner+1967
22249,the shawshank redemption,1994,5,the+shawshank+redemption+1994
132635,the green mile,1999,5,the+green+mile+1999
81725,the shawshank redemption,1994,4,the+shawshank+redemption+1994
135096,the dark knight rises,2012,5,the+dark+knight+rises+2012
132862,inception,2010,4,inception+2010
120724,iron man,2008,4,iron+man+2008
82765,whiplash,2014,5,whiplash+2014
124505,the boy in the striped pyjamas,2008,4,the+boy+in+the+striped+pyjamas+2008
90886,the shawshank redemption,1994,4,the+shawshank+redemption+1994
12359,the fly,1958,3,the+fly+1958
107636,gabriel,2007,3,gabriel+2007
27642,gladiator,2000,5,gladiator+2000
122435,dark horse,2005,2,dark+horse+2005
28115,inception,2010,5,inception+2010
13809,inception,2010,4,inception+2010
117139,all tomorrows parties,2009,4,all+tomorrows+parties+2009
40414,star wars,1977,5,star+wars+1977
81572,raiders of the lost ark,1981,3,raiders+of+the+lost+ark+1981
45658,the bitter tea of general yen,1933,4,the+bitter+tea+of+general+yen+1933
69363,star wars,1977,4,star+wars+1977
51643,the shawshank redemption,1994,5,the+shawshank+redemption+1994
31879,how to train your dragon,2010,3,how+to+train+your+dragon+2010
111625,time of the wolf,2003,3,time+of+the+wolf+2003
52611,the godfather,1972,5,the+godfather+1972
126533,the shawshank redemption,1994,4,the+shawshank+redemption+1994
51562,raiders of the lost ark,1981,5,raiders+of+the+lost+ark+1981
53793,harry potter and the half-blood prince,2009,3,harry+potter+and+the+half-blood+prince+2009
37366,one flew over the cuckoos nest,1975,5,one+flew+over+the+cuckoos+nest+1975
123792,interstellar,2014,4,interstellar+2014
69978,papusza,2013,3,papusza+2013
63258,moon warriors,1992,4,moon+warriors+1992
80249,the lord of the rings the fellowship of the ring,2001,3,the+lord+of+the+rings+the+fellowship+of+the+ring+2001
78039,guardians of the galaxy,2014,4,guardians+of+the+galaxy+2014
91994,antibodies,2005,2,antibodies+2005
42393,the dark knight,2008,3,the+dark+knight+2008
68327,those daring young men in their jaunty jalopies,1969,4,those+daring+young+men+in+their+jaunty+jalopies+1969
6233,my neighbor totoro,1988,4,my+neighbor+totoro+1988
79546,monty python and the holy grail,1975,4,monty+python+and+the+holy+grail+1975
122589,the godfather,1972,5,the+godfather+1972
55105,whiplash,2014,5,whiplash+2014
49617,raiders of the lost ark,1981,4,raiders+of+the+lost+ark+1981
112545,the incredibles,2004,5,the+incredibles+2004
143326,the shawshank redemption,1994,4,the+shawshank+redemption+1994
54108,despicable me,2010,4,despicable+me+2010
42793,raiders of the lost ark,1981,4,raiders+of+the+lost+ark+1981
19341,treasure island,1990,4,treasure+island+1990
7251,the squaw man,1914,4,the+squaw+man+1914
39963,up,2009,4,up+2009
86194,warren oates across the border,1993,4,warren+oates+across+the+border+1993
10454,one flew over the cuckoos nest,1975,4,one+flew+over+the+cuckoos+nest+1975
105450,the dark knight,2008,4,the+dark+knight+2008
396,up,2009,3,up+2009
128161,howls moving castle,2004,4,howls+moving+castle+2004
133814,i_ robot,2004,5,i_+robot+2004
4816,the war you dont see,2010,5,the+war+you+dont+see+2010
142662,will vintons claymation christmas celebration,1987,3,will+vintons+claymation+christmas+celebration+1987
146278,the shawshank redemption,1994,4,the+shawshank+redemption+1994
42419,coraline,2009,4,coraline+2009
25102,the dark knight,2008,5,the+dark+knight+2008
113300,men in black,1997,4,men+in+black+1997
27751,the dark knight,2008,5,the+dark+knight+2008
107269,still breathing,1997,3,still+breathing+1997
73908,the clearing,2004,3,the+clearing+2004
62299,arnold,1973,3,arnold+1973
73252,iron man,2008,5,iron+man+2008
88165,annie hall,1977,4,annie+hall+1977
144714,payback,1999,3,payback+1999
57245,santa buddies,2009,3,santa+buddies+2009
103748,up,2009,4,up+2009
132081,the boys the sherman brothers story,2009,4,the+boys+the+sherman+brothers+story+2009
74198,the shawshank redemption,1994,5,the+shawshank+redemption+1994
98854,the little mermaid,1989,3,the+little+mermaid+1989
51005,whiplash,2014,4,whiplash+2014
79876,pontypool,2009,3,pontypool+2009
75474,alien,1979,4,alien+1979
15846,messages deleted,2009,4,messages+deleted+2009
128935,the dark knight,2008,4,the+dark+knight+2008
21067,the cabin in the woods,2012,3,the+cabin+in+the+woods+2012
108944,my neighbor totoro,1988,5,my+neighbor+totoro+1988
14014,inception,2010,5,inception+2010
49713,my neighbor totoro,1988,4,my+neighbor+totoro+1988
12415,monty python and the holy grail,1975,4,monty+python+and+the+holy+grail+1975
98300,coraline,2009,3,coraline+2009
136641,the lord of the rings the fellowship of the ring,2001,4,the+lord+of+the+rings+the+fellowship+of+the+ring+2001
137731,the betrayal nerakhoon,2008,4,the+betrayal+nerakhoon+2008
122053,spirited away,2001,4,spirited+away+2001
132157,guardians of the galaxy,2014,4,guardians+of+the+galaxy+2014
1855,toy story,1995,4,toy+story+1995
139469,whiplash,2014,5,whiplash+2014
13171,sound of the mountain,1954,4,sound+of+the+mountain+1954
141908,coraline,2009,4,coraline+2009
142880,a love song for bobby long,2004,4,a+love+song+for+bobby+long+2004
24125,batman begins,2005,5,batman+begins+2005
142891,ong-bak the thai warrior,2003,4,ong-bak+the+thai+warrior+2003
147690,alien,1979,4,alien+1979
143600,spirited away,2001,5,spirited+away+2001
42014,42 up,1998,4,42+up+1998
89622,big hero 6,2014,5,big+hero+6+2014
23800,the godfather,1972,5,the+godfather+1972
14653,the dark knight,2008,4,the+dark+knight+2008
28000,alien,1979,4,alien+1979
32485,monty python and the holy grail,1975,3,monty+python+and+the+holy+grail+1975
95228,one flew over the cuckoos nest,1975,3,one+flew+over+the+cuckoos+nest+1975
59279,the righteous thief,2009,3,the+righteous+thief+2009
132275,the seventh continent,1989,4,the+seventh+continent+1989
74585,interstellar,2014,4,interstellar+2014
44643,iron man,2008,5,iron+man+2008
33444,the dark knight,2008,5,the+dark+knight+2008
1314,jupiter ascending,2015,3,jupiter+ascending+2015
117716,my neighbor totoro,1988,5,my+neighbor+totoro+1988
29379,the decoy bride,2011,3,the+decoy+bride+2011
73529,expo magic of the white city,2005,3,expo+magic+of+the+white+city+2005
97603,glorious 39,2009,5,glorious+39+2009
22736,spirited away,2001,5,spirited+away+2001
77659,interstellar,2014,4,interstellar+2014
107060,gattaca,1997,3,gattaca+1997
141083,bugsy,1991,4,bugsy+1991
33789,babes in arms,1939,3,babes+in+arms+1939
11910,despicable me 2,2013,3,despicable+me+2+2013
49930,goodfellas,1990,4,goodfellas+1990
19462,the shawshank redemption,1994,4,the+shawshank+redemption+1994
56260,hell is for heroes,1962,4,hell+is+for+heroes+1962
1675,iron man,2008,4,iron+man+2008
84915,big hero 6,2014,4,big+hero+6+2014
120451,george and the dragon,2004,4,george+and+the+dragon+2004
109313,one flew over the cuckoos nest,1975,4,one+flew+over+the+cuckoos+nest+1975
28038,dj vu,2006,3,dj+vu+2006
21130,inception,2010,4,inception+2010
140867,the bag man,2014,4,the+bag+man+2014
47940,good vibrations,2012,4,good+vibrations+2012
100116,one flew over the cuckoos nest,1975,4,one+flew+over+the+cuckoos+nest+1975
120446,monty python and the holy grail,1975,4,monty+python+and+the+holy+grail+1975
135083,someones gaze,2013,4,someones+gaze+2013
76378,howls moving castle,2004,3,howls+moving+castle+2004
134904,prizzis honor,1985,3,prizzis+honor+1985
78980,it happened to jane,1959,3,it+happened+to+jane+1959
87653,inception,2010,5,inception+2010
62892,the deer hunter,1978,3,the+deer+hunter+1978
51875,the shawshank redemption,1994,3,the+shawshank+redemption+1994
104486,the hurt locker,2008,4,the+hurt+locker+2008
93717,the godfather,1972,5,the+godfather+1972
16357,inception,2010,5,inception+2010
44791,bullet,1996,4,bullet+1996
96922,alien,1979,4,alien+1979
121016,apollo 13,1995,3,apollo+13+1995
59490,ann carvers profession,1933,3,ann+carvers+profession+1933
120145,rivers and tides,2001,4,rivers+and+tides+2001
89917,my neighbor totoro,1988,3,my+neighbor+totoro+1988
123651,ace of aces,1982,3,ace+of+aces+1982
32924,my rainy days,2009,3,my+rainy+days+2009
88561,die frau des frisrs,2008,4,die+frau+des+frisrs+2008
93975,coraline,2009,4,coraline+2009
61487,the two of us,1967,2,the+two+of+us+1967
30407,inception,2010,5,inception+2010
9253,howls moving castle,2004,5,howls+moving+castle+2004
141774,the lord of the rings the fellowship of the ring,2001,4,the+lord+of+the+rings+the+fellowship+of+the+ring+2001
6837,its a wonderful life,1946,4,its+a+wonderful+life+1946
113035,lady and the tramp,1955,4,lady+and+the+tramp+1955
124870,taps,1981,4,taps+1981
125434,howls moving castle,2004,4,howls+moving+castle+2004
111830,sube y baja,1959,2,sube+y+baja+1959
107189,kill me later,2001,5,kill+me+later+2001
100851,the l-shaped room,1962,3,the+l-shaped+room+1962
19676,spirited away,2001,5,spirited+away+2001
35723,a perfect day,2008,3,a+perfect+day+2008
70709,heaven  earth,1993,3,heaven++earth+1993
122958,sixteen candles,1984,3,sixteen+candles+1984
137789,inception,2010,4,inception+2010
78439,dr. no,1962,4,dr.+no+1962
655,one flew over the cuckoos nest,1975,5,one+flew+over+the+cuckoos+nest+1975
82411,stroszek,1977,4,stroszek+1977
137117,one flew over the cuckoos nest,1975,4,one+flew+over+the+cuckoos+nest+1975
105154,shrek 2,2004,4,shrek+2+2004
35433,monty python and the holy grail,1975,5,monty+python+and+the+holy+grail+1975
33580,the last time,2006,3,the+last+time+2006
61790,killjoy 3,2010,3,killjoy+3+2010
71901,interstellar,2014,4,interstellar+2014
19289,howls moving castle,2004,4,howls+moving+castle+2004
15476,big hero 6,2014,4,big+hero+6+2014
139123,silent house,2011,2,silent+house+2011
88754,iron man,2008,4,iron+man+2008
76608,the godfather,1972,5,the+godfather+1972
148915,spirited away,2001,5,spirited+away+2001
136542,one flew over the cuckoos nest,1975,4,one+flew+over+the+cuckoos+nest+1975
97254,intolerance loves struggle throughout the ages,1916,4,intolerance+loves+struggle+throughout+the+ages+1916
120812,coraline,2009,3,coraline+2009
57004,mulan,1998,3,mulan+1998
17180,one flew over the cuckoos nest,1975,4,one+flew+over+the+cuckoos+nest+1975
56995,the shawshank redemption,1994,5,the+shawshank+redemption+1994
130015,the godfather,1972,5,the+godfather+1972
37032,spirited away,2001,5,spirited+away+2001
70856,castle in the sky,1986,4,castle+in+the+sky+1986
27631,dial m for murder,1954,5,dial+m+for+murder+1954
2757,spirited away,2001,5,spirited+away+2001
61445,whiplash,2014,4,whiplash+2014
135681,fury,2014,4,fury+2014
102658,iron man,2008,3,iron+man+2008
79830,just a little harmless sex,1999,4,just+a+little+harmless+sex+1999
38995,big hero 6,2014,4,big+hero+6+2014
146498,felon,2008,4,felon+2008
106990,the godfather,1972,4,the+godfather+1972
109368,saving private ryan,1998,5,saving+private+ryan+1998
133835,family united,2013,2,family+united+2013
113033,interstellar,2014,3,interstellar+2014
4316,whiplash,2014,5,whiplash+2014
118009,big hero 6,2014,3,big+hero+6+2014
112390,the incredibles,2004,5,the+incredibles+2004
137369,big hero 6,2014,4,big+hero+6+2014
114361,vice,2015,4,vice+2015
124095,interstellar,2014,4,interstellar+2014
101596,see what im saying the deaf entertainers documentary,2010,3,see+what+im+saying+the+deaf+entertainers+documentary+2010
110301,beauty and the beast,1946,4,beauty+and+the+beast+1946
92770,the grass harp,1995,3,the+grass+harp+1995
112703,spirited away,2001,3,spirited+away+2001
129914,trainspotting,1996,3,trainspotting+1996
73431,inception,2010,3,inception+2010
53234,interstellar,2014,5,interstellar+2014
24338,the shawshank redemption,1994,4,the+shawshank+redemption+1994
47713,the shawshank redemption,1994,5,the+shawshank+redemption+1994
108554,coraline,2009,5,coraline+2009
69182,iron man,2008,5,iron+man+2008
149808,blood simple,1984,4,blood+simple+1984
143486,one flew over the cuckoos nest,1975,4,one+flew+over+the+cuckoos+nest+1975
46931,inception,2010,4,inception+2010
60198,interstellar,2014,4,interstellar+2014
106190,inception,2010,5,inception+2010
109446,the dark knight,2008,4,the+dark+knight+2008
119668,ice age continental drift,2012,4,ice+age+continental+drift+2012
148774,raiders of the lost ark,1981,4,raiders+of+the+lost+ark+1981
134338,spirited away,2001,4,spirited+away+2001
114035,transformers age of extinction,2014,3,transformers+age+of+extinction+2014
18906,chaotic ana,2007,5,chaotic+ana+2007
102001,the godfather,1972,5,the+godfather+1972
52825,too late blues,1961,4,too+late+blues+1961
125920,dumb and dumber,1994,5,dumb+and+dumber+1994
8838,spirited away,2001,3,spirited+away+2001
39888,cool hand luke,1967,4,cool+hand+luke+1967
66624,the shawshank redemption,1994,5,the+shawshank+redemption+1994
5864,mediterraneo,1991,4,mediterraneo+1991
126948,life is rosy,1987,4,life+is+rosy+1987
45488,guardians of the galaxy,2014,3,guardians+of+the+galaxy+2014
64438,one flew over the cuckoos nest,1975,4,one+flew+over+the+cuckoos+nest+1975
74209,up,2009,4,up+2009
128777,the flying deuces,1939,4,the+flying+deuces+1939
141854,monsters_ inc.,2001,4,monsters_+inc.+2001
37510,batman begins,2005,4,batman+begins+2005
57503,alien,1979,5,alien+1979
135746,welcome mr. marshall,1953,4,welcome+mr.+marshall+1953
94390,house of games,1987,3,house+of+games+1987
96495,the godfather,1972,4,the+godfather+1972
15748,harry potter and the chamber of secrets,2002,4,harry+potter+and+the+chamber+of+secrets+2002
32025,vice,2015,4,vice+2015
58064,the princess bride,1987,4,the+princess+bride+1987
17984,my neighbor totoro,1988,4,my+neighbor+totoro+1988
15171,pirates of the caribbean the curse of the black pearl,2003,5,pirates+of+the+caribbean+the+curse+of+the+black+pearl+2003
61585,one flew over the cuckoos nest,1975,4,one+flew+over+the+cuckoos+nest+1975
142553,the dark knight,2008,4,the+dark+knight+2008
52964,the little mermaid,1989,3,the+little+mermaid+1989
128604,alien,1979,4,alien+1979
69739,harry potter and the chamber of secrets,2002,3,harry+potter+and+the+chamber+of+secrets+2002
90723,raiders of the lost ark,1981,4,raiders+of+the+lost+ark+1981
41413,my neighbor totoro,1988,5,my+neighbor+totoro+1988
146190,batman the dark knight returns_ part 2,2013,4,batman+the+dark+knight+returns_+part+2+2013
130912,monty python and the holy grail,1975,5,monty+python+and+the+holy+grail+1975
130006,howls moving castle,2004,4,howls+moving+castle+2004
16764,the last command,1928,3,the+last+command+1928
2197,anatomy of a murder,1959,3,anatomy+of+a+murder+1959
120908,one flew over the cuckoos nest,1975,5,one+flew+over+the+cuckoos+nest+1975
126535,ratatouille,2007,4,ratatouille+2007
127408,up,2009,3,up+2009
74341,iron man,2008,3,iron+man+2008
138052,2001 a space odyssey,1968,3,2001+a+space+odyssey+1968
116250,the mummy,1999,3,the+mummy+1999
9937,whiplash,2014,4,whiplash+2014
493,my dinner with andr,1981,3,my+dinner+with+andr+1981
128641,monty python and the holy grail,1975,5,monty+python+and+the+holy+grail+1975
89735,whiplash,2014,4,whiplash+2014
69429,the mystic masseur,2001,4,the+mystic+masseur+2001
66612,princess mononoke,1997,4,princess+mononoke+1997
9242,despicable me,2010,3,despicable+me+2010
36034,harry potter and the deathly hallows part 2,2011,3,harry+potter+and+the+deathly+hallows+part+2+2011
77225,alien,1979,4,alien+1979
55091,the kings speech,2010,4,the+kings+speech+2010
65786,my neighbor totoro,1988,3,my+neighbor+totoro+1988
30650,the shawshank redemption,1994,3,the+shawshank+redemption+1994
37000,up,2009,4,up+2009
79485,casino royale,2006,5,casino+royale+2006
105435,the dark knight,2008,5,the+dark+knight+2008
7025,the shawshank redemption,1994,5,the+shawshank+redemption+1994
117642,up,2009,4,up+2009
101425,guardians of the galaxy,2014,3,guardians+of+the+galaxy+2014
122811,big hero 6,2014,3,big+hero+6+2014
27678,my neighbor totoro,1988,5,my+neighbor+totoro+1988
80625,interstellar,2014,3,interstellar+2014
137924,nancy drew and the hidden staircase,1939,3,nancy+drew+and+the+hidden+staircase+1939
115530,man on fire,2004,4,man+on+fire+2004
86705,alien,1979,5,alien+1979
31982,star wars,1977,2,star+wars+1977
21656,iron man,2008,4,iron+man+2008
115048,the shawshank redemption,1994,5,the+shawshank+redemption+1994
78304,monty python and the holy grail,1975,3,monty+python+and+the+holy+grail+1975
66810,ed wood,1994,5,ed+wood+1994
54820,the lion king,1994,5,the+lion+king+1994
131849,the woman in black 2 angel of death,2014,3,the+woman+in+black+2+angel+of+death+2014
41525,inception,2010,3,inception+2010
6380,revolution os,2001,5,revolution+os+2001
118473,whiplash,2014,4,whiplash+2014
144997,crisis,1950,3,crisis+1950
146127,shutter island,2010,5,shutter+island+2010
42311,big hero 6,2014,4,big+hero+6+2014
19854,monty python and the holy grail,1975,4,monty+python+and+the+holy+grail+1975
79488,one flew over the cuckoos nest,1975,4,one+flew+over+the+cuckoos+nest+1975
59561,fight club,1999,4,fight+club+1999
142914,deep red,1975,5,deep+red+1975
33222,the lord of the rings the two towers,2002,4,the+lord+of+the+rings+the+two+towers+2002
43948,big hero 6,2014,3,big+hero+6+2014
147910,the lord of the rings the fellowship of the ring,2001,4,the+lord+of+the+rings+the+fellowship+of+the+ring+2001
13099,up,2009,3,up+2009
48408,the killing fields,1984,4,the+killing+fields+1984
14782,the dark knight,2008,4,the+dark+knight+2008
117699,one flew over the cuckoos nest,1975,5,one+flew+over+the+cuckoos+nest+1975
62103,howls moving castle,2004,5,howls+moving+castle+2004
120855,the moon is blue,1953,4,the+moon+is+blue+1953
123688,the godfather,1972,4,the+godfather+1972
46580,x-men days of future past,2014,4,x-men+days+of+future+past+2014
107422,spirited away,2001,4,spirited+away+2001
73676,inception,2010,3,inception+2010
120625,whiplash,2014,4,whiplash+2014
137703,raiders of the lost ark,1981,5,raiders+of+the+lost+ark+1981
46229,death of a salesman,1966,3,death+of+a+salesman+1966
41736,up,2009,5,up+2009
58473,the shawshank redemption,1994,5,the+shawshank+redemption+1994
30649,monsters_ inc.,2001,4,monsters_+inc.+2001
42730,inception,2010,4,inception+2010
96564,whiplash,2014,3,whiplash+2014
40614,camouflage,1977,3,camouflage+1977
102948,zombie flesh eaters,1979,3,zombie+flesh+eaters+1979
123526,one flew over the cuckoos nest,1975,4,one+flew+over+the+cuckoos+nest+1975
77740,the dark knight,2008,5,the+dark+knight+2008
107540,sauna,2010,4,sauna+2010
65029,the godfather,1972,5,the+godfather+1972
142250,the lord of the rings the fellowship of the ring,2001,3,the+lord+of+the+rings+the+fellowship+of+the+ring+2001
105229,dollman,1991,4,dollman+1991
17284,iron man,2008,4,iron+man+2008
29650,whiplash,2014,4,whiplash+2014
83737,up,2009,3,up+2009
2800,monty python and the holy grail,1975,4,monty+python+and+the+holy+grail+1975
90842,whiplash,2014,4,whiplash+2014
142099,inception,2010,5,inception+2010
57453,valkyrie,2008,5,valkyrie+2008
115000,the amazing spider-man 2,2014,4,the+amazing+spider-man+2+2014
5433,password uccidete agente gordon,1966,4,password+uccidete+agente+gordon+1966
113495,the shawshank redemption,1994,4,the+shawshank+redemption+1994
12209,princess mononoke,1997,4,princess+mononoke+1997
37090,spirited away,2001,4,spirited+away+2001
72198,alien,1979,4,alien+1979
70968,robots,2005,2,robots+2005
114368,interstellar,2014,4,interstellar+2014
34844,thrashin,1986,3,thrashin+1986
128579,interstellar,2014,3,interstellar+2014
105167,raiders of the lost ark,1981,5,raiders+of+the+lost+ark+1981
54529,coraline,2009,3,coraline+2009
142859,guardians of the galaxy,2014,2,guardians+of+the+galaxy+2014
67994,kill bill vol. 1,2003,4,kill+bill+vol.+1+2003
8998,one flew over the cuckoos nest,1975,5,one+flew+over+the+cuckoos+nest+1975
27340,raiders of the lost ark,1981,5,raiders+of+the+lost+ark+1981
8530,guardians of the galaxy,2014,4,guardians+of+the+galaxy+2014
123527,the dark knight,2008,5,the+dark+knight+2008
72846,the shawshank redemption,1994,5,the+shawshank+redemption+1994
10322,ten thousand saints,2015,2,ten+thousand+saints+2015
49031,one flew over the cuckoos nest,1975,5,one+flew+over+the+cuckoos+nest+1975
120671,the squid and the whale,2005,2,the+squid+and+the+whale+2005
45248,interstellar,2014,5,interstellar+2014
57985,indiana jones and the last crusade,1989,4,indiana+jones+and+the+last+crusade+1989
49233,coraline,2009,5,coraline+2009
116632,welcome to the south,2010,3,welcome+to+the+south+2010
66406,highway 61,1991,4,highway+61+1991
49180,the talented mr. ripley,1999,3,the+talented+mr.+ripley+1999
135273,the oak,1992,4,the+oak+1992
114303,raiders of the lost ark,1981,4,raiders+of+the+lost+ark+1981
10181,bookies,2003,3,bookies+2003
18410,babylon 5 a call to arms,1999,5,babylon+5+a+call+to+arms+1999
95593,spirited away,2001,5,spirited+away+2001
115566,star wars,1977,4,star+wars+1977
65433,the heroes of telemark,1965,3,the+heroes+of+telemark+1965
97896,big hero 6,2014,4,big+hero+6+2014
123560,howls moving castle,2004,5,howls+moving+castle+2004
62075,the shawshank redemption,1994,5,the+shawshank+redemption+1994
31862,my big fat greek wedding,2002,4,my+big+fat+greek+wedding+2002
129508,kissed by winter,2005,2,kissed+by+winter+2005
76368,trade,2007,4,trade+2007
53,the shawshank redemption,1994,4,the+shawshank+redemption+1994
93920,nausica of the valley of the wind,1984,3,nausica+of+the+valley+of+the+wind+1984
137483,the fifth element,1997,5,the+fifth+element+1997
52994,spirited away,2001,3,spirited+away+2001
141883,pinocchio,1940,3,pinocchio+1940
113827,whiplash,2014,5,whiplash+2014
108470,interstellar,2014,5,interstellar+2014
7992,howls moving castle,2004,4,howls+moving+castle+2004
128286,zero for conduct,1933,4,zero+for+conduct+1933
12473,the girl on a motorcycle,1968,4,the+girl+on+a+motorcycle+1968
17552,coraline,2009,4,coraline+2009
11898,four nights with anna,2008,4,four+nights+with+anna+2008
146325,monty python and the holy grail,1975,5,monty+python+and+the+holy+grail+1975
67614,up,2009,4,up+2009
92272,max payne,2008,2,max+payne+2008
124516,spirited away,2001,4,spirited+away+2001
27288,human touch,2005,3,human+touch+2005
36436,michael clayton,2007,4,michael+clayton+2007
47356,my neighbor totoro,1988,4,my+neighbor+totoro+1988
46855,the lord of the rings the fellowship of the ring,2001,4,the+lord+of+the+rings+the+fellowship+of+the+ring+2001
145742,inception,2010,5,inception+2010
108569,the catered affair,1956,3,the+catered+affair+1956
5804,one flew over the cuckoos nest,1975,4,one+flew+over+the+cuckoos+nest+1975
78863,eversmile_ new jersey,1989,4,eversmile_+new+jersey+1989
152455,howls moving castle,2004,5,howls+moving+castle+2004
63188,whiplash,2014,4,whiplash+2014
16617,the day i was not born,2010,3,the+day+i+was+not+born+2010
94969,guardians of the galaxy,2014,4,guardians+of+the+galaxy+2014
93459,the matrix,1999,4,the+matrix+1999
109807,omar killed me,2011,4,omar+killed+me+2011
144954,one flew over the cuckoos nest,1975,5,one+flew+over+the+cuckoos+nest+1975
66463,big hero 6,2014,3,big+hero+6+2014
108093,the hunger games mockingjay - part 1,2014,3,the+hunger+games+mockingjay+-+part+1+2014
69653,monty python and the holy grail,1975,5,monty+python+and+the+holy+grail+1975
59043,iron man,2008,4,iron+man+2008
29937,interstellar,2014,4,interstellar+2014
83341,the adventurer the curse of the midas box,2013,3,the+adventurer+the+curse+of+the+midas+box+2013
52813,the lord of the rings the fellowship of the ring,2001,4,the+lord+of+the+rings+the+fellowship+of+the+ring+2001
46336,one flew over the cuckoos nest,1975,5,one+flew+over+the+cuckoos+nest+1975
112471,the dark knight,2008,4,the+dark+knight+2008
16955,coraline,2009,4,coraline+2009
115528,the devil and daniel johnston,2005,4,the+devil+and+daniel+johnston+2005
37760,alien,1979,5,alien+1979
143388,the learning tree,1969,5,the+learning+tree+1969
49273,bicycle thieves,1948,4,bicycle+thieves+1948
147931,raiders of the lost ark,1981,5,raiders+of+the+lost+ark+1981
37851,whiplash,2014,5,whiplash+2014
43595,up,2009,4,up+2009
31357,whiplash,2014,5,whiplash+2014
44176,the shawshank redemption,1994,5,the+shawshank+redemption+1994
27914,charlie chans greatest case,1933,3,charlie+chans+greatest+case+1933
104662,guardians of the galaxy,2014,4,guardians+of+the+galaxy+2014
82196,pulp fiction,1994,4,pulp+fiction+1994
129006,one flew over the cuckoos nest,1975,5,one+flew+over+the+cuckoos+nest+1975
117243,lost in la mancha,2002,4,lost+in+la+mancha+2002
98580,the godfather,1972,5,the+godfather+1972
57467,x-men days of future past,2014,4,x-men+days+of+future+past+2014
84333,coraline,2009,3,coraline+2009
126798,the lord of the rings the fellowship of the ring,2001,3,the+lord+of+the+rings+the+fellowship+of+the+ring+2001
126309,the avengers,2012,4,the+avengers+2012
121789,the lord of the rings the fellowship of the ring,2001,3,the+lord+of+the+rings+the+fellowship+of+the+ring+2001
134474,the maze runner,2014,4,the+maze+runner+2014
145100,harry potter and the deathly hallows part 1,2010,4,harry+potter+and+the+deathly+hallows+part+1+2010
25773,the art of negative thinking,2006,3,the+art+of+negative+thinking+2006
59714,monty python and the holy grail,1975,5,monty+python+and+the+holy+grail+1975
43056,the shawshank redemption,1994,5,the+shawshank+redemption+1994
77283,whisper of the heart,1995,3,whisper+of+the+heart+1995
104493,iron man,2008,4,iron+man+2008
58613,close encounters of the third kind,1977,4,close+encounters+of+the+third+kind+1977
93166,henry portrait of a serial killer,1986,2,henry+portrait+of+a+serial+killer+1986
148614,the shawshank redemption,1994,5,the+shawshank+redemption+1994
37355,sketches of frank gehry,2006,4,sketches+of+frank+gehry+2006
98508,tron legacy,2010,4,tron+legacy+2010
102531,spirited away,2001,5,spirited+away+2001
117159,the dam busters,1955,4,the+dam+busters+1955
55243,frailty,2001,3,frailty+2001
72795,alien,1979,4,alien+1979
57315,diary of a country priest,1951,3,diary+of+a+country+priest+1951
146968,threads,1984,3,threads+1984
144661,guardians of the galaxy,2014,5,guardians+of+the+galaxy+2014
69480,scar,2007,2,scar+2007
97334,disney sing-along-songs under the sea,1990,4,disney+sing-along-songs+under+the+sea+1990
30598,up,2009,4,up+2009
26356,monty python and the holy grail,1975,4,monty+python+and+the+holy+grail+1975
38390,pulp fiction,1994,4,pulp+fiction+1994
90920,berlin symphony of a great city,1927,4,berlin+symphony+of+a+great+city+1927
143508,the godfather,1972,5,the+godfather+1972
99900,zazie dans le mtro,1960,4,zazie+dans+le+mtro+1960
74975,star wars,1977,4,star+wars+1977
67658,star wars,1977,4,star+wars+1977
705,not bad for a human,1977,5,not+bad+for+a+human+1977
64656,inception,2010,4,inception+2010
1868,toy story,1995,4,toy+story+1995
5566,a nightmare in las cruces,2011,3,a+nightmare+in+las+cruces+2011
11186,interstellar,2014,4,interstellar+2014
52545,about elly,2009,5,about+elly+2009
63922,interstellar,2014,3,interstellar+2014
107453,avanti,1972,4,avanti+1972
79532,the gruffalos child,2011,4,the+gruffalos+child+2011
82368,toy story 3,2010,4,toy+story+3+2010
28406,one flew over the cuckoos nest,1975,4,one+flew+over+the+cuckoos+nest+1975
130499,spirited away,2001,5,spirited+away+2001
36062,interstellar,2014,4,interstellar+2014
125926,alex  emma,2003,3,alex++emma+2003
110835,howls moving castle,2004,4,howls+moving+castle+2004
49335,quod erat demonstrandum,2013,4,quod+erat+demonstrandum+2013
110587,pulp fiction,1994,4,pulp+fiction+1994
101654,coraline,2009,4,coraline+2009
66432,star wars,1977,5,star+wars+1977
115848,corridors of blood,1958,3,corridors+of+blood+1958
136106,insomnia,1997,4,insomnia+1997
13421,monty python and the holy grail,1975,3,monty+python+and+the+holy+grail+1975
50694,one flew over the cuckoos nest,1975,3,one+flew+over+the+cuckoos+nest+1975
134318,transformers age of extinction,2014,2,transformers+age+of+extinction+2014
121315,somersault,2004,3,somersault+2004
2085,my neighbor totoro,1988,3,my+neighbor+totoro+1988
46038,big hero 6,2014,4,big+hero+6+2014
46851,raiders of the lost ark,1981,5,raiders+of+the+lost+ark+1981
26179,howls moving castle,2004,3,howls+moving+castle+2004
100244,my neighbor totoro,1988,4,my+neighbor+totoro+1988
26394,gaslight,1944,4,gaslight+1944
60562,assassination on the tiber,1979,4,assassination+on+the+tiber+1979
5390,monty python and the holy grail,1975,4,monty+python+and+the+holy+grail+1975
115627,whiplash,2014,5,whiplash+2014
95336,coraline,2009,3,coraline+2009
74719,black book,2006,4,black+book+2006
153452,reagan,2011,4,reagan+2011
151629,on the rumba river,2007,3,on+the+rumba+river+2007
9389,coraline,2009,4,coraline+2009
126293,raiders of the lost ark,1981,5,raiders+of+the+lost+ark+1981
71480,vodka lemon,2003,3,vodka+lemon+2003
94672,princess mononoke,1997,4,princess+mononoke+1997
59276,big hero 6,2014,4,big+hero+6+2014
92026,the lord of the rings the fellowship of the ring,2001,4,the+lord+of+the+rings+the+fellowship+of+the+ring+2001
147665,star wars,1977,3,star+wars+1977
92213,the paper chase,1973,4,the+paper+chase+1973
107655,accattone,1961,4,accattone+1961
57943,the aristocats,1970,3,the+aristocats+1970
135250,monty python and the holy grail,1975,4,monty+python+and+the+holy+grail+1975
50475,whiplash,2014,4,whiplash+2014
132956,the celebration,1998,4,the+celebration+1998
1963,one flew over the cuckoos nest,1975,4,one+flew+over+the+cuckoos+nest+1975
25531,lonesome,1928,3,lonesome+1928
9635,the lord of the rings the fellowship of the ring,2001,3,the+lord+of+the+rings+the+fellowship+of+the+ring+2001
76260,invisible stripes,1939,4,invisible+stripes+1939
50859,whiplash,2014,3,whiplash+2014
49041,coraline,2009,4,coraline+2009
5952,one flew over the cuckoos nest,1975,5,one+flew+over+the+cuckoos+nest+1975
87575,the small back room,1949,4,the+small+back+room+1949
127055,nothing to declare,2010,4,nothing+to+declare+2010
66800,howls moving castle,2004,5,howls+moving+castle+2004
131245,cinderella,1914,3,cinderella+1914
100822,iron man,2008,5,iron+man+2008
42598,inception,2010,4,inception+2010
63855,desperate living,1977,5,desperate+living+1977
87054,shooting dogs,2006,4,shooting+dogs+2006
31504,the hospital,1971,4,the+hospital+1971
3023,inception,2010,5,inception+2010
53676,up,2009,5,up+2009
148721,wind chill,2007,3,wind+chill+2007
16433,berlin babylon,2001,4,berlin+babylon+2001
119215,one flew over the cuckoos nest,1975,5,one+flew+over+the+cuckoos+nest+1975
142107,kingsman the secret service,2015,3,kingsman+the+secret+service+2015
1961,master and commander the far side of the world,2003,3,master+and+commander+the+far+side+of+the+world+2003
20564,monty python and the holy grail,1975,4,monty+python+and+the+holy+grail+1975
76805,inception,2010,4,inception+2010
61448,the last exorcism,2010,4,the+last+exorcism+2010
31707,spirited away,2001,4,spirited+away+2001
7357,fbi frikis buscan incordiar,2004,4,fbi+frikis+buscan+incordiar+2004
64213,lover come back,1961,4,lover+come+back+1961
64836,the godfather,1972,4,the+godfather+1972
17431,the dark knight rises,2012,4,the+dark+knight+rises+2012
35782,one flew over the cuckoos nest,1975,4,one+flew+over+the+cuckoos+nest+1975
39102,the lord of the rings the fellowship of the ring,2001,4,the+lord+of+the+rings+the+fellowship+of+the+ring+2001
96480,raiders of the lost ark,1981,4,raiders+of+the+lost+ark+1981
73348,home of the brave,1949,4,home+of+the+brave+1949
6629,interstellar,2014,4,interstellar+2014
5489,spider-man,2002,5,spider-man+2002
142904,the sword in the stone,1963,3,the+sword+in+the+stone+1963
103669,the dark knight,2008,4,the+dark+knight+2008
140087,the all together,2007,3,the+all+together+2007
141998,the shawshank redemption,1994,5,the+shawshank+redemption+1994
112907,iron man,2008,4,iron+man+2008
104395,one flew over the cuckoos nest,1975,5,one+flew+over+the+cuckoos+nest+1975
136314,my neighbor totoro,1988,4,my+neighbor+totoro+1988
18899,rampage,2009,3,rampage+2009
145336,whiplash,2014,4,whiplash+2014
25596,colossal youth,2006,2,colossal+youth+2006
48565,coraline,2009,3,coraline+2009
66729,guardians of the galaxy,2014,3,guardians+of+the+galaxy+2014
135495,thor the dark world,2013,4,thor+the+dark+world+2013
89225,monty python and the holy grail,1975,4,monty+python+and+the+holy+grail+1975
63617,cuban rafters,2002,4,cuban+rafters+2002
127112,3-iron,2004,4,3-iron+2004
116928,whip it,2009,5,whip+it+2009
42096,whiplash,2014,3,whiplash+2014
28421,r.s.v.p.,2002,4,r.s.v.p.+2002
132084,monty python and the holy grail,1975,4,monty+python+and+the+holy+grail+1975
63453,the killer inside me,2010,3,the+killer+inside+me+2010
101646,alien,1979,5,alien+1979
82199,the shawshank redemption,1994,5,the+shawshank+redemption+1994
46017,coraline,2009,4,coraline+2009
85183,my neighbor totoro,1988,5,my+neighbor+totoro+1988
145758,this must be the place,2011,3,this+must+be+the+place+2011
17854,shutter island,2010,4,shutter+island+2010
92809,star wars,1977,4,star+wars+1977
68949,star wars,1977,4,star+wars+1977
37434,scarface,1983,5,scarface+1983
146798,memories,1995,5,memories+1995
103057,howls moving castle,2004,3,howls+moving+castle+2004
4224,wolfsburg,2003,5,wolfsburg+2003
117622,the dark knight,2008,5,the+dark+knight+2008
99398,indiana jones and the last crusade,1989,5,indiana+jones+and+the+last+crusade+1989
61231,laurence anyways,2012,3,laurence+anyways+2012
94967,sexual predator,2001,3,sexual+predator+2001
128827,tusday,2008,2,tusday+2008
132344,interstellar,2014,5,interstellar+2014
131617,toy story 3,2010,4,toy+story+3+2010
45244,star wars,1977,4,star+wars+1977
119114,alien,1979,5,alien+1979
31931,girl model,2011,5,girl+model+2011
132055,killer movie,2008,3,killer+movie+2008
18304,whiplash,2014,3,whiplash+2014
147007,harry potter and the goblet of fire,2005,3,harry+potter+and+the+goblet+of+fire+2005
18702,big hero 6,2014,5,big+hero+6+2014
103947,the shawshank redemption,1994,4,the+shawshank+redemption+1994
2091,star wars,1977,5,star+wars+1977
125528,big hero 6,2014,4,big+hero+6+2014
146082,the blackbird,1926,2,the+blackbird+1926
25066,galaxy quest,1999,5,galaxy+quest+1999
149524,blade runner,1982,4,blade+runner+1982
140667,guardians of the galaxy,2014,4,guardians+of+the+galaxy+2014
33475,big hero 6,2014,3,big+hero+6+2014
15224,the shawshank redemption,1994,3,the+shawshank+redemption+1994
81044,the shawshank redemption,1994,5,the+shawshank+redemption+1994
93796,war of the shaolin temple,1980,4,war+of+the+shaolin+temple+1980
42711,coraline,2009,5,coraline+2009
30306,the day the earth stood still,1951,3,the+day+the+earth+stood+still+1951
16825,spirited away,2001,5,spirited+away+2001
102916,die hard,1988,3,die+hard+1988
62574,only angels have wings,1939,5,only+angels+have+wings+1939
147362,the shawshank redemption,1994,5,the+shawshank+redemption+1994
16118,harmontown,2014,4,harmontown+2014
18250,snowtown,2011,3,snowtown+2011
115845,on any sunday,1971,4,on+any+sunday+1971
88958,oh happy day,2007,4,oh+happy+day+2007
103049,testament of orpheus,1960,4,testament+of+orpheus+1960
23213,alien,1979,4,alien+1979
83306,whiplash,2014,4,whiplash+2014
72406,modify,2005,2,modify+2005
142988,willy wonka  the chocolate factory,1971,4,willy+wonka++the+chocolate+factory+1971
118229,raiders of the lost ark,1981,4,raiders+of+the+lost+ark+1981
23712,walle,2008,4,walle+2008
77266,spirited away,2001,5,spirited+away+2001
144175,drinking buddies,2013,4,drinking+buddies+2013
121578,whiplash,2014,4,whiplash+2014
20240,sound of redemption the frank morgan story,2016,4,sound+of+redemption+the+frank+morgan+story+2016
90444,the dark knight,2008,5,the+dark+knight+2008
78570,spirited away,2001,5,spirited+away+2001
118389,twister,1996,3,twister+1996
17731,up,2009,5,up+2009
93800,saving private ryan,1998,3,saving+private+ryan+1998
4478,interstellar,2014,4,interstellar+2014
8400,the stendhal syndrome,1996,3,the+stendhal+syndrome+1996
51251,true lies,1994,5,true+lies+1994
94809,the godfather,1972,5,the+godfather+1972
91565,poohs heffalump movie,2005,3,poohs+heffalump+movie+2005
148999,the dark knight,2008,3,the+dark+knight+2008
82010,the killers,1956,4,the+killers+1956
29857,coraline,2009,4,coraline+2009
130376,dawn of the planet of the apes,2014,4,dawn+of+the+planet+of+the+apes+2014
74826,dreamgirls,2006,3,dreamgirls+2006
141972,iron man,2008,4,iron+man+2008
147683,inception,2010,3,inception+2010
12484,iron man,2008,4,iron+man+2008
14152,men dont leave,1990,3,men+dont+leave+1990
99023,the missing star,2006,4,the+missing+star+2006
11225,bodies_ rest  motion,1993,3,bodies_+rest++motion+1993
45723,opening night,1977,4,opening+night+1977
92238,big hero 6,2014,4,big+hero+6+2014
54589,the matrix,1999,4,the+matrix+1999
140532,spirited away,2001,5,spirited+away+2001
112199,iron man,2008,4,iron+man+2008
28133,the godfather,1972,5,the+godfather+1972
148573,the violent men,1955,4,the+violent+men+1955
20475,the first men in the moon,2010,2,the+first+men+in+the+moon+2010
30002,resident evil damnation,2012,3,resident+evil+damnation+2012
42683,map of the sounds of tokyo,2009,4,map+of+the+sounds+of+tokyo+2009
8879,my neighbor totoro,1988,3,my+neighbor+totoro+1988
103616,spirited away,2001,4,spirited+away+2001
95040,the shawshank redemption,1994,5,the+shawshank+redemption+1994
92398,monty python and the holy grail,1975,4,monty+python+and+the+holy+grail+1975
60438,the secret world of arrietty,2010,3,the+secret+world+of+arrietty+2010
87721,terminator 2 judgment day,1991,5,terminator+2+judgment+day+1991
95647,holiday in handcuffs,2007,4,holiday+in+handcuffs+2007
86540,spirited away,2001,5,spirited+away+2001
64354,interstellar,2014,4,interstellar+2014
104860,mystery train,1989,4,mystery+train+1989
13092,the shawshank redemption,1994,4,the+shawshank+redemption+1994
100895,love  human remains,1993,3,love++human+remains+1993
4471,a story of floating weeds,1934,4,a+story+of+floating+weeds+1934
94553,his girl friday,1940,5,his+girl+friday+1940
128231,o brother_ where art thou,2000,5,o+brother_+where+art+thou+2000
141757,hedwig and the angry inch,2001,4,hedwig+and+the+angry+inch+2001
79739,alien,1979,4,alien+1979
10517,guardians of the galaxy,2014,3,guardians+of+the+galaxy+2014
82051,talk to her,2002,3,talk+to+her+2002
2927,star wars,1977,4,star+wars+1977
91354,layer cake,2004,4,layer+cake+2004
138911,planes_ trains and automobiles,1987,4,planes_+trains+and+automobiles+1987
41087,i walked with a zombie,1943,4,i+walked+with+a+zombie+1943
92224,the lord of the rings the fellowship of the ring,2001,5,the+lord+of+the+rings+the+fellowship+of+the+ring+2001
14757,raiders of the lost ark,1981,4,raiders+of+the+lost+ark+1981
110930,my neighbor totoro,1988,5,my+neighbor+totoro+1988
9339,the godfather,1972,5,the+godfather+1972
13309,indiana jones and the last crusade,1989,3,indiana+jones+and+the+last+crusade+1989
85421,intimate strangers,2004,3,intimate+strangers+2004
138642,reservoir dogs,1992,4,reservoir+dogs+1992
125341,the godfather,1972,4,the+godfather+1972
95741,confidence,2003,4,confidence+2003
47913,catch-22,1970,4,catch-22+1970
122547,monty python and the holy grail,1975,5,monty+python+and+the+holy+grail+1975
102031,the godfather,1972,4,the+godfather+1972
97501,doing time on maple drive,1992,4,doing+time+on+maple+drive+1992
53233,french cancan,1954,3,french+cancan+1954
6118,the spongebob movie sponge out of water,2015,4,the+spongebob+movie+sponge+out+of+water+2015
14707,inception,2010,4,inception+2010
69311,inspector clouseau,1968,4,inspector+clouseau+1968
71263,whiplash,2014,4,whiplash+2014
10315,clo from 5 to 7,1962,4,clo+from+5+to+7+1962
5685,the matrix reloaded,2003,4,the+matrix+reloaded+2003
48201,big hero 6,2014,4,big+hero+6+2014
104023,one flew over the cuckoos nest,1975,5,one+flew+over+the+cuckoos+nest+1975
38164,raiders of the lost ark,1981,4,raiders+of+the+lost+ark+1981
66129,chappie,2015,4,chappie+2015
132715,whiplash,2014,4,whiplash+2014
135075,two-minute warning,1976,4,two-minute+warning+1976
146721,whisper,2007,4,whisper+2007
57475,up,2009,4,up+2009
936,sunshine cleaning,2008,2,sunshine+cleaning+2008
101036,raiders of the lost ark,1981,4,raiders+of+the+lost+ark+1981
93474,star wars,1977,4,star+wars+1977
127744,howls moving castle,2004,4,howls+moving+castle+2004
147490,howls moving castle,2004,3,howls+moving+castle+2004
138118,raiders of the lost ark,1981,5,raiders+of+the+lost+ark+1981
38988,the lord of the rings the fellowship of the ring,2001,5,the+lord+of+the+rings+the+fellowship+of+the+ring+2001
10724,blast of silence,1961,4,blast+of+silence+1961
122850,harry potter and the half-blood prince,2009,4,harry+potter+and+the+half-blood+prince+2009
27119,interstellar,2014,5,interstellar+2014
146380,alien,1979,4,alien+1979
38281,nirvana,1997,4,nirvana+1997
6808,the shawshank redemption,1994,3,the+shawshank+redemption+1994
52759,rob roy,1995,3,rob+roy+1995
85230,my neighbor totoro,1988,4,my+neighbor+totoro+1988
125572,spirited away,2001,3,spirited+away+2001
6351,black robe,1991,4,black+robe+1991
30924,up,2009,2,up+2009
4409,i_ robot,2004,4,i_+robot+2004
90371,inception,2010,4,inception+2010
112623,indiana jones and the last crusade,1989,4,indiana+jones+and+the+last+crusade+1989
108653,detour,1945,4,detour+1945
44784,seven samurai,1954,5,seven+samurai+1954
99364,driven to kill,2009,4,driven+to+kill+2009
72569,up,2009,4,up+2009
10717,whiplash,2014,5,whiplash+2014
42789,the dark knight,2008,5,the+dark+knight+2008
51392,guardians of the galaxy,2014,3,guardians+of+the+galaxy+2014
44451,my neighbor totoro,1988,5,my+neighbor+totoro+1988
17999,the match factory girl,1990,4,the+match+factory+girl+1990
48425,raiders of the lost ark,1981,5,raiders+of+the+lost+ark+1981
8646,the lord of the rings the fellowship of the ring,2001,4,the+lord+of+the+rings+the+fellowship+of+the+ring+2001
147775,the godfather,1972,5,the+godfather+1972
80507,the shawshank redemption,1994,4,the+shawshank+redemption+1994
96245,howls moving castle,2004,4,howls+moving+castle+2004
1922,the shawshank redemption,1994,4,the+shawshank+redemption+1994
77773,over the edge,1979,2,over+the+edge+1979
39660,the rape of europa,2006,3,the+rape+of+europa+2006
22592,whiplash,2014,5,whiplash+2014
66368,whiplash,2014,4,whiplash+2014
49508,mad dog and glory,1993,4,mad+dog+and+glory+1993
65682,veronica mars,2014,4,veronica+mars+2014
23427,anchors aweigh,1945,4,anchors+aweigh+1945
38001,raiders of the lost ark,1981,5,raiders+of+the+lost+ark+1981
97286,tarzan,1999,5,tarzan+1999
60651,princess mononoke,1997,3,princess+mononoke+1997
121260,weddings and babies,1958,2,weddings+and+babies+1958
70087,visions of europe,2004,3,visions+of+europe+2004
143016,harakiri,1919,3,harakiri+1919
59042,up,2009,4,up+2009
57008,alice in wonderland,1951,3,alice+in+wonderland+1951
121862,spirited away,2001,4,spirited+away+2001
120594,the shawshank redemption,1994,5,the+shawshank+redemption+1994
10712,my neighbor totoro,1988,4,my+neighbor+totoro+1988
18760,george washington,2000,4,george+washington+2000
86799,the road,2011,3,the+road+2011
37220,the lord of the rings the fellowship of the ring,2001,3,the+lord+of+the+rings+the+fellowship+of+the+ring+2001
95821,alice,1988,4,alice+1988
91477,the lord of the rings the fellowship of the ring,2001,4,the+lord+of+the+rings+the+fellowship+of+the+ring+2001
97671,the dark knight,2008,4,the+dark+knight+2008
109475,one-eyed jacks,1961,3,one-eyed+jacks+1961
58430,guardians of the galaxy,2014,3,guardians+of+the+galaxy+2014
32811,coraline,2009,4,coraline+2009
38753,one flew over the cuckoos nest,1975,4,one+flew+over+the+cuckoos+nest+1975
80432,star wars,1977,4,star+wars+1977
7690,the lord of the rings the fellowship of the ring,2001,3,the+lord+of+the+rings+the+fellowship+of+the+ring+2001
69250,harry potter and the deathly hallows part 1,2010,4,harry+potter+and+the+deathly+hallows+part+1+2010
130722,up,2009,5,up+2009
48494,alien,1979,3,alien+1979
37174,raiders of the lost ark,1981,4,raiders+of+the+lost+ark+1981
75747,dawn of the planet of the apes,2014,4,dawn+of+the+planet+of+the+apes+2014
72597,seven dollars on the red,1966,4,seven+dollars+on+the+red+1966
97049,whiplash,2014,4,whiplash+2014
24147,big hero 6,2014,4,big+hero+6+2014
30111,red hook summer,2012,3,red+hook+summer+2012
140639,the purge anarchy,2014,4,the+purge+anarchy+2014
132997,the lord of the rings the fellowship of the ring,2001,4,the+lord+of+the+rings+the+fellowship+of+the+ring+2001
1984,my neighbor totoro,1988,4,my+neighbor+totoro+1988
142602,the matrix,1999,4,the+matrix+1999
59666,the express,2008,4,the+express+2008
132010,howls moving castle,2004,4,howls+moving+castle+2004
29104,inception,2010,5,inception+2010
122487,the godfather,1972,4,the+godfather+1972
61897,inception,2010,3,inception+2010
461,guardians of the galaxy,2014,4,guardians+of+the+galaxy+2014
64824,my neighbor totoro,1988,3,my+neighbor+totoro+1988
146872,keep your right up,1987,3,keep+your+right+up+1987
134356,a good marriage,2014,4,a+good+marriage+2014
83647,my neighbor totoro,1988,4,my+neighbor+totoro+1988
22846,anastasia,1997,4,anastasia+1997
27641,the disappearance of alice creed,2009,3,the+disappearance+of+alice+creed+2009
111719,guardians of the galaxy,2014,4,guardians+of+the+galaxy+2014
5248,midnight in paris,2011,3,midnight+in+paris+2011
79096,my neighbor totoro,1988,5,my+neighbor+totoro+1988
42781,howls moving castle,2004,4,howls+moving+castle+2004
43012,the lord of the rings the two towers,2002,4,the+lord+of+the+rings+the+two+towers+2002
86622,inception,2010,4,inception+2010
129028,winter sleep,2014,4,winter+sleep+2014
99883,my neighbor totoro,1988,4,my+neighbor+totoro+1988
113505,raiders of the lost ark,1981,3,raiders+of+the+lost+ark+1981
41439,alien,1979,3,alien+1979
23378,star wars,1977,4,star+wars+1977
49667,up,2009,4,up+2009
17834,downfall,2004,4,downfall+2004
24542,bruce almighty,2003,2,bruce+almighty+2003
111617,the godfather,1972,5,the+godfather+1972
106937,lone wolf and cub baby cart in peril,1972,5,lone+wolf+and+cub+baby+cart+in+peril+1972
3512,chance pe dance,2010,1,chance+pe+dance+2010
102538,the hobbit an unexpected journey,2012,4,the+hobbit+an+unexpected+journey+2012
17539,the great escape,1963,4,the+great+escape+1963
109902,ill never forget whatsisname,1967,3,ill+never+forget+whatsisname+1967
17983,dumbo,1941,4,dumbo+1941
35506,america imagine the world without her,2014,3,america+imagine+the+world+without+her+2014
1387,interstellar,2014,4,interstellar+2014
77861,5050,2011,4,5050+2011
104803,spirited away,2001,3,spirited+away+2001
36650,the dark knight,2008,4,the+dark+knight+2008
52761,despicable me,2010,5,despicable+me+2010
89509,gladiator,2000,4,gladiator+2000
14675,slacker,1990,5,slacker+1990
114816,the shawshank redemption,1994,4,the+shawshank+redemption+1994
149589,my neighbor totoro,1988,5,my+neighbor+totoro+1988
75858,the dark knight,2008,4,the+dark+knight+2008
72863,close encounters of the third kind,1977,3,close+encounters+of+the+third+kind+1977
29298,kill bill vol. 1,2003,4,kill+bill+vol.+1+2003
112159,the hobbit an unexpected journey,2012,5,the+hobbit+an+unexpected+journey+2012
43624,mr. untouchable,2007,3,mr.+untouchable+2007
105852,wild west comedy show 30 days  30 nights - hollywood to the heartland,2006,5,wild+west+comedy+show+30+days++30+nights+-+hollywood+to+the+heartland+2006
55635,up,2009,5,up+2009
142090,nothing but the night,1973,4,nothing+but+the+night+1973
124343,up,2009,4,up+2009
36492,burrowing,2009,3,burrowing+2009
54063,inglourious basterds,2009,3,inglourious+basterds+2009
65318,the time travelers wife,2009,4,the+time+travelers+wife+2009
85761,the shawshank redemption,1994,3,the+shawshank+redemption+1994
71853,up,2009,5,up+2009
121921,the matrix,1999,5,the+matrix+1999
88646,my neighbor totoro,1988,5,my+neighbor+totoro+1988
81636,the sweeney,2012,3,the+sweeney+2012
77429,the dark knight,2008,4,the+dark+knight+2008
149512,spirited away,2001,5,spirited+away+2001
112517,interstellar,2014,4,interstellar+2014
34806,the shawshank redemption,1994,4,the+shawshank+redemption+1994
20485,the godfather,1972,4,the+godfather+1972
19105,the shawshank redemption,1994,5,the+shawshank+redemption+1994
136603,ride lonesome,1959,3,ride+lonesome+1959
135268,rocco and his brothers,1960,4,rocco+and+his+brothers+1960
111827,alien,1979,5,alien+1979
79269,harlan county u.s.a.,1976,5,harlan+county+u.s.a.+1976
86820,my neighbor totoro,1988,3,my+neighbor+totoro+1988
108759,alien,1979,4,alien+1979
82628,from russia with love,1963,5,from+russia+with+love+1963
59862,apollo 13,1995,4,apollo+13+1995
95415,rollerball,1975,4,rollerball+1975
78904,up,2009,4,up+2009
48605,the unfaithful,1947,4,the+unfaithful+1947
138947,2001 a space odyssey,1968,5,2001+a+space+odyssey+1968
112138,the shawshank redemption,1994,5,the+shawshank+redemption+1994
59546,george lopez americas mexican,2007,3,george+lopez+americas+mexican+2007
118806,sopyonje,1993,3,sopyonje+1993
114072,it happened here,1966,4,it+happened+here+1966
123040,the dark knight,2008,3,the+dark+knight+2008
78638,big hero 6,2014,4,big+hero+6+2014
100380,one flew over the cuckoos nest,1975,5,one+flew+over+the+cuckoos+nest+1975
6895,star wars,1977,5,star+wars+1977
6399,guardians of the galaxy,2014,4,guardians+of+the+galaxy+2014
32606,planes_ trains and automobiles,1987,3,planes_+trains+and+automobiles+1987
11757,older brother_ younger sister,1953,4,older+brother_+younger+sister+1953
105639,the shawshank redemption,1994,5,the+shawshank+redemption+1994
91030,one flew over the cuckoos nest,1975,4,one+flew+over+the+cuckoos+nest+1975
81871,horror of dracula,1958,4,horror+of+dracula+1958
126684,the dark knight,2008,4,the+dark+knight+2008
114572,the lord of the rings the fellowship of the ring,2001,5,the+lord+of+the+rings+the+fellowship+of+the+ring+2001
1757,alien,1979,2,alien+1979
33695,tale of cinema,2005,4,tale+of+cinema+2005
148424,dear heart,1964,3,dear+heart+1964
30295,big hero 6,2014,3,big+hero+6+2014
49000,the unholy three,1925,4,the+unholy+three+1925
10130,it follows,2015,4,it+follows+2015
34039,whiplash,2014,5,whiplash+2014
42721,very ordinary couple,2013,4,very+ordinary+couple+2013
75746,alien,1979,4,alien+1979
62447,one flew over the cuckoos nest,1975,5,one+flew+over+the+cuckoos+nest+1975
13690,princess mononoke,1997,3,princess+mononoke+1997
70404,star wars,1977,5,star+wars+1977
143300,the longest day,1962,4,the+longest+day+1962
107014,iron man,2008,5,iron+man+2008
81530,ju-on black ghost,2009,4,ju-on+black+ghost+2009
104303,guardians of the galaxy,2014,3,guardians+of+the+galaxy+2014
123105,midnight crossing,1988,3,midnight+crossing+1988
68567,les modles de pickpocket,2004,5,les+modles+de+pickpocket+2004
39557,sense and sensibility,2008,4,sense+and+sensibility+2008
29863,pulp fiction,1994,4,pulp+fiction+1994
34520,alien,1979,4,alien+1979
97475,the lift,1983,4,the+lift+1983
122157,se7en,1995,4,se7en+1995
64138,alien,1979,4,alien+1979
13660,dont take gods children for wild geese,1968,5,dont+take+gods+children+for+wild+geese+1968
123085,the dark knight,2008,5,the+dark+knight+2008
146384,casino royale,2006,4,casino+royale+2006
120091,wonder boys,2000,3,wonder+boys+2000
116468,whiplash,2014,5,whiplash+2014
53906,monty python and the holy grail,1975,5,monty+python+and+the+holy+grail+1975
94004,alien,1979,4,alien+1979
24429,the dark knight,2008,4,the+dark+knight+2008
147190,the lord of the rings the fellowship of the ring,2001,4,the+lord+of+the+rings+the+fellowship+of+the+ring+2001
19286,raiders of the lost ark,1981,4,raiders+of+the+lost+ark+1981
118897,spirited away,2001,5,spirited+away+2001
82915,veronika voss,1982,4,veronika+voss+1982
50949,spirited away,2001,4,spirited+away+2001
108822,pinocchio,1940,4,pinocchio+1940
104971,alien,1979,4,alien+1979
37903,up,2009,4,up+2009
35114,howls moving castle,2004,4,howls+moving+castle+2004
89356,the lord of the rings the fellowship of the ring,2001,5,the+lord+of+the+rings+the+fellowship+of+the+ring+2001
32590,alien,1979,4,alien+1979
74969,raiders of the lost ark,1981,4,raiders+of+the+lost+ark+1981
52070,shrek,2001,4,shrek+2001
110571,the dark knight,2008,4,the+dark+knight+2008
104159,whiplash,2014,4,whiplash+2014
68573,the gendarme and the gendarmettes,1982,3,the+gendarme+and+the+gendarmettes+1982
119692,little children,2006,4,little+children+2006
8834,monty python and the holy grail,1975,4,monty+python+and+the+holy+grail+1975
140366,alien,1979,4,alien+1979
101455,maleficent,2014,4,maleficent+2014
113588,guardians of the galaxy,2014,4,guardians+of+the+galaxy+2014
58540,star wars,1977,4,star+wars+1977
72320,frozen,2013,4,frozen+2013
51616,spirited away,2001,4,spirited+away+2001
140671,big hero 6,2014,4,big+hero+6+2014
97982,one flew over the cuckoos nest,1975,5,one+flew+over+the+cuckoos+nest+1975
125974,alien,1979,5,alien+1979
40510,inception,2010,5,inception+2010
22620,up,2009,4,up+2009
149856,aladdin,1992,2,aladdin+1992
80054,room at the top,1959,3,room+at+the+top+1959
43876,grease,1978,3,grease+1978
119382,whiplash,2014,4,whiplash+2014
144754,praise,1998,3,praise+1998
8188,kikis delivery service,1989,5,kikis+delivery+service+1989
37838,ponyo,2008,3,ponyo+2008
54810,citizenfour,2014,3,citizenfour+2014
149251,cinderella,1950,5,cinderella+1950
1633,the godfather,1972,4,the+godfather+1972
22107,fill the void,2012,4,fill+the+void+2012
72963,spirited away,2001,5,spirited+away+2001
45486,super demetrios,2011,4,super+demetrios+2011
24653,blank city,2011,3,blank+city+2011
2513,iron man,2008,3,iron+man+2008
134552,titanic,1997,3,titanic+1997
7108,the shawshank redemption,1994,4,the+shawshank+redemption+1994
24724,making do the right thing,1989,4,making+do+the+right+thing+1989
70453,the gangs all here,1943,3,the+gangs+all+here+1943
149552,the dark knight,2008,5,the+dark+knight+2008
126302,quantum of solace,2008,3,quantum+of+solace+2008
112345,die hard,1988,4,die+hard+1988
112423,coraline,2009,4,coraline+2009
141007,oceans eleven,2001,3,oceans+eleven+2001
130474,2001 a space odyssey,1968,4,2001+a+space+odyssey+1968
60929,shoot to kill,1988,4,shoot+to+kill+1988
101767,resident evil extinction,2007,4,resident+evil+extinction+2007
134339,the decoy bride,2011,4,the+decoy+bride+2011
38659,the godfather,1972,5,the+godfather+1972
31385,the shawshank redemption,1994,5,the+shawshank+redemption+1994
129193,star wars,1977,4,star+wars+1977
132073,alien,1979,4,alien+1979
55210,the shawshank redemption,1994,4,the+shawshank+redemption+1994
103437,big hero 6,2014,4,big+hero+6+2014
119203,comrades,1987,5,comrades+1987
39701,the avengers,2012,3,the+avengers+2012
84471,sweepers,1999,4,sweepers+1999
16309,one flew over the cuckoos nest,1975,4,one+flew+over+the+cuckoos+nest+1975
95376,star wars,1977,3,star+wars+1977
140990,megamind,2010,4,megamind+2010
56433,you can count on me,2000,4,you+can+count+on+me+2000
101338,the lord of the rings the fellowship of the ring,2001,5,the+lord+of+the+rings+the+fellowship+of+the+ring+2001
36771,the lord of the rings the fellowship of the ring,2001,4,the+lord+of+the+rings+the+fellowship+of+the+ring+2001
120544,the scarlet pimpernel,1982,3,the+scarlet+pimpernel+1982
78336,forrest gump,1994,4,forrest+gump+1994
55550,the usual suspects,1995,4,the+usual+suspects+1995
133020,hit  run,2012,3,hit++run+2012
104257,rage in heaven,1941,3,rage+in+heaven+1941
120260,the lord of the rings the fellowship of the ring,2001,4,the+lord+of+the+rings+the+fellowship+of+the+ring+2001
5421,zodiac,2007,4,zodiac+2007
60852,the very thought of you,1944,4,the+very+thought+of+you+1944
96526,batman begins,2005,4,batman+begins+2005
108387,spirited away,2001,4,spirited+away+2001
45407,the inglorious bastards,1978,4,the+inglorious+bastards+1978
24642,reservoir dogs,1992,4,reservoir+dogs+1992
40337,interstellar,2014,4,interstellar+2014
34392,the godfather,1972,3,the+godfather+1972
86528,monty python and the holy grail,1975,5,monty+python+and+the+holy+grail+1975
38319,gone,2012,5,gone+2012
30696,my neighbor totoro,1988,5,my+neighbor+totoro+1988
135366,monty python and the holy grail,1975,4,monty+python+and+the+holy+grail+1975
62209,the imitation game,2014,5,the+imitation+game+2014
69072,the godfather,1972,5,the+godfather+1972
6344,big hero 6,2014,5,big+hero+6+2014
44623,all the presidents men,1976,5,all+the+presidents+men+1976
52302,kevin nealon whelmed_ but not overly,2012,4,kevin+nealon+whelmed_+but+not+overly+2012
8450,the shawshank redemption,1994,5,the+shawshank+redemption+1994
17816,street smart,1987,3,street+smart+1987
14370,spirited away,2001,5,spirited+away+2001
96647,nora roberts montana sky,2007,4,nora+roberts+montana+sky+2007
18834,alien,1979,4,alien+1979
67852,interstellar,2014,5,interstellar+2014
97527,peter-no-tail in americat,1985,3,peter-no-tail+in+americat+1985
81988,howls moving castle,2004,4,howls+moving+castle+2004
110586,spirited away,2001,3,spirited+away+2001
74299,how to train your dragon 2,2014,4,how+to+train+your+dragon+2+2014
18776,despicable me 2,2013,4,despicable+me+2+2013
64673,big hero 6,2014,5,big+hero+6+2014
6973,howls moving castle,2004,4,howls+moving+castle+2004
132866,up,2009,4,up+2009
142132,alien,1979,3,alien+1979
149003,once youre born you can no longer hide,2005,3,once+youre+born+you+can+no+longer+hide+2005
28446,schultze gets the blues,2003,4,schultze+gets+the+blues+2003
113544,inception,2010,4,inception+2010
146815,guardians of the galaxy,2014,4,guardians+of+the+galaxy+2014
18397,my life as a dog,1985,3,my+life+as+a+dog+1985
124101,3096 days,2013,4,3096+days+2013
72557,perched on a tree,1971,3,perched+on+a+tree+1971
145773,kingsman the secret service,2015,4,kingsman+the+secret+service+2015
28158,santa who,2000,4,santa+who+2000
86006,up,2009,4,up+2009
82959,guardians of the galaxy,2014,5,guardians+of+the+galaxy+2014
69449,a justified life sam peckinpah and the high country,2006,4,a+justified+life+sam+peckinpah+and+the+high+country+2006
93457,contempt,1963,4,contempt+1963
6725,inception,2010,3,inception+2010
36232,seraphim falls,2006,4,seraphim+falls+2006
135340,the lord of the rings the fellowship of the ring,2001,4,the+lord+of+the+rings+the+fellowship+of+the+ring+2001
67509,big hero 6,2014,4,big+hero+6+2014
66683,the devil wears prada,2006,4,the+devil+wears+prada+2006
85923,propos de nice,1930,3,propos+de+nice+1930
135164,black beauty,1994,2,black+beauty+1994
110419,big hero 6,2014,3,big+hero+6+2014
78366,up,2009,5,up+2009
11119,guardians of the galaxy,2014,4,guardians+of+the+galaxy+2014
102215,spirited away,2001,4,spirited+away+2001
141342,star wars,1977,4,star+wars+1977
101308,the dark knight,2008,4,the+dark+knight+2008
126564,one flew over the cuckoos nest,1975,4,one+flew+over+the+cuckoos+nest+1975
50058,eden of the east movie ii paradise lost,2010,4,eden+of+the+east+movie+ii+paradise+lost+2010
25033,up,2009,4,up+2009
20025,inland empire,2006,3,inland+empire+2006
143832,mystery train,1989,3,mystery+train+1989
109905,the godfather,1972,4,the+godfather+1972
106508,raiders of the lost ark,1981,5,raiders+of+the+lost+ark+1981
140055,october sky,1999,3,october+sky+1999
4944,interstellar,2014,5,interstellar+2014
142860,raiders of the lost ark,1981,4,raiders+of+the+lost+ark+1981
33656,deadly voyage,1996,2,deadly+voyage+1996
74697,the dark knight,2008,5,the+dark+knight+2008
11099,star wars,1977,5,star+wars+1977
121998,interstellar,2014,4,interstellar+2014
16980,alien,1979,4,alien+1979
129177,dial m for murder,1954,5,dial+m+for+murder+1954
69989,frownland,2007,3,frownland+2007
78077,the time machine,2002,3,the+time+machine+2002
53719,safe house,2012,5,safe+house+2012
10736,coraline,2009,4,coraline+2009
104735,guardians of the galaxy,2014,5,guardians+of+the+galaxy+2014
23425,cheech  chongs animated movie,2013,4,cheech++chongs+animated+movie+2013
14797,the hobbit the desolation of smaug,2013,3,the+hobbit+the+desolation+of+smaug+2013
47306,one flew over the cuckoos nest,1975,4,one+flew+over+the+cuckoos+nest+1975
37860,cake,2014,4,cake+2014
12279,confidence reigns,2004,5,confidence+reigns+2004
20288,nathalie...,2003,4,nathalie...+2003
41255,the gospel according to matthew,1964,5,the+gospel+according+to+matthew+1964
108854,the godfather,1972,4,the+godfather+1972
87777,freud the secret passion,1962,3,freud+the+secret+passion+1962
51117,city slickers ii the legend of curlys gold,1994,3,city+slickers+ii+the+legend+of+curlys+gold+1994
47439,trancers,1984,4,trancers+1984
110937,the shawshank redemption,1994,5,the+shawshank+redemption+1994
52787,transsiberian,2008,4,transsiberian+2008
93953,coraline,2009,4,coraline+2009
82361,up,2009,4,up+2009
84234,whiplash,2014,3,whiplash+2014
811,snowpiercer,2013,4,snowpiercer+2013
89894,mean creek,2004,5,mean+creek+2004
26889,something like happiness,2005,3,something+like+happiness+2005
120744,whiplash,2014,4,whiplash+2014
131101,the philadelphia story,1940,4,the+philadelphia+story+1940
76195,dominick and eugene,1988,4,dominick+and+eugene+1988
83595,star wars,1977,5,star+wars+1977
75111,when the wind blows,1986,3,when+the+wind+blows+1986
37569,guardians of the galaxy,2014,4,guardians+of+the+galaxy+2014
110718,monty python and the holy grail,1975,5,monty+python+and+the+holy+grail+1975
116338,my neighbor totoro,1988,4,my+neighbor+totoro+1988
96492,the dark knight,2008,5,the+dark+knight+2008
135423,love exposure,2008,4,love+exposure+2008
129048,percy jackson  the olympians the lightning thief,2010,3,percy+jackson++the+olympians+the+lightning+thief+2010
120691,monty python and the holy grail,1975,4,monty+python+and+the+holy+grail+1975
38479,the hunger games mockingjay - part 1,2014,4,the+hunger+games+mockingjay+-+part+1+2014
65110,samaritan girl,2004,4,samaritan+girl+2004
50258,the life and death of colonel blimp,1943,5,the+life+and+death+of+colonel+blimp+1943
150875,tale of tales,1979,4,tale+of+tales+1979
26317,husk,2011,4,husk+2011
6035,the lord of the rings the fellowship of the ring,2001,4,the+lord+of+the+rings+the+fellowship+of+the+ring+2001
42544,spirited away,2001,4,spirited+away+2001
8076,the little mermaid,1989,4,the+little+mermaid+1989
105829,the godfather,1972,5,the+godfather+1972
85719,guardians of the galaxy,2014,3,guardians+of+the+galaxy+2014
24998,spirited away,2001,5,spirited+away+2001
131390,the lord of the rings the fellowship of the ring,2001,5,the+lord+of+the+rings+the+fellowship+of+the+ring+2001
124000,one flew over the cuckoos nest,1975,3,one+flew+over+the+cuckoos+nest+1975
135497,monty python and the holy grail,1975,5,monty+python+and+the+holy+grail+1975
27656,alien,1979,4,alien+1979
21219,aliens,1986,5,aliens+1986
41716,always for pleasure,1978,4,always+for+pleasure+1978
100804,stella does tricks,1997,3,stella+does+tricks+1997
64372,one flew over the cuckoos nest,1975,4,one+flew+over+the+cuckoos+nest+1975
132777,star wars,1977,4,star+wars+1977
35479,my neighbor totoro,1988,3,my+neighbor+totoro+1988
65658,the day the earth stood still,1951,5,the+day+the+earth+stood+still+1951
28348,raiders of the lost ark,1981,4,raiders+of+the+lost+ark+1981
83261,cinderella,2015,3,cinderella+2015
55819,anastasia,1997,4,anastasia+1997
60206,the croods,2013,3,the+croods+2013
123601,alien,1979,4,alien+1979
28930,the man who knew too much,1956,4,the+man+who+knew+too+much+1956
18802,never cry wolf,1983,4,never+cry+wolf+1983
117275,iron man,2008,3,iron+man+2008
123400,whiplash,2014,4,whiplash+2014
68022,one flew over the cuckoos nest,1975,3,one+flew+over+the+cuckoos+nest+1975
34604,under the skin of the city,2001,3,under+the+skin+of+the+city+2001
65791,star wars,1977,4,star+wars+1977
87558,inception,2010,5,inception+2010
95146,peter pan,1953,4,peter+pan+1953
148265,one flew over the cuckoos nest,1975,4,one+flew+over+the+cuckoos+nest+1975
144498,ice age,2002,4,ice+age+2002
40808,raiders of the lost ark,1981,5,raiders+of+the+lost+ark+1981
114653,one flew over the cuckoos nest,1975,4,one+flew+over+the+cuckoos+nest+1975
137983,raiders of the lost ark,1981,5,raiders+of+the+lost+ark+1981
136666,the hobbit the desolation of smaug,2013,4,the+hobbit+the+desolation+of+smaug+2013
85777,the dark knight,2008,4,the+dark+knight+2008
41332,metropolis,1927,5,metropolis+1927
143225,se7en,1995,3,se7en+1995
59359,tangled,2010,4,tangled+2010
124389,harry potter and the goblet of fire,2005,5,harry+potter+and+the+goblet+of+fire+2005
146418,the thin man goes home,1945,4,the+thin+man+goes+home+1945
148156,ida,2013,4,ida+2013
60829,riki-oh the story of ricky,1991,3,riki-oh+the+story+of+ricky+1991
118295,up,2009,5,up+2009
136915,from up on poppy hill,2011,3,from+up+on+poppy+hill+2011
10189,whiplash,2014,3,whiplash+2014
117936,one flew over the cuckoos nest,1975,4,one+flew+over+the+cuckoos+nest+1975
32402,whiplash,2014,3,whiplash+2014
120423,off and running,2009,4,off+and+running+2009
70970,men in black,1997,5,men+in+black+1997
32369,howls moving castle,2004,4,howls+moving+castle+2004
133072,percy jackson  the olympians the lightning thief,2010,4,percy+jackson++the+olympians+the+lightning+thief+2010
144952,iron man,2008,5,iron+man+2008
9322,me and you and everyone we know,2005,3,me+and+you+and+everyone+we+know+2005
147870,alien,1979,5,alien+1979
78894,miracle on 34th street,1994,4,miracle+on+34th+street+1994
62,29 palms,2002,3,29+palms+2002
1935,reds dream,1987,3,reds+dream+1987
47791,star wars episode i - the phantom menace,1999,3,star+wars+episode+i+-+the+phantom+menace+1999
61250,interstellar,2014,5,interstellar+2014
86571,the godfather,1972,4,the+godfather+1972
66565,escape from alcatraz,1979,3,escape+from+alcatraz+1979
77725,one flew over the cuckoos nest,1975,3,one+flew+over+the+cuckoos+nest+1975
19484,conrack,1974,3,conrack+1974
135471,ex drummer,2007,2,ex+drummer+2007
122355,bad men of missouri,1941,5,bad+men+of+missouri+1941
4905,the lord of the rings the fellowship of the ring,2001,4,the+lord+of+the+rings+the+fellowship+of+the+ring+2001
59110,whiplash,2014,5,whiplash+2014
103324,high plains drifter,1973,4,high+plains+drifter+1973
16050,princess mononoke,1997,4,princess+mononoke+1997
91449,iron man,2008,4,iron+man+2008
66106,star wars,1977,3,star+wars+1977
15532,the dark knight,2008,4,the+dark+knight+2008
59052,ex-lady,1933,4,ex-lady+1933
143584,the shawshank redemption,1994,4,the+shawshank+redemption+1994
36142,interstellar,2014,4,interstellar+2014
83378,frozen days,2005,2,frozen+days+2005
10042,inception,2010,4,inception+2010
144455,toni,1935,3,toni+1935
45496,iron man,2008,4,iron+man+2008
116780,spirited away,2001,5,spirited+away+2001
85803,howls moving castle,2004,4,howls+moving+castle+2004
142693,howls moving castle,2004,3,howls+moving+castle+2004
133260,howls moving castle,2004,3,howls+moving+castle+2004
53364,howls moving castle,2004,5,howls+moving+castle+2004
26989,monty python and the holy grail,1975,4,monty+python+and+the+holy+grail+1975
124258,the godfather,1972,5,the+godfather+1972
96073,iron man,2008,4,iron+man+2008
63353,raiders of the lost ark,1981,5,raiders+of+the+lost+ark+1981
123346,big hero 6,2014,3,big+hero+6+2014
26056,sleeping beauty,1959,3,sleeping+beauty+1959
58447,lady and the tramp,1955,4,lady+and+the+tramp+1955
132315,inception,2010,4,inception+2010
25013,big hero 6,2014,3,big+hero+6+2014
21964,elsewhere,2009,4,elsewhere+2009
113386,my neighbor totoro,1988,5,my+neighbor+totoro+1988
57606,the shawshank redemption,1994,5,the+shawshank+redemption+1994
37377,up,2009,3,up+2009
57470,coraline,2009,4,coraline+2009
22955,the shawshank redemption,1994,4,the+shawshank+redemption+1994
88410,whiplash,2014,4,whiplash+2014
76601,up,2009,4,up+2009
23665,the shawshank redemption,1994,3,the+shawshank+redemption+1994
94559,burn paris burn,2008,3,burn+paris+burn+2008
98375,perfect blue,1997,3,perfect+blue+1997
47934,the godfather,1972,4,the+godfather+1972
122075,the dark knight,2008,3,the+dark+knight+2008
63317,big hero 6,2014,4,big+hero+6+2014
9988,the dark knight,2008,5,the+dark+knight+2008
29467,dumbo,1941,3,dumbo+1941
7369,interstellar,2014,5,interstellar+2014
102754,guardians of the galaxy,2014,4,guardians+of+the+galaxy+2014
61804,the dark knight,2008,5,the+dark+knight+2008
141435,the watcher in the woods,1980,4,the+watcher+in+the+woods+1980
120823,interstellar,2014,4,interstellar+2014
2550,the dark knight,2008,4,the+dark+knight+2008
29468,big hero 6,2014,4,big+hero+6+2014
54261,prom night in mississippi,2009,3,prom+night+in+mississippi+2009
71401,whiplash,2014,5,whiplash+2014
135243,ordet,1955,4,ordet+1955
5355,my neighbor totoro,1988,5,my+neighbor+totoro+1988
57198,one flew over the cuckoos nest,1975,3,one+flew+over+the+cuckoos+nest+1975
136334,goodfellas,1990,5,goodfellas+1990
89660,the shawshank redemption,1994,5,the+shawshank+redemption+1994
48331,monty python and the holy grail,1975,4,monty+python+and+the+holy+grail+1975
149673,star wars,1977,5,star+wars+1977
81125,alien,1979,3,alien+1979
9677,the dark knight,2008,4,the+dark+knight+2008
113673,whiplash,2014,5,whiplash+2014
127090,outsourced,2006,3,outsourced+2006
94094,terminator 2 judgment day,1991,4,terminator+2+judgment+day+1991
98129,my neighbor totoro,1988,5,my+neighbor+totoro+1988
37301,howls moving castle,2004,4,howls+moving+castle+2004
135935,spirited away,2001,3,spirited+away+2001
78151,ocean heaven,2010,3,ocean+heaven+2010
83906,our children,2012,3,our+children+2012
98852,watership down,1978,4,watership+down+1978
10390,the godfather,1972,4,the+godfather+1972
103652,aliens,1986,4,aliens+1986
132604,guardians of the galaxy,2014,3,guardians+of+the+galaxy+2014
95771,spirited away,2001,4,spirited+away+2001
54346,raiders of the lost ark,1981,5,raiders+of+the+lost+ark+1981
39005,star wars,1977,3,star+wars+1977
82005,taxi driver,1976,4,taxi+driver+1976
77132,raiders of the lost ark,1981,4,raiders+of+the+lost+ark+1981
54721,frantic,1988,3,frantic+1988
17879,kuch kuch hota hai,1998,4,kuch+kuch+hota+hai+1998
140030,ninja cheerleaders,2008,3,ninja+cheerleaders+2008
156756,shadows  lies,2010,4,shadows++lies+2010
24948,hour of the wolf,1968,4,hour+of+the+wolf+1968
137270,interstellar,2014,5,interstellar+2014
14163,red obsession,2013,3,red+obsession+2013
126301,girls just want to have fun,1985,3,girls+just+want+to+have+fun+1985
113453,station west,1948,4,station+west+1948
84971,big hero 6,2014,4,big+hero+6+2014
41858,the shawshank redemption,1994,4,the+shawshank+redemption+1994
135994,illtown,1996,3,illtown+1996
143690,the godfather,1972,4,the+godfather+1972
132584,raiders of the lost ark,1981,4,raiders+of+the+lost+ark+1981
5778,iron man,2008,4,iron+man+2008
106314,harry potter and the prisoner of azkaban,2004,3,harry+potter+and+the+prisoner+of+azkaban+2004
106431,monty python and the holy grail,1975,4,monty+python+and+the+holy+grail+1975
91148,richard pryor live on the sunset strip,1982,4,richard+pryor+live+on+the+sunset+strip+1982
20797,inception,2010,3,inception+2010
45625,frozen,2013,4,frozen+2013
13631,children of the damned,1964,4,children+of+the+damned+1964
134539,whiplash,2014,5,whiplash+2014
5830,the band wagon,1953,4,the+band+wagon+1953
62406,star wars,1977,4,star+wars+1977
140128,mdchen in uniform,1931,4,mdchen+in+uniform+1931
81288,raiders of the lost ark,1981,5,raiders+of+the+lost+ark+1981
31114,haunt,2014,3,haunt+2014
135021,zatichi the outlaw,1967,3,zatichi+the+outlaw+1967
25014,mumford,1999,3,mumford+1999
93296,howls moving castle,2004,4,howls+moving+castle+2004
7168,coraline,2009,4,coraline+2009
146596,star wars,1977,4,star+wars+1977
140664,the lord of the rings the fellowship of the ring,2001,4,the+lord+of+the+rings+the+fellowship+of+the+ring+2001
94793,alice in wonderland,1951,4,alice+in+wonderland+1951
8186,the duff,2015,4,the+duff+2015
2420,raiders of the lost ark,1981,5,raiders+of+the+lost+ark+1981
64892,mongol the rise of genghis khan,2007,3,mongol+the+rise+of+genghis+khan+2007
145984,kill bill vol. 1,2003,4,kill+bill+vol.+1+2003
56445,the unholy three,1925,3,the+unholy+three+1925
115767,the moon-spinners,1964,4,the+moon-spinners+1964
71017,howls moving castle,2004,5,howls+moving+castle+2004
133842,strangers with candy,2006,3,strangers+with+candy+2006
35024,2001 a space odyssey,1968,4,2001+a+space+odyssey+1968
7040,whiplash,2014,3,whiplash+2014
64985,drifting clouds,1996,3,drifting+clouds+1996
73048,my neighbor totoro,1988,5,my+neighbor+totoro+1988
118687,harry potter and the deathly hallows part 2,2011,5,harry+potter+and+the+deathly+hallows+part+2+2011
142463,dr. no,1962,3,dr.+no+1962
93849,bully,2001,3,bully+2001
104504,the scarlet empress,1934,4,the+scarlet+empress+1934
3146,big hero 6,2014,5,big+hero+6+2014
96015,alien,1979,4,alien+1979
75457,the intouchables,2011,4,the+intouchables+2011
28887,my neighbor totoro,1988,4,my+neighbor+totoro+1988
145552,the shawshank redemption,1994,4,the+shawshank+redemption+1994
50799,the champ,1931,4,the+champ+1931
66859,raiders of the lost ark,1981,4,raiders+of+the+lost+ark+1981
114616,a night in the show,1915,4,a+night+in+the+show+1915
33601,dread,2009,4,dread+2009
76789,whiplash,2014,4,whiplash+2014
83255,frozen,2013,5,frozen+2013
112900,frozen,2013,4,frozen+2013
60773,brothers keeper,1992,3,brothers+keeper+1992
105783,frozen,2013,4,frozen+2013
3303,le jeu de la mort,2010,4,le+jeu+de+la+mort+2010
129049,e.t. the extra-terrestrial,1982,3,e.t.+the+extra-terrestrial+1982
71346,the dark knight,2008,4,the+dark+knight+2008
75083,howls moving castle,2004,4,howls+moving+castle+2004
387,up,2009,5,up+2009
25908,the godfather,1972,4,the+godfather+1972
20166,high sierra,1941,3,high+sierra+1941
130168,orange county,2002,3,orange+county+2002
41844,gridiron gang,2006,3,gridiron+gang+2006
126544,my neighbor totoro,1988,4,my+neighbor+totoro+1988
12945,the lord of the rings the fellowship of the ring,2001,4,the+lord+of+the+rings+the+fellowship+of+the+ring+2001
146946,raiders of the lost ark,1981,4,raiders+of+the+lost+ark+1981
41336,monty python and the holy grail,1975,4,monty+python+and+the+holy+grail+1975
59146,the shawshank redemption,1994,3,the+shawshank+redemption+1994
52279,children of hiroshima,1952,3,children+of+hiroshima+1952
82477,army of darkness,1992,4,army+of+darkness+1992
41805,the shawshank redemption,1994,4,the+shawshank+redemption+1994
133568,silver linings playbook,2012,4,silver+linings+playbook+2012
93651,alien,1979,5,alien+1979
24949,the lord of the rings the fellowship of the ring,2001,5,the+lord+of+the+rings+the+fellowship+of+the+ring+2001
50210,seven samurai,1954,4,seven+samurai+1954
61613,dixie chicks shut up and sing,2006,4,dixie+chicks+shut+up+and+sing+2006
21839,the dark knight,2008,5,the+dark+knight+2008
23135,whiplash,2014,3,whiplash+2014
49746,whiplash,2014,4,whiplash+2014
126064,the children,2008,2,the+children+2008
4822,harry potter and the goblet of fire,2005,4,harry+potter+and+the+goblet+of+fire+2005
69094,vincent,1982,4,vincent+1982
33008,harry potter and the deathly hallows part 2,2011,5,harry+potter+and+the+deathly+hallows+part+2+2011
6205,iron man,2008,4,iron+man+2008
136093,monty python and the holy grail,1975,4,monty+python+and+the+holy+grail+1975
125811,big hero 6,2014,4,big+hero+6+2014
45078,digging up the marrow,2015,4,digging+up+the+marrow+2015
39890,star wars,1977,5,star+wars+1977
63394,deadline,2001,4,deadline+2001
135508,indiana jones and the last crusade,1989,4,indiana+jones+and+the+last+crusade+1989
57705,frankenstein conquers the world,1965,5,frankenstein+conquers+the+world+1965
78859,tenebre,1982,4,tenebre+1982
117075,blade runner,1982,5,blade+runner+1982
91812,my neighbor totoro,1988,4,my+neighbor+totoro+1988
141029,star wars,1977,4,star+wars+1977
28468,the shawshank redemption,1994,3,the+shawshank+redemption+1994
117273,spirited away,2001,5,spirited+away+2001
30724,star wars,1977,4,star+wars+1977
55634,howls moving castle,2004,4,howls+moving+castle+2004
23018,the terrorist,1998,5,the+terrorist+1998
117279,the shawshank redemption,1994,5,the+shawshank+redemption+1994
80764,coraline,2009,5,coraline+2009
104700,you_ the living,2007,4,you_+the+living+2007
13794,kill bill vol. 1,2003,3,kill+bill+vol.+1+2003
109422,iron man,2008,4,iron+man+2008
8866,castle of purity,1973,3,castle+of+purity+1973
80055,welcome to macintosh,2008,4,welcome+to+macintosh+2008
55183,whiplash,2014,5,whiplash+2014
84506,star wars,1977,4,star+wars+1977
80386,whiplash,2014,5,whiplash+2014
75168,gasland part ii,2013,3,gasland+part+ii+2013
63980,her masters voice,2012,3,her+masters+voice+2012
31778,d.o.a.,1980,4,d.o.a.+1980
76565,star wars,1977,4,star+wars+1977
125443,the godfather,1972,4,the+godfather+1972
32731,one flew over the cuckoos nest,1975,4,one+flew+over+the+cuckoos+nest+1975
57228,hearts and minds,1974,4,hearts+and+minds+1974
110248,up,2009,5,up+2009
11075,battle for terra,2007,3,battle+for+terra+2007
98240,coraline,2009,4,coraline+2009
60656,the godfather,1972,4,the+godfather+1972
71826,raiders of the lost ark,1981,4,raiders+of+the+lost+ark+1981
106225,good night_ and good luck.,2005,5,good+night_+and+good+luck.+2005
3123,lilla jnssonligan och cornflakeskuppen,1996,3,lilla+jnssonligan+och+cornflakeskuppen+1996
89177,code 46,2003,3,code+46+2003
99905,the godfather,1972,4,the+godfather+1972
116349,go for it,1983,4,go+for+it+1983
24197,interstellar,2014,4,interstellar+2014
75427,up,2009,4,up+2009
84279,whiplash,2014,3,whiplash+2014
79355,it felt like a kiss,2009,3,it+felt+like+a+kiss+2009
87495,the lord of the rings the fellowship of the ring,2001,3,the+lord+of+the+rings+the+fellowship+of+the+ring+2001
64839,much ado about nothing,2012,4,much+ado+about+nothing+2012
4026,the shawshank redemption,1994,4,the+shawshank+redemption+1994
67716,spirited away,2001,4,spirited+away+2001
23512,back to the future,1985,4,back+to+the+future+1985
68096,kids in the hall brain candy,1996,4,kids+in+the+hall+brain+candy+1996
64756,inception,2010,4,inception+2010
7875,whiplash,2014,5,whiplash+2014
58312,raiders of the lost ark,1981,4,raiders+of+the+lost+ark+1981
29964,yamakasi,2001,4,yamakasi+2001
34616,my neighbor totoro,1988,4,my+neighbor+totoro+1988
51090,my neighbor totoro,1988,5,my+neighbor+totoro+1988
121666,detroit 9000,1973,4,detroit+9000+1973
10272,the lord of the rings the fellowship of the ring,2001,5,the+lord+of+the+rings+the+fellowship+of+the+ring+2001
146345,the goonies,1985,4,the+goonies+1985
138787,big hero 6,2014,4,big+hero+6+2014
65450,the human scale,2013,4,the+human+scale+2013
142491,whiplash,2014,4,whiplash+2014
137084,iron man,2008,5,iron+man+2008
124547,raiders of the lost ark,1981,5,raiders+of+the+lost+ark+1981
67245,big hero 6,2014,5,big+hero+6+2014
136381,spirited away,2001,3,spirited+away+2001
130778,the shawshank redemption,1994,4,the+shawshank+redemption+1994
132227,monty python and the holy grail,1975,5,monty+python+and+the+holy+grail+1975
98886,whiplash,2014,4,whiplash+2014
107663,coraline,2009,5,coraline+2009
86523,sigur rs heima,2007,5,sigur+rs+heima+2007
51123,howls moving castle,2004,4,howls+moving+castle+2004
68418,ghostbusters,1984,4,ghostbusters+1984
61028,the godfather,1972,5,the+godfather+1972
40804,rise of the planet of the apes,2011,4,rise+of+the+planet+of+the+apes+2011
108243,interstellar,2014,4,interstellar+2014
13201,same same but different,2009,4,same+same+but+different+2009
7691,following,1998,5,following+1998
54219,star wars,1977,4,star+wars+1977
85335,gen-y cops,2000,4,gen-y+cops+2000
5635,one flew over the cuckoos nest,1975,5,one+flew+over+the+cuckoos+nest+1975
100161,coraline,2009,4,coraline+2009
87705,rock school,2005,4,rock+school+2005
102968,next of kin,1984,3,next+of+kin+1984
22711,whiplash,2014,3,whiplash+2014
136610,the shawshank redemption,1994,5,the+shawshank+redemption+1994
63482,the lost battalion,2001,3,the+lost+battalion+2001
13947,raiders of the lost ark,1981,5,raiders+of+the+lost+ark+1981
79805,my neighbor totoro,1988,5,my+neighbor+totoro+1988
137835,star wars,1977,5,star+wars+1977
71157,floating clouds,1955,5,floating+clouds+1955
111173,the shawshank redemption,1994,3,the+shawshank+redemption+1994
37227,spirited away,2001,5,spirited+away+2001
13692,one flew over the cuckoos nest,1975,5,one+flew+over+the+cuckoos+nest+1975
18249,the shawshank redemption,1994,5,the+shawshank+redemption+1994
143145,alien,1979,4,alien+1979
50427,paradise canyon,1935,4,paradise+canyon+1935
29332,coraline,2009,3,coraline+2009
62222,raiders of the lost ark,1981,5,raiders+of+the+lost+ark+1981
105647,spirited away,2001,4,spirited+away+2001
76420,the shawshank redemption,1994,3,the+shawshank+redemption+1994
114962,one flew over the cuckoos nest,1975,3,one+flew+over+the+cuckoos+nest+1975
143677,coraline,2009,4,coraline+2009
101977,king kong escapes,1967,3,king+kong+escapes+1967
41577,lake mungo,2008,3,lake+mungo+2008
4301,adventures of power,2008,4,adventures+of+power+2008
56084,one flew over the cuckoos nest,1975,5,one+flew+over+the+cuckoos+nest+1975
117890,griff the invisible,2011,2,griff+the+invisible+2011
139987,hoop dreams,1994,4,hoop+dreams+1994
111699,alien,1979,5,alien+1979
6555,the godfather,1972,4,the+godfather+1972
15784,hamlet,1964,3,hamlet+1964
37049,the dark knight,2008,4,the+dark+knight+2008
54505,the shawshank redemption,1994,4,the+shawshank+redemption+1994
68065,my neighbor totoro,1988,4,my+neighbor+totoro+1988
92558,seven chances,1925,3,seven+chances+1925
16732,coraline,2009,3,coraline+2009
50382,predator,1987,4,predator+1987
116614,the lord of the rings the fellowship of the ring,2001,5,the+lord+of+the+rings+the+fellowship+of+the+ring+2001
58992,big hero 6,2014,4,big+hero+6+2014
27467,howls moving castle,2004,4,howls+moving+castle+2004
10828,monty python and the holy grail,1975,5,monty+python+and+the+holy+grail+1975
128319,going all the way,1997,3,going+all+the+way+1997
112708,the dark knight,2008,4,the+dark+knight+2008
107884,the princess bride,1987,4,the+princess+bride+1987
83759,monsters_ inc.,2001,4,monsters_+inc.+2001
38136,alien,1979,4,alien+1979
126949,my neighbor totoro,1988,5,my+neighbor+totoro+1988
42818,beetlejuice,1988,4,beetlejuice+1988
53115,a very potter sequel,2010,4,a+very+potter+sequel+2010
120504,the shawshank redemption,1994,4,the+shawshank+redemption+1994
25289,iron man,2008,4,iron+man+2008
85180,loins of punjab presents,2008,3,loins+of+punjab+presents+2008
56463,big hero 6,2014,3,big+hero+6+2014
53451,in the bedroom,2001,4,in+the+bedroom+2001
31009,howling v the rebirth,1989,3,howling+v+the+rebirth+1989
50705,big hero 6,2014,4,big+hero+6+2014
134731,the shawshank redemption,1994,5,the+shawshank+redemption+1994
104993,coraline,2009,3,coraline+2009
12818,the godfather,1972,5,the+godfather+1972
5175,ghost dog the way of the samurai,1999,4,ghost+dog+the+way+of+the+samurai+1999
100267,the man who knew too much,1956,4,the+man+who+knew+too+much+1956
132021,the dark knight,2008,4,the+dark+knight+2008
92892,alien,1979,4,alien+1979
34155,my neighbor totoro,1988,5,my+neighbor+totoro+1988
142074,divorce italian style,1961,4,divorce+italian+style+1961
83820,the shawshank redemption,1994,3,the+shawshank+redemption+1994
4218,up,2009,3,up+2009
148604,spirited away,2001,4,spirited+away+2001
146760,my neighbor totoro,1988,4,my+neighbor+totoro+1988
132005,elysium,2013,3,elysium+2013
52477,the shining,1980,4,the+shining+1980
72158,monty python and the holy grail,1975,4,monty+python+and+the+holy+grail+1975
93060,the godfather,1972,5,the+godfather+1972
95254,the godfather,1972,4,the+godfather+1972
88780,monty python and the holy grail,1975,5,monty+python+and+the+holy+grail+1975
63881,spirited away,2001,4,spirited+away+2001
126824,the devils rock,2011,4,the+devils+rock+2011
34186,heart of a dog,1988,4,heart+of+a+dog+1988
133953,george lopez americas mexican,2007,4,george+lopez+americas+mexican+2007
90293,adventures of power,2008,4,adventures+of+power+2008
149400,the crimson kimono,1959,3,the+crimson+kimono+1959
35130,gattaca,1997,4,gattaca+1997
128860,alien,1979,4,alien+1979
94877,howls moving castle,2004,5,howls+moving+castle+2004
83111,batman begins,2005,3,batman+begins+2005
101996,gattaca,1997,4,gattaca+1997
41054,the matrix,1999,5,the+matrix+1999
53055,sleeping beauty,1959,4,sleeping+beauty+1959
52410,the godfather,1972,5,the+godfather+1972
78209,star wars,1977,5,star+wars+1977
9296,jesse stone night passage,2006,3,jesse+stone+night+passage+2006
63806,artemisia,1997,4,artemisia+1997
26559,monty python and the holy grail,1975,4,monty+python+and+the+holy+grail+1975
91529,inception,2010,4,inception+2010
13514,the godfather,1972,4,the+godfather+1972
48404,the imitation game,2014,3,the+imitation+game+2014
121352,the good_ the bad and the ugly,1966,4,the+good_+the+bad+and+the+ugly+1966
44295,up,2009,4,up+2009
119316,the lord of the rings the fellowship of the ring,2001,4,the+lord+of+the+rings+the+fellowship+of+the+ring+2001
67084,my neighbor totoro,1988,3,my+neighbor+totoro+1988
121872,inception,2010,5,inception+2010
120423,this time around,2003,4,this+time+around+2003
8720,monty python and the holy grail,1975,4,monty+python+and+the+holy+grail+1975
21556,monty python and the holy grail,1975,3,monty+python+and+the+holy+grail+1975
68815,heartbeat detector,2007,3,heartbeat+detector+2007
57820,4.3.2.1,2010,3,4.3.2.1+2010
98098,spirited away,2001,5,spirited+away+2001
129423,the dark knight,2008,4,the+dark+knight+2008
122205,princess mononoke,1997,5,princess+mononoke+1997
87952,spirited away,2001,3,spirited+away+2001
137578,my neighbor totoro,1988,4,my+neighbor+totoro+1988
112252,the chumscrubber,2005,3,the+chumscrubber+2005
143008,my neighbor totoro,1988,5,my+neighbor+totoro+1988
72488,star wars,1977,3,star+wars+1977
17860,monty python and the holy grail,1975,4,monty+python+and+the+holy+grail+1975
83049,house of 9,2005,3,house+of+9+2005
40557,frozen,2013,4,frozen+2013
48550,lord of war,2005,5,lord+of+war+2005
78019,raiders of the lost ark,1981,4,raiders+of+the+lost+ark+1981
64161,beautiful girls,1996,4,beautiful+girls+1996
73801,iron man,2008,3,iron+man+2008
84612,my neighbor totoro,1988,4,my+neighbor+totoro+1988
49611,inception,2010,4,inception+2010
97257,ice age,2002,3,ice+age+2002
76546,hustler white,1996,2,hustler+white+1996
1242,interstellar,2014,4,interstellar+2014
118353,the shawshank redemption,1994,4,the+shawshank+redemption+1994
96209,inception,2010,5,inception+2010
42987,brute force,1947,4,brute+force+1947
17811,whiplash,2014,4,whiplash+2014
16265,the n word,2006,5,the+n+word+2006
134283,meat the truth,2008,4,meat+the+truth+2008
113078,apocalypse now,1979,5,apocalypse+now+1979
40941,cold water,1994,4,cold+water+1994
106209,pom poko,1994,3,pom+poko+1994
99119,neverwhere,1996,3,neverwhere+1996
109413,alien,1979,4,alien+1979
7957,the day the earth stood still,1951,4,the+day+the+earth+stood+still+1951
96000,the big knife,1955,5,the+big+knife+1955
19481,raiders of the lost ark,1981,4,raiders+of+the+lost+ark+1981
36406,whiplash,2014,5,whiplash+2014
95135,beauty and the beast,2009,3,beauty+and+the+beast+2009
132873,star wars,1977,4,star+wars+1977
1392,raiders of the lost ark,1981,5,raiders+of+the+lost+ark+1981
60990,a map for saturday,2007,3,a+map+for+saturday+2007
107090,harry potter and the prisoner of azkaban,2004,4,harry+potter+and+the+prisoner+of+azkaban+2004
110399,the tango lesson,1997,4,the+tango+lesson+1997
97396,100 rifles,1969,3,100+rifles+1969
21177,abcs of death 2,2014,4,abcs+of+death+2+2014
91745,star wars episode iii - revenge of the sith,2005,4,star+wars+episode+iii+-+revenge+of+the+sith+2005
84287,the devil is a woman,1935,4,the+devil+is+a+woman+1935
122753,the hobbit an unexpected journey,2012,4,the+hobbit+an+unexpected+journey+2012
92014,infamous,2006,3,infamous+2006
78203,monty python and the holy grail,1975,5,monty+python+and+the+holy+grail+1975
148195,interstellar,2014,5,interstellar+2014
25785,one flew over the cuckoos nest,1975,5,one+flew+over+the+cuckoos+nest+1975
61035,the lord of the rings the fellowship of the ring,2001,5,the+lord+of+the+rings+the+fellowship+of+the+ring+2001
14231,the big night,1951,2,the+big+night+1951
37362,interstellar,2014,3,interstellar+2014
106091,harry potter and the chamber of secrets,2002,5,harry+potter+and+the+chamber+of+secrets+2002
30248,whiplash,2014,4,whiplash+2014
136500,ong-bak the thai warrior,2003,4,ong-bak+the+thai+warrior+2003
106996,whiplash,2014,4,whiplash+2014
22957,spirited away,2001,4,spirited+away+2001
129632,inception,2010,4,inception+2010
52205,spirited away,2001,4,spirited+away+2001
41243,spirited away,2001,4,spirited+away+2001
101379,iron man,2008,2,iron+man+2008
23086,star wars,1977,4,star+wars+1977
118382,spirited away,2001,5,spirited+away+2001
70528,see no evil_ hear no evil,1989,4,see+no+evil_+hear+no+evil+1989
117287,amen,2013,4,amen+2013
37438,ragtime,1981,4,ragtime+1981
89608,one flew over the cuckoos nest,1975,5,one+flew+over+the+cuckoos+nest+1975
6777,rush,1991,5,rush+1991
94874,the furies,1950,4,the+furies+1950
77738,up,2009,3,up+2009
112763,castle in the desert,1942,4,castle+in+the+desert+1942
43130,the blue angel,1930,4,the+blue+angel+1930
62446,whiplash,2014,4,whiplash+2014
42579,raiders of the lost ark,1981,5,raiders+of+the+lost+ark+1981
86524,i dont want to go back alone,2010,3,i+dont+want+to+go+back+alone+2010
102081,iron man 2,2010,4,iron+man+2+2010
23212,alien,1979,4,alien+1979
52097,guardians of the galaxy,2014,4,guardians+of+the+galaxy+2014
96746,billys hollywood screen kiss,1998,3,billys+hollywood+screen+kiss+1998
43284,big hero 6,2014,5,big+hero+6+2014
99039,predator,1987,4,predator+1987
30079,dead of night,1945,5,dead+of+night+1945
131668,toy story,1995,4,toy+story+1995
7240,the shawshank redemption,1994,4,the+shawshank+redemption+1994
146851,guardians of the galaxy,2014,4,guardians+of+the+galaxy+2014
88563,the godfather,1972,5,the+godfather+1972
134134,forbidden planet,1956,4,forbidden+planet+1956
78103,the amazing spider-man,2012,4,the+amazing+spider-man+2012
74821,the godfather part ii,1974,4,the+godfather+part+ii+1974
57318,the barefoot executive,1971,4,the+barefoot+executive+1971
8835,star wars,1977,5,star+wars+1977
140040,little big soldier,2010,4,little+big+soldier+2010
82987,no good deed,2014,4,no+good+deed+2014
123293,le doulos,1963,4,le+doulos+1963
96670,the free will,2006,4,the+free+will+2006
2668,star wars,1977,5,star+wars+1977
129270,terminator 2 judgment day,1991,4,terminator+2+judgment+day+1991
87805,star wars,1977,5,star+wars+1977
85562,berlin symphony of a great city,1927,5,berlin+symphony+of+a+great+city+1927
40900,guardians of the galaxy,2014,5,guardians+of+the+galaxy+2014
114006,emil in lonneberga,1971,5,emil+in+lonneberga+1971
24617,monty python and the holy grail,1975,3,monty+python+and+the+holy+grail+1975
121239,despicable me,2010,5,despicable+me+2010
123976,the last of the mohicans,1992,4,the+last+of+the+mohicans+1992
31101,whiplash,2014,4,whiplash+2014
93192,the gods must be crazy,1980,3,the+gods+must+be+crazy+1980
32504,the loveless,1981,4,the+loveless+1981
117427,coraline,2009,4,coraline+2009
142025,monsters_ inc.,2001,4,monsters_+inc.+2001
54296,spirit stallion of the cimarron,2002,2,spirit+stallion+of+the+cimarron+2002
114321,beetlejuice,1988,4,beetlejuice+1988
85463,open up to me,2013,3,open+up+to+me+2013
59493,arabesque,1966,3,arabesque+1966
95956,fuzz,1972,4,fuzz+1972
88084,the lord of the rings the fellowship of the ring,2001,4,the+lord+of+the+rings+the+fellowship+of+the+ring+2001
107465,one flew over the cuckoos nest,1975,4,one+flew+over+the+cuckoos+nest+1975
137497,dial m for murder,1954,5,dial+m+for+murder+1954
11691,the spiders stratagem,1970,3,the+spiders+stratagem+1970
48496,howls moving castle,2004,3,howls+moving+castle+2004
120295,raiders of the lost ark,1981,5,raiders+of+the+lost+ark+1981
102708,it started with eve,1941,3,it+started+with+eve+1941
118445,the dark knight,2008,4,the+dark+knight+2008
125958,whiplash,2014,4,whiplash+2014
69091,avatar,2009,3,avatar+2009
10785,pearl jam twenty,2011,5,pearl+jam+twenty+2011
1453,all in this tea,2007,3,all+in+this+tea+2007
134411,my neighbor totoro,1988,4,my+neighbor+totoro+1988
67925,bananas,1971,5,bananas+1971
60631,the dark knight,2008,5,the+dark+knight+2008
145372,my neighbor totoro,1988,4,my+neighbor+totoro+1988
11418,the shawshank redemption,1994,5,the+shawshank+redemption+1994
131450,the power and the glory,1961,4,the+power+and+the+glory+1961
148318,inception,2010,5,inception+2010
108940,one flew over the cuckoos nest,1975,4,one+flew+over+the+cuckoos+nest+1975
95367,willy wonka  the chocolate factory,1971,5,willy+wonka++the+chocolate+factory+1971
101722,one flew over the cuckoos nest,1975,3,one+flew+over+the+cuckoos+nest+1975
77523,up,2009,4,up+2009
39091,the shawshank redemption,1994,4,the+shawshank+redemption+1994
16067,star wars,1977,3,star+wars+1977
51053,the company,2003,3,the+company+2003
123795,the dark knight,2008,4,the+dark+knight+2008
1567,star wars,1977,3,star+wars+1977
130468,the godfather,1972,5,the+godfather+1972
16625,coraline,2009,4,coraline+2009
81703,guardians of the galaxy,2014,4,guardians+of+the+galaxy+2014
98052,finding nemo,2003,4,finding+nemo+2003
92408,the goalies anxiety at the penalty kick,1972,4,the+goalies+anxiety+at+the+penalty+kick+1972
99030,whiplash,2014,4,whiplash+2014
43690,the godfather,1972,5,the+godfather+1972
62351,interstellar,2014,4,interstellar+2014
23704,leon the professional,1994,4,leon+the+professional+1994
3078,the dark knight,2008,2,the+dark+knight+2008
7564,guardians of the galaxy,2014,5,guardians+of+the+galaxy+2014
53230,aladdin,1992,4,aladdin+1992
119921,star wars,1977,4,star+wars+1977
69050,the fly,1980,4,the+fly+1980
114761,raiders of the lost ark,1981,4,raiders+of+the+lost+ark+1981
75479,the dark knight,2008,4,the+dark+knight+2008
120676,thor,2011,4,thor+2011
23754,alien,1979,4,alien+1979
76158,my neighbor totoro,1988,4,my+neighbor+totoro+1988
116055,alien,1979,4,alien+1979
34006,my neighbor totoro,1988,4,my+neighbor+totoro+1988
81177,raiders of the lost ark,1981,5,raiders+of+the+lost+ark+1981
93027,whiplash,2014,5,whiplash+2014
93869,brewster mccloud,1970,4,brewster+mccloud+1970
61628,the spongebob movie sponge out of water,2015,3,the+spongebob+movie+sponge+out+of+water+2015
130064,whiplash,2014,4,whiplash+2014
82838,whiplash,2014,4,whiplash+2014
39383,my neighbor totoro,1988,4,my+neighbor+totoro+1988
24887,alien,1979,3,alien+1979
62920,ballet shoes,2008,4,ballet+shoes+2008
87116,monty python and the holy grail,1975,4,monty+python+and+the+holy+grail+1975
21560,raiders of the lost ark,1981,3,raiders+of+the+lost+ark+1981
2204,the little mermaid,1989,3,the+little+mermaid+1989
61446,monty python and the holy grail,1975,4,monty+python+and+the+holy+grail+1975
127467,let the right one in,2008,4,let+the+right+one+in+2008
6010,my neighbor totoro,1988,4,my+neighbor+totoro+1988
121482,the rock,1996,5,the+rock+1996
140086,whiplash,2014,4,whiplash+2014
113039,my neighbor totoro,1988,4,my+neighbor+totoro+1988
82319,up,2009,5,up+2009
51899,the shawshank redemption,1994,5,the+shawshank+redemption+1994
131246,spirited away,2001,4,spirited+away+2001
99476,the shawshank redemption,1994,5,the+shawshank+redemption+1994
10102,whiplash,2014,4,whiplash+2014
86231,strange invaders,2002,3,strange+invaders+2002
70355,running out of time,1999,4,running+out+of+time+1999
74194,one flew over the cuckoos nest,1975,4,one+flew+over+the+cuckoos+nest+1975
46396,drift,2013,3,drift+2013
42853,spirited away,2001,4,spirited+away+2001
119975,monty python and the holy grail,1975,4,monty+python+and+the+holy+grail+1975
21736,star wars,1977,5,star+wars+1977
62139,monty python and the holy grail,1975,4,monty+python+and+the+holy+grail+1975
48117,the hero love story of a spy,2003,4,the+hero+love+story+of+a+spy+2003
60366,the shawshank redemption,1994,4,the+shawshank+redemption+1994
59812,othello,1995,4,othello+1995
5845,the lord of the rings the fellowship of the ring,2001,5,the+lord+of+the+rings+the+fellowship+of+the+ring+2001
142814,big hero 6,2014,4,big+hero+6+2014
142570,leon the professional,1994,4,leon+the+professional+1994
75136,coraline,2009,4,coraline+2009
22977,gravity,2013,4,gravity+2013
8127,songs from the second floor,2000,4,songs+from+the+second+floor+2000
73733,spirited away,2001,5,spirited+away+2001
28132,the dark knight,2008,5,the+dark+knight+2008
56836,the dark knight,2008,4,the+dark+knight+2008
121494,testament of orpheus,1960,4,testament+of+orpheus+1960
17868,the dark knight,2008,4,the+dark+knight+2008
73901,the godfather,1972,5,the+godfather+1972
90548,inception,2010,4,inception+2010
63313,finders fee,2001,4,finders+fee+2001
69407,pinocchio,1940,4,pinocchio+1940
51656,spirited away,2001,4,spirited+away+2001
80758,alien,1979,5,alien+1979
156659,severe clear,2010,3,severe+clear+2010
61836,spirited away,2001,5,spirited+away+2001
53216,star wars,1977,4,star+wars+1977
140133,interstellar,2014,4,interstellar+2014
141449,trouble in paradise,1932,3,trouble+in+paradise+1932
63777,whiplash,2014,4,whiplash+2014
50921,one flew over the cuckoos nest,1975,5,one+flew+over+the+cuckoos+nest+1975
53949,the amazing spider-man,2012,4,the+amazing+spider-man+2012
41930,alien,1979,4,alien+1979
58018,raiders of the lost ark,1981,3,raiders+of+the+lost+ark+1981
126154,spirited away,2001,5,spirited+away+2001
119792,big hero 6,2014,5,big+hero+6+2014
71323,the godfather,1972,4,the+godfather+1972
14253,my neighbor totoro,1988,5,my+neighbor+totoro+1988
133417,the riddle of the sands,1979,4,the+riddle+of+the+sands+1979
9667,star wars,1977,4,star+wars+1977
116318,my neighbor totoro,1988,4,my+neighbor+totoro+1988
56430,excuse me darling_ but lucas loved me,1997,4,excuse+me+darling_+but+lucas+loved+me+1997
89835,the lord of the rings the fellowship of the ring,2001,4,the+lord+of+the+rings+the+fellowship+of+the+ring+2001
58327,whiplash,2014,4,whiplash+2014
140445,the shawshank redemption,1994,4,the+shawshank+redemption+1994
109651,the shawshank redemption,1994,4,the+shawshank+redemption+1994
38966,one flew over the cuckoos nest,1975,5,one+flew+over+the+cuckoos+nest+1975
6925,kin-dza-dza,1986,4,kin-dza-dza+1986
25451,maleficent,2014,4,maleficent+2014
4111,the dark knight,2008,4,the+dark+knight+2008
141429,the lord of the rings the fellowship of the ring,2001,4,the+lord+of+the+rings+the+fellowship+of+the+ring+2001
57672,coraline,2009,3,coraline+2009
106688,monty python and the holy grail,1975,4,monty+python+and+the+holy+grail+1975
85443,the dark knight,2008,4,the+dark+knight+2008
122538,interstellar,2014,4,interstellar+2014
31895,amongst friends,1993,3,amongst+friends+1993
65271,whiplash,2014,4,whiplash+2014
48825,dragon ball z broly - the legendary super saiyan,1993,3,dragon+ball+z+broly+-+the+legendary+super+saiyan+1993
98898,undertow,2004,3,undertow+2004
97052,shaolin soccer,2001,3,shaolin+soccer+2001
77643,manny,2014,3,manny+2014
28432,sounder,1972,5,sounder+1972
85903,monty python and the holy grail,1975,4,monty+python+and+the+holy+grail+1975
77161,fly me to the moon,2012,3,fly+me+to+the+moon+2012
44976,inception,2010,3,inception+2010
129908,alien,1979,4,alien+1979
141856,my neighbor totoro,1988,5,my+neighbor+totoro+1988
135202,never say never again,1983,3,never+say+never+again+1983
111946,alien,1979,4,alien+1979
94260,the shawshank redemption,1994,5,the+shawshank+redemption+1994
37886,the shawshank redemption,1994,4,the+shawshank+redemption+1994
95675,the lord of the rings the fellowship of the ring,2001,4,the+lord+of+the+rings+the+fellowship+of+the+ring+2001
80699,the shawshank redemption,1994,4,the+shawshank+redemption+1994
51873,oliver twist,1948,3,oliver+twist+1948
102167,princess mononoke,1997,4,princess+mononoke+1997
113724,monty python and the holy grail,1975,4,monty+python+and+the+holy+grail+1975
64048,bloodfist,1989,2,bloodfist+1989
47786,star wars,1977,5,star+wars+1977
101648,my neighbor totoro,1988,5,my+neighbor+totoro+1988
56681,indie game the movie,2012,3,indie+game+the+movie+2012
126458,cocktail,1988,3,cocktail+1988
115747,my neighbor totoro,1988,4,my+neighbor+totoro+1988
41086,class action,1991,4,class+action+1991
49738,one flew over the cuckoos nest,1975,4,one+flew+over+the+cuckoos+nest+1975
57767,stella does tricks,1997,4,stella+does+tricks+1997
148335,howls moving castle,2004,4,howls+moving+castle+2004
37800,the lord of the rings the fellowship of the ring,2001,5,the+lord+of+the+rings+the+fellowship+of+the+ring+2001
15244,interstellar,2014,4,interstellar+2014
64277,the dark knight,2008,5,the+dark+knight+2008
134815,the dark knight,2008,4,the+dark+knight+2008
84694,inception,2010,4,inception+2010
42036,nothing to declare,2010,5,nothing+to+declare+2010
107650,raiders of the lost ark,1981,5,raiders+of+the+lost+ark+1981
69055,the dark knight,2008,5,the+dark+knight+2008
135487,starship troopers,1997,4,starship+troopers+1997
70884,raiders of the lost ark,1981,4,raiders+of+the+lost+ark+1981
106187,one flew over the cuckoos nest,1975,4,one+flew+over+the+cuckoos+nest+1975
113715,spirited away,2001,5,spirited+away+2001
52563,even angels eat beans,1973,3,even+angels+eat+beans+1973
128815,alien,1979,2,alien+1979
87194,coraline,2009,4,coraline+2009
23247,the dark knight,2008,4,the+dark+knight+2008
125058,the bridal party in hardanger,1926,3,the+bridal+party+in+hardanger+1926
30278,the winslow boy,1948,3,the+winslow+boy+1948
146412,interstellar,2014,4,interstellar+2014
44716,julias eyes,2010,3,julias+eyes+2010
125997,beyond the fear,2014,3,beyond+the+fear+2014
32760,whiplash,2014,4,whiplash+2014
126860,the matrix,1999,3,the+matrix+1999
12461,un flic,1972,2,un+flic+1972
116728,day of wrath,1943,4,day+of+wrath+1943
13274,star wars,1977,5,star+wars+1977
51778,raiders of the lost ark,1981,5,raiders+of+the+lost+ark+1981
114997,white zombie,1932,3,white+zombie+1932
34639,the shawshank redemption,1994,4,the+shawshank+redemption+1994
66072,point blank,2010,5,point+blank+2010
82128,philanthropy,2002,4,philanthropy+2002
144830,raiders of the lost ark,1981,5,raiders+of+the+lost+ark+1981
116128,interstellar,2014,4,interstellar+2014
79639,raising helen,2004,2,raising+helen+2004
103833,my neighbor totoro,1988,4,my+neighbor+totoro+1988
97,inception,2010,5,inception+2010
122246,indiana jones and the last crusade,1989,4,indiana+jones+and+the+last+crusade+1989
84059,the godfather,1972,4,the+godfather+1972
65696,one flew over the cuckoos nest,1975,4,one+flew+over+the+cuckoos+nest+1975
64146,redline,2007,3,redline+2007
109724,the shawshank redemption,1994,5,the+shawshank+redemption+1994
116877,the incredible hulk,2008,4,the+incredible+hulk+2008
126953,star wars,1977,5,star+wars+1977
41399,alien,1979,5,alien+1979
72866,the hire chosen,2001,3,the+hire+chosen+2001
21275,harry potter and the deathly hallows part 2,2011,4,harry+potter+and+the+deathly+hallows+part+2+2011
73273,kill the messenger,2014,3,kill+the+messenger+2014
86429,star wars,1977,5,star+wars+1977
56017,the bride with white hair,1993,3,the+bride+with+white+hair+1993
136929,say anything...,1989,3,say+anything...+1989
89181,raiders of the lost ark,1981,4,raiders+of+the+lost+ark+1981
96293,guardians of the galaxy,2014,3,guardians+of+the+galaxy+2014
511,the godfather,1972,5,the+godfather+1972
26362,four days in july,1985,4,four+days+in+july+1985
18897,the set-up,1949,4,the+set-up+1949
87102,whiplash,2014,5,whiplash+2014
82725,miral,2010,4,miral+2010
17813,little miss sunshine,2006,3,little+miss+sunshine+2006
66331,the lesser blessed,2012,4,the+lesser+blessed+2012
21877,the shawshank redemption,1994,5,the+shawshank+redemption+1994
19100,cut-throats nine,1972,4,cut-throats+nine+1972
31501,leon the professional,1994,3,leon+the+professional+1994
114585,everlasting moments,2008,4,everlasting+moments+2008
32173,the godfather,1972,5,the+godfather+1972
138231,the shawshank redemption,1994,5,the+shawshank+redemption+1994
110511,category 7 the end of the world,2005,3,category+7+the+end+of+the+world+2005
46913,alien,1979,4,alien+1979
108366,the shawshank redemption,1994,5,the+shawshank+redemption+1994
125062,the imitation game,2014,5,the+imitation+game+2014
8298,whiplash,2014,4,whiplash+2014
101435,lovely molly,2012,4,lovely+molly+2012
73702,one flew over the cuckoos nest,1975,4,one+flew+over+the+cuckoos+nest+1975
73564,the shawshank redemption,1994,4,the+shawshank+redemption+1994
9870,nightcrawler,2014,3,nightcrawler+2014
92890,interstellar,2014,4,interstellar+2014
130338,the help,2011,5,the+help+2011
127500,iron man,2008,5,iron+man+2008
101211,one flew over the cuckoos nest,1975,4,one+flew+over+the+cuckoos+nest+1975
91152,my favorite year,1982,2,my+favorite+year+1982
43379,big hero 6,2014,4,big+hero+6+2014
85194,the vexxer,2007,3,the+vexxer+2007
124837,babes in arms,1939,4,babes+in+arms+1939
41637,star wars,1977,5,star+wars+1977
64702,whiplash,2014,4,whiplash+2014
73149,spirited away,2001,4,spirited+away+2001
114074,alien,1979,4,alien+1979
140270,spider-man,2002,4,spider-man+2002
138081,the lord of the rings the fellowship of the ring,2001,4,the+lord+of+the+rings+the+fellowship+of+the+ring+2001
113846,up,2009,5,up+2009
3181,meeks cutoff,2010,2,meeks+cutoff+2010
91293,inception,2010,3,inception+2010
36677,howls moving castle,2004,4,howls+moving+castle+2004
123382,monster house,2006,4,monster+house+2006
9861,whiplash,2014,5,whiplash+2014
78452,big hero 6,2014,5,big+hero+6+2014
105369,iron man,2008,4,iron+man+2008
84346,a little princess,1995,3,a+little+princess+1995
58025,the shawshank redemption,1994,5,the+shawshank+redemption+1994
101342,insidious,2010,2,insidious+2010
146084,star wars,1977,4,star+wars+1977
23805,alien,1979,4,alien+1979
3404,samoure,2005,4,samoure+2005
64093,straight time,1978,4,straight+time+1978
21303,the third sex,1957,4,the+third+sex+1957
103465,chappie,2015,4,chappie+2015
83409,big hero 6,2014,4,big+hero+6+2014
137341,one flew over the cuckoos nest,1975,5,one+flew+over+the+cuckoos+nest+1975
61632,star wars,1977,5,star+wars+1977
82288,inception,2010,4,inception+2010
54128,alien,1979,3,alien+1979
47538,the princess and the frog,2009,3,the+princess+and+the+frog+2009
126765,the lord of the rings the fellowship of the ring,2001,4,the+lord+of+the+rings+the+fellowship+of+the+ring+2001
101564,parade,1974,4,parade+1974
89587,up,2009,4,up+2009
49117,teenage mutant ninja turtles,2014,3,teenage+mutant+ninja+turtles+2014
64715,the shawshank redemption,1994,2,the+shawshank+redemption+1994
4047,iron man,2008,3,iron+man+2008
54991,the onion field,1979,4,the+onion+field+1979
56790,my neighbor totoro,1988,4,my+neighbor+totoro+1988
85503,whiplash,2014,4,whiplash+2014
97919,inception,2010,4,inception+2010
76147,inception,2010,4,inception+2010
130882,finding nemo,2003,5,finding+nemo+2003
107471,my neighbor totoro,1988,4,my+neighbor+totoro+1988
94633,monty python and the holy grail,1975,4,monty+python+and+the+holy+grail+1975
110504,howls moving castle,2004,4,howls+moving+castle+2004
23222,up,2009,4,up+2009
37691,monty python and the holy grail,1975,4,monty+python+and+the+holy+grail+1975
59951,whiplash,2014,4,whiplash+2014
3544,whiplash,2014,5,whiplash+2014
143583,dirty dancing,1987,4,dirty+dancing+1987
95814,interstellar,2014,3,interstellar+2014
17061,six by sondheim,2013,5,six+by+sondheim+2013
97645,raiders of the lost ark,1981,4,raiders+of+the+lost+ark+1981
117098,interstellar,2014,4,interstellar+2014
91952,guardians of the galaxy,2014,5,guardians+of+the+galaxy+2014
128917,spirited away,2001,5,spirited+away+2001
92182,arcana,1972,3,arcana+1972
96566,up,2009,4,up+2009
126176,inception,2010,4,inception+2010
7478,the lord of the rings the two towers,2002,5,the+lord+of+the+rings+the+two+towers+2002
108061,spirited away,2001,5,spirited+away+2001
15843,monty python and the holy grail,1975,5,monty+python+and+the+holy+grail+1975
117072,the lord of the rings the fellowship of the ring,2001,4,the+lord+of+the+rings+the+fellowship+of+the+ring+2001
70336,mothlight,1963,3,mothlight+1963
6081,up,2009,4,up+2009
120059,spirited away,2001,4,spirited+away+2001
59585,tracers,2015,3,tracers+2015
59135,fight club,1999,4,fight+club+1999
25313,the shawshank redemption,1994,5,the+shawshank+redemption+1994
129907,dead meat,2004,3,dead+meat+2004
123298,white heat,1949,4,white+heat+1949
1927,raiders of the lost ark,1981,4,raiders+of+the+lost+ark+1981
95841,star wreck in the pirkinning,2005,4,star+wreck+in+the+pirkinning+2005
134546,centennial,1978,4,centennial+1978
92880,the shawshank redemption,1994,5,the+shawshank+redemption+1994
84982,the quiet room,1996,3,the+quiet+room+1996
101229,no deposit_ no return,1976,3,no+deposit_+no+return+1976
28576,martian child,2007,3,martian+child+2007
63876,the boy who could fly,1986,3,the+boy+who+could+fly+1986
47880,star wars,1977,5,star+wars+1977
74058,raiders of the lost ark,1981,4,raiders+of+the+lost+ark+1981
20905,typhoon club,1985,3,typhoon+club+1985
22773,ivans xtc.,2000,4,ivans+xtc.+2000
58662,my neighbor totoro,1988,4,my+neighbor+totoro+1988
87329,interstellar,2014,4,interstellar+2014
138097,spirited away,2001,3,spirited+away+2001
104845,the other boleyn girl,2008,4,the+other+boleyn+girl+2008
109033,let it snow,2013,4,let+it+snow+2013
66829,yeelen,1987,4,yeelen+1987
23357,interstellar,2014,4,interstellar+2014
96719,interstellar,2014,3,interstellar+2014
92834,scarface,1932,4,scarface+1932
124916,the dark knight,2008,5,the+dark+knight+2008
86853,alien,1979,4,alien+1979
105961,the godfather,1972,5,the+godfather+1972
7657,the shawshank redemption,1994,4,the+shawshank+redemption+1994
114428,the bakers wife,1938,5,the+bakers+wife+1938
115337,inception,2010,4,inception+2010
29393,davy crockett_ king of the wild frontier,1955,3,davy+crockett_+king+of+the+wild+frontier+1955
63697,21,2008,4,21+2008
134049,my neighbor totoro,1988,4,my+neighbor+totoro+1988
78524,one flew over the cuckoos nest,1975,3,one+flew+over+the+cuckoos+nest+1975
103954,rent,2005,3,rent+2005
122085,one flew over the cuckoos nest,1975,4,one+flew+over+the+cuckoos+nest+1975
69039,gestapos last orgy,1977,5,gestapos+last+orgy+1977
50223,climate of change,2010,4,climate+of+change+2010
143241,casanovas big night,1954,3,casanovas+big+night+1954
118741,big hero 6,2014,4,big+hero+6+2014
43916,jacky in the kingdom of women,2014,3,jacky+in+the+kingdom+of+women+2014
22841,three colors red,1994,3,three+colors+red+1994
118530,castaway on the moon,2009,4,castaway+on+the+moon+2009
56886,sweet smell of success,1957,4,sweet+smell+of+success+1957
41675,life in a day,2011,3,life+in+a+day+2011
52919,fur an imaginary portrait of diane arbus,2006,4,fur+an+imaginary+portrait+of+diane+arbus+2006
69603,batman begins,2005,4,batman+begins+2005
101668,one flew over the cuckoos nest,1975,4,one+flew+over+the+cuckoos+nest+1975
57526,saw,2004,4,saw+2004
71771,from the earth to the moon,1998,4,from+the+earth+to+the+moon+1998
135812,little birds,2011,3,little+birds+2011
104733,raiders of the lost ark,1981,5,raiders+of+the+lost+ark+1981
91797,whiplash,2014,4,whiplash+2014
14978,inception,2010,3,inception+2010
10817,hannah and her sisters,1986,4,hannah+and+her+sisters+1986
91549,olympian holiday,1976,4,olympian+holiday+1976
121050,juno,2007,4,juno+2007
123665,alien,1979,3,alien+1979
8378,fight club,1999,4,fight+club+1999
71616,inception,2010,4,inception+2010
133481,the lord of the rings the fellowship of the ring,2001,4,the+lord+of+the+rings+the+fellowship+of+the+ring+2001
32350,inception,2010,4,inception+2010
127764,the lord of the rings the fellowship of the ring,2001,5,the+lord+of+the+rings+the+fellowship+of+the+ring+2001
22828,survival island,2005,3,survival+island+2005
105693,the godfather,1972,5,the+godfather+1972
143921,22 bullets,2010,5,22+bullets+2010
119729,the story of adele h,1975,3,the+story+of+adele+h+1975
38965,zen,2009,3,zen+2009
36466,up,2009,4,up+2009
111487,inception,2010,4,inception+2010
76070,instrument ten years with the band fugazi,1999,3,instrument+ten+years+with+the+band+fugazi+1999
86342,timer,2009,4,timer+2009
94354,the dark knight,2008,4,the+dark+knight+2008
55276,the shawshank redemption,1994,5,the+shawshank+redemption+1994
80227,howls moving castle,2004,5,howls+moving+castle+2004
112734,one flew over the cuckoos nest,1975,4,one+flew+over+the+cuckoos+nest+1975
116193,the cool school,2008,4,the+cool+school+2008
115910,interstellar,2014,4,interstellar+2014
88634,stand by me,1986,4,stand+by+me+1986
79402,bride of frankenstein,1935,3,bride+of+frankenstein+1935
127362,raiders of the lost ark,1981,4,raiders+of+the+lost+ark+1981
116246,interstellar,2014,4,interstellar+2014
105567,whiplash,2014,4,whiplash+2014
75717,sleepwalk with me,2012,4,sleepwalk+with+me+2012
128837,the lord of the rings the fellowship of the ring,2001,5,the+lord+of+the+rings+the+fellowship+of+the+ring+2001
148829,jayne mansfields car,2012,3,jayne+mansfields+car+2012
26314,the lord of the rings the fellowship of the ring,2001,5,the+lord+of+the+rings+the+fellowship+of+the+ring+2001
127430,millie,1931,4,millie+1931
57543,seven psychopaths,2012,2,seven+psychopaths+2012
52113,the godfather,1972,5,the+godfather+1972
91,inception,2010,5,inception+2010
61383,up,2009,3,up+2009
17617,inception,2010,4,inception+2010
137839,spirited away,2001,3,spirited+away+2001
109742,inception,2010,5,inception+2010
89389,the lord of the rings the fellowship of the ring,2001,5,the+lord+of+the+rings+the+fellowship+of+the+ring+2001
7092,my neighbor totoro,1988,4,my+neighbor+totoro+1988
143473,raiders of the lost ark,1981,4,raiders+of+the+lost+ark+1981
129822,chances are,1989,3,chances+are+1989
11880,the garden,1990,3,the+garden+1990
54795,youll never get rich,1941,3,youll+never+get+rich+1941
36054,iron man,2008,5,iron+man+2008
128741,whiplash,2014,4,whiplash+2014
79222,a short film about love,1988,4,a+short+film+about+love+1988
141263,the shawshank redemption,1994,5,the+shawshank+redemption+1994
49567,inception,2010,4,inception+2010
71641,iron man,2008,5,iron+man+2008
139379,raiders of the lost ark,1981,5,raiders+of+the+lost+ark+1981
9028,the hunchback of notre dame,1996,4,the+hunchback+of+notre+dame+1996
117947,ballet shoes,2008,4,ballet+shoes+2008
116071,whiplash,2014,4,whiplash+2014
115354,my neighbor totoro,1988,4,my+neighbor+totoro+1988
120641,spirited away,2001,4,spirited+away+2001
93309,big hero 6,2014,4,big+hero+6+2014
95055,coraline,2009,3,coraline+2009
125111,iron man,2008,5,iron+man+2008
77984,late marriage,2001,4,late+marriage+2001
29038,the godfather,1972,4,the+godfather+1972
129244,the shawshank redemption,1994,4,the+shawshank+redemption+1994
14717,monty python and the holy grail,1975,4,monty+python+and+the+holy+grail+1975
66554,valerie and her week of wonders,1970,4,valerie+and+her+week+of+wonders+1970
144442,a walk on the moon,1999,4,a+walk+on+the+moon+1999
101321,major league,1989,4,major+league+1989
28648,casino royale,2006,4,casino+royale+2006
54053,goodfellas,1990,4,goodfellas+1990
74895,star wars,1977,4,star+wars+1977
55810,interstellar,2014,4,interstellar+2014
24470,alien,1979,3,alien+1979
58900,the lord of the rings the fellowship of the ring,2001,4,the+lord+of+the+rings+the+fellowship+of+the+ring+2001
110689,spirited away,2001,5,spirited+away+2001
98283,unforgiven,1992,4,unforgiven+1992
37440,howls moving castle,2004,4,howls+moving+castle+2004
134988,interstellar,2014,4,interstellar+2014
41747,one flew over the cuckoos nest,1975,4,one+flew+over+the+cuckoos+nest+1975
111234,one flew over the cuckoos nest,1975,5,one+flew+over+the+cuckoos+nest+1975
111429,coraline,2009,3,coraline+2009
9515,my neighbor totoro,1988,4,my+neighbor+totoro+1988
53812,the motel,2005,4,the+motel+2005
32657,vpeli krmy ja vetenalaiset vehkeet,1991,4,vpeli+krmy+ja+vetenalaiset+vehkeet+1991
123919,safety last,1923,5,safety+last+1923
43598,whiplash,2014,4,whiplash+2014
15835,one flew over the cuckoos nest,1975,4,one+flew+over+the+cuckoos+nest+1975
46383,iron man,2008,2,iron+man+2008
56909,the godfather,1972,5,the+godfather+1972
121087,another woman,1988,4,another+woman+1988
17248,drive,2011,4,drive+2011
70022,the dark knight,2008,4,the+dark+knight+2008
117068,whiplash,2014,4,whiplash+2014
64080,iron man,2008,5,iron+man+2008
32953,alien,1979,4,alien+1979
35904,nursery university,2009,3,nursery+university+2009
119777,big hero 6,2014,4,big+hero+6+2014
84838,interstellar,2014,4,interstellar+2014
113832,spirited away,2001,5,spirited+away+2001
66259,ninjas vs. zombies,2008,3,ninjas+vs.+zombies+2008
136387,the shawshank redemption,1994,4,the+shawshank+redemption+1994
39295,harry potter and the prisoner of azkaban,2004,4,harry+potter+and+the+prisoner+of+azkaban+2004
94028,up,2009,4,up+2009
71698,marjoe,1972,2,marjoe+1972
148162,im king kong the exploits of merian c. cooper,2005,3,im+king+kong+the+exploits+of+merian+c.+cooper+2005
71581,coraline,2009,4,coraline+2009
144451,coraline,2009,5,coraline+2009
46120,inception,2010,3,inception+2010
52874,monty python and the holy grail,1975,4,monty+python+and+the+holy+grail+1975
144777,the godfather,1972,4,the+godfather+1972
33218,arsenic and old lace,1944,4,arsenic+and+old+lace+1944
127108,heaven,2002,3,heaven+2002
77572,toy story,1995,4,toy+story+1995
72861,one flew over the cuckoos nest,1975,4,one+flew+over+the+cuckoos+nest+1975
133575,batman under the red hood,2010,3,batman+under+the+red+hood+2010
65575,iron man,2008,4,iron+man+2008
128943,ankur,1974,4,ankur+1974
28378,star wars,1977,4,star+wars+1977
6080,our beloved month of august,2008,2,our+beloved+month+of+august+2008
76212,monty python and the holy grail,1975,5,monty+python+and+the+holy+grail+1975
84865,howls moving castle,2004,5,howls+moving+castle+2004
88944,spirited away,2001,5,spirited+away+2001
144549,the godfather,1972,4,the+godfather+1972
96802,guardians of the galaxy,2014,4,guardians+of+the+galaxy+2014
70093,the godfather,1972,5,the+godfather+1972
5281,under african skies,2012,3,under+african+skies+2012
71526,whiplash,2014,5,whiplash+2014
90508,a deeper shade of blue,2011,4,a+deeper+shade+of+blue+2011
24704,one flew over the cuckoos nest,1975,3,one+flew+over+the+cuckoos+nest+1975
110166,the shawshank redemption,1994,4,the+shawshank+redemption+1994
134973,the man who knew too much,1956,4,the+man+who+knew+too+much+1956
23166,inception,2010,5,inception+2010
13570,iron man,2008,5,iron+man+2008
104465,the lion king 1,2004,4,the+lion+king+1+2004
90178,alien,1979,5,alien+1979
28634,dragon ball gt a heros legacy,1997,2,dragon+ball+gt+a+heros+legacy+1997
140580,big hero 6,2014,3,big+hero+6+2014
157264,kikis delivery service,1989,5,kikis+delivery+service+1989
138789,samaritan girl,2004,4,samaritan+girl+2004
25260,one flew over the cuckoos nest,1975,4,one+flew+over+the+cuckoos+nest+1975
2778,the shawshank redemption,1994,3,the+shawshank+redemption+1994
89401,my neighbor totoro,1988,5,my+neighbor+totoro+1988
112886,inception,2010,5,inception+2010
59190,the first time,2012,3,the+first+time+2012
113234,comrade x,1940,4,comrade+x+1940
4296,one flew over the cuckoos nest,1975,5,one+flew+over+the+cuckoos+nest+1975
112134,whiplash,2014,5,whiplash+2014
14502,the dark knight,2008,4,the+dark+knight+2008
105311,the 19th wife,2010,3,the+19th+wife+2010
1469,se7en,1995,5,se7en+1995
12648,guardians of the galaxy,2014,3,guardians+of+the+galaxy+2014
118591,a womans secret,1949,3,a+womans+secret+1949
71445,spirited away,2001,3,spirited+away+2001
46086,whiplash,2014,4,whiplash+2014
138479,monty python and the holy grail,1975,4,monty+python+and+the+holy+grail+1975
47667,iron man,2008,3,iron+man+2008
108663,one flew over the cuckoos nest,1975,4,one+flew+over+the+cuckoos+nest+1975
114001,howls moving castle,2004,5,howls+moving+castle+2004
141580,star wars,1977,3,star+wars+1977
138687,la cucaracha,1998,3,la+cucaracha+1998
108808,raiders of the lost ark,1981,4,raiders+of+the+lost+ark+1981
78194,walking tall part ii,1975,2,walking+tall+part+ii+1975
42775,whiplash,2014,3,whiplash+2014
21498,spirited away,2001,4,spirited+away+2001
110976,dolphin tale,2011,4,dolphin+tale+2011
61032,big hero 6,2014,4,big+hero+6+2014
15756,the godfather,1972,5,the+godfather+1972
2868,nekromantik 2,1991,3,nekromantik+2+1991
20661,whiplash,2014,4,whiplash+2014
118888,the great escape,1963,4,the+great+escape+1963
34828,coraline,2009,4,coraline+2009
90345,terminator salvation,2009,5,terminator+salvation+2009
47972,star wars,1977,3,star+wars+1977
145189,one flew over the cuckoos nest,1975,4,one+flew+over+the+cuckoos+nest+1975
78578,view from the top,2003,3,view+from+the+top+2003
27452,up,2009,5,up+2009
120703,x-men days of future past,2014,3,x-men+days+of+future+past+2014
98499,spirited away,2001,4,spirited+away+2001
61818,the aristocats,1970,3,the+aristocats+1970
103921,in the city of sylvia,2007,3,in+the+city+of+sylvia+2007
125481,star wars,1977,4,star+wars+1977
12147,dona flor and her two husbands,1976,3,dona+flor+and+her+two+husbands+1976
106870,monty python and the holy grail,1975,5,monty+python+and+the+holy+grail+1975
84115,match point,2005,3,match+point+2005
112018,spirited away,2001,4,spirited+away+2001
42423,whiplash,2014,5,whiplash+2014
56196,adventure in baltimore,1949,3,adventure+in+baltimore+1949
21925,dawn of the planet of the apes,2014,4,dawn+of+the+planet+of+the+apes+2014
130403,my neighbor totoro,1988,5,my+neighbor+totoro+1988
126210,the shawshank redemption,1994,5,the+shawshank+redemption+1994
112954,all tomorrows parties,2009,2,all+tomorrows+parties+2009
69822,monty python and the holy grail,1975,3,monty+python+and+the+holy+grail+1975
45184,monty python and the holy grail,1975,4,monty+python+and+the+holy+grail+1975
140570,the citizen,2012,3,the+citizen+2012
100764,whiplash,2014,3,whiplash+2014
111966,monty python and the holy grail,1975,5,monty+python+and+the+holy+grail+1975
26714,up,2009,4,up+2009
125466,star wars,1977,5,star+wars+1977
47378,my neighbor totoro,1988,4,my+neighbor+totoro+1988
66721,spirited away,2001,5,spirited+away+2001
52834,somers town,2008,4,somers+town+2008
10823,the lion king,1994,4,the+lion+king+1994
37371,spirited away,2001,3,spirited+away+2001
8570,the heiress,1949,4,the+heiress+1949
85498,star wars,1977,5,star+wars+1977
70639,up,2009,4,up+2009
104690,the passerby,1982,4,the+passerby+1982
22898,steamboat willie,1928,4,steamboat+willie+1928
57299,the dark knight,2008,5,the+dark+knight+2008
137337,stand by me,1986,4,stand+by+me+1986
17929,contempt,1963,4,contempt+1963
91512,master and commander the far side of the world,2003,4,master+and+commander+the+far+side+of+the+world+2003
69012,they drive by night,1940,5,they+drive+by+night+1940
49856,interstellar,2014,4,interstellar+2014
86004,my neighbor totoro,1988,3,my+neighbor+totoro+1988
65401,the lavender hill mob,1951,3,the+lavender+hill+mob+1951
55557,paths of glory,1957,3,paths+of+glory+1957
76050,one flew over the cuckoos nest,1975,5,one+flew+over+the+cuckoos+nest+1975
92682,the terminator,1984,4,the+terminator+1984
93336,interstellar,2014,4,interstellar+2014
151892,a flower,1971,4,a+flower+1971
119043,the good_ the bad and the ugly,1966,4,the+good_+the+bad+and+the+ugly+1966
93831,the shawshank redemption,1994,4,the+shawshank+redemption+1994
87638,the dark knight,2008,5,the+dark+knight+2008
41665,the incredibles,2004,5,the+incredibles+2004
148857,raiders of the lost ark,1981,3,raiders+of+the+lost+ark+1981
69848,monty python and the holy grail,1975,5,monty+python+and+the+holy+grail+1975
62125,my neighbor totoro,1988,4,my+neighbor+totoro+1988
1688,ratatouille,2007,5,ratatouille+2007
121548,raiders of the lost ark,1981,5,raiders+of+the+lost+ark+1981
116658,coraline,2009,3,coraline+2009
141015,game change,2012,4,game+change+2012
30124,critters,1986,3,critters+1986
140573,how to train your dragon,2010,4,how+to+train+your+dragon+2010
66233,guardians of the galaxy,2014,4,guardians+of+the+galaxy+2014
133182,terminator salvation,2009,4,terminator+salvation+2009
100856,the year of the hare,1977,4,the+year+of+the+hare+1977
119591,the dark knight,2008,4,the+dark+knight+2008
110156,interstellar,2014,3,interstellar+2014
114643,inception,2010,3,inception+2010
100930,snow cake,2006,3,snow+cake+2006
139947,the shawshank redemption,1994,5,the+shawshank+redemption+1994
105606,they came together,2014,2,they+came+together+2014
115707,the dark knight,2008,5,the+dark+knight+2008
27083,roseland,1977,3,roseland+1977
77623,monty python and the holy grail,1975,4,monty+python+and+the+holy+grail+1975
115943,the shawshank redemption,1994,4,the+shawshank+redemption+1994
88936,nausica of the valley of the wind,1984,4,nausica+of+the+valley+of+the+wind+1984
71701,monty python and the holy grail,1975,3,monty+python+and+the+holy+grail+1975
143650,bambou,2009,4,bambou+2009
27014,inception,2010,5,inception+2010
30943,one flew over the cuckoos nest,1975,4,one+flew+over+the+cuckoos+nest+1975
23809,up,2009,4,up+2009
19938,ordinary sinner,2001,5,ordinary+sinner+2001
18742,harry potter and the half-blood prince,2009,5,harry+potter+and+the+half-blood+prince+2009
104527,the shawshank redemption,1994,5,the+shawshank+redemption+1994
23188,alien,1979,4,alien+1979
71681,terminator salvation,2009,4,terminator+salvation+2009
149712,star wars,1977,5,star+wars+1977
33938,monty python and the holy grail,1975,5,monty+python+and+the+holy+grail+1975
68714,the dark knight,2008,5,the+dark+knight+2008
75618,the godfather,1972,4,the+godfather+1972
20245,trapped ashes,2006,4,trapped+ashes+2006
135098,alien,1979,2,alien+1979
116222,up,2009,5,up+2009
88391,alien,1979,4,alien+1979
116729,the way home,2002,4,the+way+home+2002
76806,the shawshank redemption,1994,5,the+shawshank+redemption+1994
79812,big hero 6,2014,4,big+hero+6+2014
88200,interstellar,2014,4,interstellar+2014
151387,the casino murder case,1935,4,the+casino+murder+case+1935
92879,my neighbor totoro,1988,4,my+neighbor+totoro+1988
13296,a countess from hong kong,1967,3,a+countess+from+hong+kong+1967
52522,alien,1979,4,alien+1979
100601,the shawshank redemption,1994,4,the+shawshank+redemption+1994
121145,howls moving castle,2004,5,howls+moving+castle+2004
14614,the lord of the rings the fellowship of the ring,2001,4,the+lord+of+the+rings+the+fellowship+of+the+ring+2001
29208,up,2009,4,up+2009
80555,frankenstein,1931,4,frankenstein+1931
99787,death proof,2007,4,death+proof+2007
86111,a place of ones own,1945,4,a+place+of+ones+own+1945
88507,starting out in the evening,2007,4,starting+out+in+the+evening+2007
8726,the dark knight,2008,3,the+dark+knight+2008
148010,whiplash,2014,4,whiplash+2014
10587,the matrix revolutions,2003,5,the+matrix+revolutions+2003
77003,up,2009,4,up+2009
135867,iron man,2008,3,iron+man+2008
128191,my neighbor totoro,1988,4,my+neighbor+totoro+1988
89321,nobody loves me,1994,4,nobody+loves+me+1994
141533,interstellar,2014,3,interstellar+2014
66839,the godfather,1972,4,the+godfather+1972
87429,up,2009,4,up+2009
129417,the l-shaped room,1962,4,the+l-shaped+room+1962
129958,speedway,1968,3,speedway+1968
38016,the mask,1994,2,the+mask+1994
15395,impostor,2001,3,impostor+2001
106124,donovans echo,2011,4,donovans+echo+2011
42746,the thief,1997,2,the+thief+1997
111531,diary of a shinjuku thief,1969,4,diary+of+a+shinjuku+thief+1969
27739,the raid,2011,3,the+raid+2011
86503,sidewalls,2011,3,sidewalls+2011
128679,chasing christmas,2005,4,chasing+christmas+2005
118552,one flew over the cuckoos nest,1975,4,one+flew+over+the+cuckoos+nest+1975
132779,star wars episode iii - revenge of the sith,2005,4,star+wars+episode+iii+-+revenge+of+the+sith+2005
132860,leon the professional,1994,4,leon+the+professional+1994
28895,the robot vs. the aztec mummy,1958,4,the+robot+vs.+the+aztec+mummy+1958
2322,the lord of the rings the fellowship of the ring,2001,4,the+lord+of+the+rings+the+fellowship+of+the+ring+2001
59126,city slickers,1991,4,city+slickers+1991
82558,the distance,2014,5,the+distance+2014
73645,days of being wild,1990,4,days+of+being+wild+1990
56712,the game,1997,5,the+game+1997
129581,like sunday_ like rain,2014,2,like+sunday_+like+rain+2014
54038,death at a funeral,2007,4,death+at+a+funeral+2007
143344,iron man 3,2013,4,iron+man+3+2013
97448,the iron commissioner,1978,4,the+iron+commissioner+1978
125436,movie movie,1978,2,movie+movie+1978
43128,payback,1999,4,payback+1999
91967,soldier,1998,3,soldier+1998
149877,i am von hfler variation on werther,2008,5,i+am+von+hfler+variation+on+werther+2008
61209,near dark,1987,5,near+dark+1987
42970,the best years of our lives,1946,3,the+best+years+of+our+lives+1946
34511,desperate,1947,3,desperate+1947
119433,echelon conspiracy,2009,3,echelon+conspiracy+2009
82674,concert for george,2002,5,concert+for+george+2002
123663,dial m for murder,1954,3,dial+m+for+murder+1954
88809,turtles can fly,2005,4,turtles+can+fly+2005
18366,dawn of the dead,1978,4,dawn+of+the+dead+1978
89028,first blood,1982,4,first+blood+1982
67039,where the sidewalk ends,1950,4,where+the+sidewalk+ends+1950
1818,detachment,2011,5,detachment+2011
59735,stolen kisses,1968,4,stolen+kisses+1968
10385,guardians of the galaxy,2014,5,guardians+of+the+galaxy+2014
92944,bloodsuckers,2005,3,bloodsuckers+2005
98329,life after beth,2014,3,life+after+beth+2014
92686,wuthering heights,1939,4,wuthering+heights+1939
12137,harry potter and the half-blood prince,2009,3,harry+potter+and+the+half-blood+prince+2009
138640,rigor mortis,2013,4,rigor+mortis+2013
36595,inception,2010,4,inception+2010
8685,pirates of the caribbean on stranger tides,2011,4,pirates+of+the+caribbean+on+stranger+tides+2011
47469,downfall,2004,4,downfall+2004
81558,galaxy quest,1999,3,galaxy+quest+1999
62607,something wild,1986,4,something+wild+1986
141575,the terminator,1984,4,the+terminator+1984
76134,the devils tomb,2009,4,the+devils+tomb+2009
14566,day of wrath,1943,4,day+of+wrath+1943
17243,sin city,2005,3,sin+city+2005
21192,jesus camp,2006,3,jesus+camp+2006
32251,the china syndrome,1979,4,the+china+syndrome+1979
122922,die weisse rose,1982,4,die+weisse+rose+1982
140383,lies my father told me,1975,3,lies+my+father+told+me+1975
1574,inception,2010,4,inception+2010
47521,time limit,1957,3,time+limit+1957
46917,toy story 2,1999,4,toy+story+2+1999
3344,friday the 13th,1980,2,friday+the+13th+1980
98783,my fake fiance,2009,4,my+fake+fiance+2009
26744,hoodwinked too hood vs. evil,2011,3,hoodwinked+too+hood+vs.+evil+2011
71168,10 things i hate about you,1999,2,10+things+i+hate+about+you+1999
52835,close encounters of the third kind,1977,4,close+encounters+of+the+third+kind+1977
72552,life is a bed of roses,1983,3,life+is+a+bed+of+roses+1983
113154,iron man 2,2010,4,iron+man+2+2010
26605,the cat returns,2002,4,the+cat+returns+2002
106826,devils doorway,1950,4,devils+doorway+1950
80521,bandaged,2009,4,bandaged+2009
41665,ice princess,2005,4,ice+princess+2005
258,the cats out,1931,3,the+cats+out+1931
147090,green lantern first flight,2009,4,green+lantern+first+flight+2009
userid,movie_name,year,rating,movie_name+year
105439,eternal sunshine of the spotless mind,2004,4,eternal+sunshine+of+the+spotless+mind+2004
67439,home run,2013,2,home+run+2013
117664,i_ robot,2004,4,i_+robot+2004
44390,mulan,1998,3,mulan+1998
3536,spirited away,2001,4,spirited+away+2001
83701,some days are better than others,2011,4,some+days+are+better+than+others+2011
83906,the gods must be crazy,1980,4,the+gods+must+be+crazy+1980
118565,pirates of the caribbean on stranger tides,2011,5,pirates+of+the+caribbean+on+stranger+tides+2011
148804,the man who couldnt say no,1975,3,the+man+who+couldnt+say+no+1975
65079,soundbreaker,2012,4,soundbreaker+2012
72458,mike tyson undisputed truth,2013,3,mike+tyson+undisputed+truth+2013
94784,isolation,2005,3,isolation+2005
71365,down  out with the dolls,2003,3,down++out+with+the+dolls+2003
83699,blame it on fidel,2006,3,blame+it+on+fidel+2006
38643,dugs special mission,2009,3,dugs+special+mission+2009
149457,the steel trap,1952,4,the+steel+trap+1952
103277,powaqqatsi,1988,4,powaqqatsi+1988
135850,balto,1995,3,balto+1995
28077,thunderheart,1992,4,thunderheart+1992
59072,into the west,1992,3,into+the+west+1992
67359,lollilove,2004,4,lollilove+2004
11450,gladiator 1992,1992,5,gladiator+1992+1992
60773,the cooler,2003,3,the+cooler+2003
60119,force 10 from navarone,1978,4,force+10+from+navarone+1978
131658,make it happen,2008,3,make+it+happen+2008
71591,kikis delivery service,1989,4,kikis+delivery+service+1989
109702,the auntie from chicago,1957,2,the+auntie+from+chicago+1957
21816,the rules of the game,1939,5,the+rules+of+the+game+1939
139515,avatar,2009,3,avatar+2009
15888,guardians of the galaxy,2014,3,guardians+of+the+galaxy+2014
11045,the prince  me,2004,2,the+prince++me+2004
21722,one flew over the cuckoos nest,1975,3,one+flew+over+the+cuckoos+nest+1975
90612,white noise,2005,5,white+noise+2005
11137,limite,1931,3,limite+1931
109476,babysitting,2014,4,babysitting+2014
16674,shadows  lies,2010,4,shadows++lies+2010
106307,puccini for beginners,2006,3,puccini+for+beginners+2006
68090,ralliraita,2009,4,ralliraita+2009
119729,corpse bride,2005,3,corpse+bride+2005
43993,code name the cleaner,2007,3,code+name+the+cleaner+2007
117865,constantine,2005,4,constantine+2005
142424,ratatouille,2007,3,ratatouille+2007
142458,the long dark hall,1951,4,the+long+dark+hall+1951
345,captain america the first avenger,2011,3,captain+america+the+first+avenger+2011
55779,sylvia and the ghost,1946,3,sylvia+and+the+ghost+1946
64972,fantastic 4 rise of the silver surfer,2007,3,fantastic+4+rise+of+the+silver+surfer+2007
136671,the black waters of echos pond,2009,5,the+black+waters+of+echos+pond+2009
20417,a tale of two sisters,2003,2,a+tale+of+two+sisters+2003
14561,junkopia,1981,2,junkopia+1981
131089,the crimson rivers,2000,4,the+crimson+rivers+2000
7131,the world before her,2012,4,the+world+before+her+2012
72640,r xmas,2001,3,r+xmas+2001
140295,r,2010,4,r+2010
41701,avatar,2009,4,avatar+2009
28928,the secret world of arrietty,2010,4,the+secret+world+of+arrietty+2010
48220,une chambre en ville,1982,2,une+chambre+en+ville+1982
76149,harry potter and the deathly hallows part 2,2011,3,harry+potter+and+the+deathly+hallows+part+2+2011
57859,the secret world of arrietty,2010,4,the+secret+world+of+arrietty+2010
11780,harvest 3_000 years,1976,2,harvest+3_000+years+1976
77827,target,1995,4,target+1995
71014,barbie a perfect christmas,2011,4,barbie+a+perfect+christmas+2011
4574,the lorax,2012,4,the+lorax+2012
88189,watchmen,2009,5,watchmen+2009
115002,knife in the water,1962,4,knife+in+the+water+1962
28216,from russia with love,1963,3,from+russia+with+love+1963
135402,big hero 6,2014,5,big+hero+6+2014
88880,black sabbath,1963,4,black+sabbath+1963
117910,the roaring twenties,1939,3,the+roaring+twenties+1939
112840,the amazing spider-man 2,2014,2,the+amazing+spider-man+2+2014
25047,waiting for guffman,1996,5,waiting+for+guffman+1996
145372,my darling clementine,1946,4,my+darling+clementine+1946
135418,troy,2004,4,troy+2004
148882,criss cross,1949,5,criss+cross+1949
139820,whiplash,2014,3,whiplash+2014
339,if its tuesday_ this must be belgium,1969,5,if+its+tuesday_+this+must+be+belgium+1969
126358,the lady,2011,4,the+lady+2011
98635,puss in boots the three diablos,2011,3,puss+in+boots+the+three+diablos+2011
123439,harry potter and the goblet of fire,2005,4,harry+potter+and+the+goblet+of+fire+2005
51785,oss 117 cairo_ nest of spies,2006,4,oss+117+cairo_+nest+of+spies+2006
147975,my neighbor totoro,1988,4,my+neighbor+totoro+1988
64394,barnacle bill,1941,2,barnacle+bill+1941
114358,armored,2009,3,armored+2009
14026,beetlejuice,1988,4,beetlejuice+1988
39486,humanity and paper balloons,1937,3,humanity+and+paper+balloons+1937
9518,monsturd,2003,3,monsturd+2003
80351,thunderheart,1992,4,thunderheart+1992
29020,geronimo an american legend,1993,4,geronimo+an+american+legend+1993
51891,this film is not yet rated,2006,4,this+film+is+not+yet+rated+2006
149030,seven brides for seven brothers,1954,3,seven+brides+for+seven+brothers+1954
33844,poseidon,2006,2,poseidon+2006
97887,harry brown,2009,4,harry+brown+2009
105290,ice age the meltdown,2006,4,ice+age+the+meltdown+2006
15881,pulp fiction,1994,4,pulp+fiction+1994
80658,galaxy quest,1999,3,galaxy+quest+1999
14293,manon of the spring,1986,4,manon+of+the+spring+1986
102383,the lord of the rings the fellowship of the ring,2001,4,the+lord+of+the+rings+the+fellowship+of+the+ring+2001
102763,cabin in the sky,1943,4,cabin+in+the+sky+1943
133830,the great escape,1963,4,the+great+escape+1963
3228,ivanhoe,1952,3,ivanhoe+1952
34581,mr. poppers penguins,2011,4,mr.+poppers+penguins+2011
125162,cinderella,2015,4,cinderella+2015
100290,the remains of the day,1993,4,the+remains+of+the+day+1993
91188,monster in a box,1992,4,monster+in+a+box+1992
1606,days of grace,2011,4,days+of+grace+2011
71838,star wars episode ii - attack of the clones,2002,3,star+wars+episode+ii+-+attack+of+the+clones+2002
108698,pirates of the caribbean the curse of the black pearl,2003,3,pirates+of+the+caribbean+the+curse+of+the+black+pearl+2003
98156,the cat concerto,1947,5,the+cat+concerto+1947
65677,quantum of solace,2008,3,quantum+of+solace+2008
116509,brigham young,1940,4,brigham+young+1940
122156,wonderland,2003,4,wonderland+2003
113941,culloden,1964,4,culloden+1964
134404,cowboy bebop the movie,2001,4,cowboy+bebop+the+movie+2001
6111,the bloodstained butterfly,1971,3,the+bloodstained+butterfly+1971
99216,the gods must be crazy,1980,2,the+gods+must+be+crazy+1980
44008,harry potter and the chamber of secrets,2002,4,harry+potter+and+the+chamber+of+secrets+2002
149133,finding fela,2014,4,finding+fela+2014
4980,rodan,1956,4,rodan+1956
119006,raising arizona,1987,3,raising+arizona+1987
36774,one flew over the cuckoos nest,1975,4,one+flew+over+the+cuckoos+nest+1975
3255,gladiator,2000,5,gladiator+2000
43425,safe conduct,2002,3,safe+conduct+2002
112587,the raid,2011,4,the+raid+2011
85780,iron man,2008,5,iron+man+2008
6040,even dwarfs started small,1970,4,even+dwarfs+started+small+1970
16951,ferngully the last rainforest,1992,4,ferngully+the+last+rainforest+1992
95940,chappie,2015,3,chappie+2015
238,all the way home,1963,3,all+the+way+home+1963
49428,iron man,2008,3,iron+man+2008
51742,inception,2010,5,inception+2010
41208,trail of the pink panther,1982,2,trail+of+the+pink+panther+1982
96569,grand canyon,1991,4,grand+canyon+1991
114366,saints and soldiers airborne creed,2012,4,saints+and+soldiers+airborne+creed+2012
10772,seven chances,1925,5,seven+chances+1925
109694,airplane,1980,3,airplane+1980
64714,chhoti si baat,1975,4,chhoti+si+baat+1975
76921,murder_ inc.,1960,3,murder_+inc.+1960
57799,gattaca,1997,3,gattaca+1997
38993,hail columbia,1982,4,hail+columbia+1982
86867,dumb and dumber,1994,4,dumb+and+dumber+1994
9121,every stewardess goes to heaven,2002,3,every+stewardess+goes+to+heaven+2002
33960,interstellar,2014,5,interstellar+2014
118676,in the mood for love,2000,4,in+the+mood+for+love+2000
58133,cradle of fear,2001,3,cradle+of+fear+2001
8137,american hardcore,2006,3,american+hardcore+2006
140091,elvis and anabelle,2007,3,elvis+and+anabelle+2007
113391,the hobbit the battle of the five armies,2014,3,the+hobbit+the+battle+of+the+five+armies+2014
30853,carve her name with pride,1958,4,carve+her+name+with+pride+1958
109851,noises off...,1992,4,noises+off...+1992
59210,jiro dreams of sushi,2011,4,jiro+dreams+of+sushi+2011
86156,20th century boys - chapter 1 beginning of the end,2008,3,20th+century+boys+-+chapter+1+beginning+of+the+end+2008
134930,so proudly we hail,1943,4,so+proudly+we+hail+1943
138778,cave of forgotten dreams,2010,4,cave+of+forgotten+dreams+2010
120332,odd obsession,1959,5,odd+obsession+1959
49360,paranormal activity,2007,3,paranormal+activity+2007
77195,golden boy,1939,4,golden+boy+1939
66522,pretty in pink,1986,4,pretty+in+pink+1986
63590,the lord of the rings the fellowship of the ring,2001,5,the+lord+of+the+rings+the+fellowship+of+the+ring+2001
18553,chalet girl,2011,4,chalet+girl+2011
20961,wild tales,2014,3,wild+tales+2014
30605,the prey,2011,3,the+prey+2011
61703,skylab,2011,4,skylab+2011
16849,the sea gull,1968,3,the+sea+gull+1968
59222,un chien andalou,1929,4,un+chien+andalou+1929
92912,st trinians 2 the legend of frittons gold,2009,4,st+trinians+2+the+legend+of+frittons+gold+2009
96789,we are the nobles,2013,3,we+are+the+nobles+2013
24631,sherlock holmes,2010,4,sherlock+holmes+2010
94862,underclassman,2005,3,underclassman+2005
73842,who is harry kellerman and why is he saying those terrible things about me,1971,3,who+is+harry+kellerman+and+why+is+he+saying+those+terrible+things+about+me+1971
59526,mostly sunny,2012,4,mostly+sunny+2012
115213,gone,2012,3,gone+2012
21650,the imposter,2012,4,the+imposter+2012
86087,snow white,1916,4,snow+white+1916
140354,the divine move,2014,3,the+divine+move+2014
124990,the spy who loved me,1977,3,the+spy+who+loved+me+1977
7541,george  a.j.,2009,4,george++a.j.+2009
43863,george and the dragon,2004,3,george+and+the+dragon+2004
80579,ulysses gaze,1995,5,ulysses+gaze+1995
102915,leon the professional,1994,4,leon+the+professional+1994
55063,samurai assassin,1965,5,samurai+assassin+1965
41003,le donk  scor-zay-zee,2009,2,le+donk++scor-zay-zee+2009
7515,star wars episode iii - revenge of the sith,2005,4,star+wars+episode+iii+-+revenge+of+the+sith+2005
119580,the princess diaries 2 royal engagement,2004,3,the+princess+diaries+2+royal+engagement+2004
146718,the terminator,1984,3,the+terminator+1984
99771,mansome,2012,4,mansome+2012
78546,batman begins,2005,4,batman+begins+2005
81113,fig jam,2011,4,fig+jam+2011
114528,lemony snickets a series of unfortunate events,2004,4,lemony+snickets+a+series+of+unfortunate+events+2004
14250,coraline,2009,4,coraline+2009
53571,the prince and the pauper,1990,4,the+prince+and+the+pauper+1990
67637,the comdads,1983,3,the+comdads+1983
104512,earthlings,2005,5,earthlings+2005
136927,yongary_ monster from the deep,1967,4,yongary_+monster+from+the+deep+1967
84027,whiplash,2014,5,whiplash+2014
140579,skokie,1981,3,skokie+1981
20388,the arrival of a train at la ciotat,1896,4,the+arrival+of+a+train+at+la+ciotat+1896
14360,mickey_ donald_ goofy the three musketeers,2004,3,mickey_+donald_+goofy+the+three+musketeers+2004
30684,zoo,2007,4,zoo+2007
18601,the eagle has landed,1976,4,the+eagle+has+landed+1976
111773,outsider,1997,4,outsider+1997
135188,walle,2008,4,walle+2008
115351,never back down,2008,2,never+back+down+2008
21247,jason and the argonauts,1963,3,jason+and+the+argonauts+1963
73195,toy story,1995,5,toy+story+1995
141589,health,1980,4,health+1980
27124,american history x,1998,3,american+history+x+1998
82312,the black cauldron,1985,4,the+black+cauldron+1985
38945,what lies beneath,2000,5,what+lies+beneath+2000
127942,coraline,2009,4,coraline+2009
132345,inception,2010,5,inception+2010
52127,the dancing masters,1943,4,the+dancing+masters+1943
26630,the killing fields,1984,4,the+killing+fields+1984
12588,jesse stone benefit of the doubt,2012,4,jesse+stone+benefit+of+the+doubt+2012
74456,kikis delivery service,1989,5,kikis+delivery+service+1989
108167,stir crazy,1980,3,stir+crazy+1980
104840,here without me,2011,3,here+without+me+2011
16241,the cats-paw,1934,4,the+cats-paw+1934
48085,pcu,1994,4,pcu+1994
140976,lolita,1962,3,lolita+1962
54453,easter parade,1948,4,easter+parade+1948
28859,rabbit without ears 2,2009,4,rabbit+without+ears+2+2009
54964,the scarecrow,1972,3,the+scarecrow+1972
62696,espions,2009,3,espions+2009
103158,terry pratchett choosing to die,2011,3,terry+pratchett+choosing+to+die+2011
90835,eye of the devil,1966,3,eye+of+the+devil+1966
87400,d.e.b.s.,2004,4,d.e.b.s.+2004
139555,empire of dreams the story of the star wars trilogy,2004,5,empire+of+dreams+the+story+of+the+star+wars+trilogy+2004
48373,beauty and the beast the enchanted christmas,1997,3,beauty+and+the+beast+the+enchanted+christmas+1997
138114,solaris,2002,4,solaris+2002
82975,snatch,2000,4,snatch+2000
141762,superbad,2007,4,superbad+2007
74104,these final hours,2014,4,these+final+hours+2014
122949,l.a. zombie,2010,3,l.a.+zombie+2010
97828,the wedding banquet,1993,4,the+wedding+banquet+1993
20733,the shawshank redemption,1994,4,the+shawshank+redemption+1994
120616,i even met happy gypsies,1967,5,i+even+met+happy+gypsies+1967
93550,guardians of the galaxy,2014,5,guardians+of+the+galaxy+2014
18094,the babymakers,2012,2,the+babymakers+2012
144443,harry potter and the deathly hallows part 1,2010,4,harry+potter+and+the+deathly+hallows+part+1+2010
117800,jupiter ascending,2015,4,jupiter+ascending+2015
55713,terminator 2 judgment day,1991,5,terminator+2+judgment+day+1991
645,nightcrawler,2014,4,nightcrawler+2014
57762,foreign correspondent,1940,4,foreign+correspondent+1940
139587,one flew over the cuckoos nest,1975,4,one+flew+over+the+cuckoos+nest+1975
44072,blade runner,1982,5,blade+runner+1982
96717,fallen,1998,4,fallen+1998
137072,the paper,1994,4,the+paper+1994
21415,raiders of the lost ark,1981,4,raiders+of+the+lost+ark+1981
138715,terkel in trouble,2004,3,terkel+in+trouble+2004
75213,the day the earth stood still,1951,3,the+day+the+earth+stood+still+1951
123525,raiders of the lost ark,1981,3,raiders+of+the+lost+ark+1981
30707,the puppet masters,1994,1,the+puppet+masters+1994
28834,the horrible dr. hichcock,1962,4,the+horrible+dr.+hichcock+1962
64941,men in black,1997,4,men+in+black+1997
52644,antichrist,2009,5,antichrist+2009
50348,friends with benefits,2011,4,friends+with+benefits+2011
65474,chicken run,2000,4,chicken+run+2000
35163,the searchers,1956,4,the+searchers+1956
77999,dragon ball z bojack unbound,1993,2,dragon+ball+z+bojack+unbound+1993
89812,keith,2008,2,keith+2008
3436,mother,1996,4,mother+1996
4246,harper valley p.t.a.,1978,4,harper+valley+p.t.a.+1978
69455,my neighbor totoro,1988,4,my+neighbor+totoro+1988
75221,filth,2013,3,filth+2013
66735,the babysitters,2007,3,the+babysitters+2007
40288,run lola run,1998,4,run+lola+run+1998
35277,a serbian film,2010,3,a+serbian+film+2010
94920,the aristocats,1970,3,the+aristocats+1970
44673,alien,1979,4,alien+1979
31334,my fair lady,1964,4,my+fair+lady+1964
37773,the little mermaid,1989,3,the+little+mermaid+1989
145265,scorned,2013,3,scorned+2013
37962,ghost in the shell,1995,4,ghost+in+the+shell+1995
51039,the christine jorgensen story,1970,3,the+christine+jorgensen+story+1970
145369,28 days,2000,3,28+days+2000
100528,toy story 3,2010,4,toy+story+3+2010
17994,shutter island,2010,4,shutter+island+2010
25794,barry munday,2010,4,barry+munday+2010
54666,mindhunters,2004,3,mindhunters+2004
31958,alien,1979,4,alien+1979
76742,ilsa she wolf of the ss,1975,3,ilsa+she+wolf+of+the+ss+1975
38525,mr.  mrs. smith,2005,3,mr.++mrs.+smith+2005
135008,podwrka,2009,3,podwrka+2009
125653,closure,2013,4,closure+2013
147738,the flower of my secret,1995,2,the+flower+of+my+secret+1995
112559,the last exorcism part ii,2013,3,the+last+exorcism+part+ii+2013
55723,day of the wacko,2002,3,day+of+the+wacko+2002
71159,the importance of being earnest,1952,4,the+importance+of+being+earnest+1952
133589,persuasion,1995,4,persuasion+1995
69236,one flew over the cuckoos nest,1975,5,one+flew+over+the+cuckoos+nest+1975
61171,goodnight mister tom,1998,3,goodnight+mister+tom+1998
136628,monty python and the holy grail,1975,4,monty+python+and+the+holy+grail+1975
120190,the dark knight,2008,5,the+dark+knight+2008
78543,howls moving castle,2004,5,howls+moving+castle+2004
111509,good time max,2008,3,good+time+max+2008
34717,on the line,2001,1,on+the+line+2001
112069,iron man 2,2010,4,iron+man+2+2010
30070,the dark knight,2008,5,the+dark+knight+2008
125933,marnie,1964,4,marnie+1964
55418,spider-man 3,2007,3,spider-man+3+2007
119237,stir of echoes,1999,3,stir+of+echoes+1999
27780,the good_ the bad_ the weird,2008,3,the+good_+the+bad_+the+weird+2008
48938,von richthofen and brown,1971,3,von+richthofen+and+brown+1971
147018,the iran job,2012,4,the+iran+job+2012
121085,the children of huang shi,2008,4,the+children+of+huang+shi+2008
12807,chasing amy,1997,4,chasing+amy+1997
15733,reservation road,2007,3,reservation+road+2007
77754,bloomington,2010,3,bloomington+2010
92630,the lord of the rings the return of the king,2003,5,the+lord+of+the+rings+the+return+of+the+king+2003
140089,fury,2014,4,fury+2014
67996,fight club,1999,4,fight+club+1999
149989,kinetta,2005,3,kinetta+2005
26769,finding nemo,2003,4,finding+nemo+2003
129994,bastards,2014,4,bastards+2014
127740,koirankynnen leikkaaja,2004,3,koirankynnen+leikkaaja+2004
148880,despicable me 2,2013,5,despicable+me+2+2013
49363,pulp fiction,1994,5,pulp+fiction+1994
140653,schultze gets the blues,2003,3,schultze+gets+the+blues+2003
73765,ponyo,2008,5,ponyo+2008
52690,star wars,1977,5,star+wars+1977
100674,she wouldnt say yes,1945,2,she+wouldnt+say+yes+1945
58717,around the world in eighty days,1956,3,around+the+world+in+eighty+days+1956
13693,adam,2009,4,adam+2009
132143,liberty,1929,3,liberty+1929
74594,singh is kinng,2008,4,singh+is+kinng+2008
18783,mayor of the sunset strip,2003,4,mayor+of+the+sunset+strip+2003
115392,the wolf of wall street,2013,4,the+wolf+of+wall+street+2013
112949,racing with the moon,1984,3,racing+with+the+moon+1984
79312,monument ave.,1998,4,monument+ave.+1998
102616,the whole ten yards,2004,4,the+whole+ten+yards+2004
53268,the last september,2000,4,the+last+september+2000
91585,philomena,2013,5,philomena+2013
15361,shed no tears,2013,3,shed+no+tears+2013
145799,vincent,1982,4,vincent+1982
98392,ghost river,2002,4,ghost+river+2002
125136,rough riders,1997,3,rough+riders+1997
136204,aladdin,1992,5,aladdin+1992
119322,savages,2012,4,savages+2012
108775,shrek forever after,2010,4,shrek+forever+after+2010
25143,predator,1987,4,predator+1987
49971,kill bill vol. 1,2003,4,kill+bill+vol.+1+2003
5664,the limey,1999,4,the+limey+1999
138510,seven samurai,1954,4,seven+samurai+1954
98905,after you,2003,3,after+you+2003
8260,visiting hours,1982,3,visiting+hours+1982
123317,the hobbit the desolation of smaug,2013,3,the+hobbit+the+desolation+of+smaug+2013
47193,the sword of doom,1966,4,the+sword+of+doom+1966
85629,the gorgon,1964,3,the+gorgon+1964
86186,b.f.s daughter,1948,3,b.f.s+daughter+1948
54201,boot camp,2008,4,boot+camp+2008
94658,ivan the terrible_ part ii the boyars plot,1958,4,ivan+the+terrible_+part+ii+the+boyars+plot+1958
51693,raiders of the lost ark,1981,4,raiders+of+the+lost+ark+1981
113258,love  human remains,1993,4,love++human+remains+1993
60411,ponyo,2008,4,ponyo+2008
45481,hustle  flow,2005,2,hustle++flow+2005
77575,harry potter and the deathly hallows part 1,2010,4,harry+potter+and+the+deathly+hallows+part+1+2010
30653,watchmen,2009,3,watchmen+2009
117354,zebra lounge,2001,4,zebra+lounge+2001
86499,starring maja,2009,4,starring+maja+2009
46893,the gnome-mobile,1967,2,the+gnome-mobile+1967
57013,peter pan,1953,5,peter+pan+1953
95422,the crow,1994,4,the+crow+1994
123750,which way is up,1977,4,which+way+is+up+1977
44350,resolution,2012,3,resolution+2012
140573,a walk in the old city of warsaw,1958,4,a+walk+in+the+old+city+of+warsaw+1958
120386,monty python and the holy grail,1975,5,monty+python+and+the+holy+grail+1975
118395,all of me,1984,4,all+of+me+1984
109050,lorna,1964,4,lorna+1964
58825,hold up,2010,3,hold+up+2010
8732,wisconsin death trip,1999,4,wisconsin+death+trip+1999
42274,the white stripes under great white northern lights,2009,4,the+white+stripes+under+great+white+northern+lights+2009
93009,one flew over the cuckoos nest,1975,4,one+flew+over+the+cuckoos+nest+1975
52039,the docks of new york,1928,4,the+docks+of+new+york+1928
111855,oceans eleven,2001,5,oceans+eleven+2001
68877,western,1997,4,western+1997
10700,the bishops wife,1947,5,the+bishops+wife+1947
42337,the bronze,2016,3,the+bronze+2016
111092,oceans,2009,4,oceans+2009
113962,dragon ball curse of the blood rubies,1986,3,dragon+ball+curse+of+the+blood+rubies+1986
103594,mr. canton and lady rose,1989,4,mr.+canton+and+lady+rose+1989
38608,safe haven,2013,3,safe+haven+2013
121707,constantine,2005,4,constantine+2005
122826,landscape suicide,1987,3,landscape+suicide+1987
139610,gattaca,1997,5,gattaca+1997
122537,the world unseen,2007,3,the+world+unseen+2007
25224,metrobranding,2010,3,metrobranding+2010
84249,the day the earth stood still,1951,4,the+day+the+earth+stood+still+1951
61797,tiptoes,2003,3,tiptoes+2003
70792,frozen,2013,2,frozen+2013
86948,murder on a sunday morning,2001,4,murder+on+a+sunday+morning+2001
49423,constantine,2005,3,constantine+2005
54121,goats,2012,3,goats+2012
11019,the solitude of prime numbers,2010,4,the+solitude+of+prime+numbers+2010
83621,the bride comes home,1935,5,the+bride+comes+home+1935
93848,the unknown known,2013,4,the+unknown+known+2013
38356,the matrix,1999,4,the+matrix+1999
52876,the black cauldron,1985,3,the+black+cauldron+1985
55775,finding nemo,2003,5,finding+nemo+2003
126341,1,2013,3,1+2013
60822,the bucket list,2007,4,the+bucket+list+2007
10037,parallels,2015,3,parallels+2015
30850,big game,2008,3,big+game+2008
51078,my sons,1991,3,my+sons+1991
120411,texas terror,1935,4,texas+terror+1935
9452,penguins of madagascar,2014,2,penguins+of+madagascar+2014
62951,the disappearance of haruhi suzumiya,2010,5,the+disappearance+of+haruhi+suzumiya+2010
62425,shrek 2,2004,4,shrek+2+2004
148479,the godfather,1972,4,the+godfather+1972
85732,the king of kong,2007,3,the+king+of+kong+2007
85542,chicken run,2000,3,chicken+run+2000
102832,ararat,2002,3,ararat+2002
26590,the campaign,2012,4,the+campaign+2012
2874,xingu,2012,3,xingu+2012
108446,what would jesus buy,2007,4,what+would+jesus+buy+2007
38853,thunderheart,1992,3,thunderheart+1992
88367,as luck would have it,2011,4,as+luck+would+have+it+2011
99974,searching for bobby fischer,1993,4,searching+for+bobby+fischer+1993
43648,the wrong arm of the law,1963,4,the+wrong+arm+of+the+law+1963
145894,if i stay,2014,3,if+i+stay+2014
111662,doctor detroit,1983,3,doctor+detroit+1983
76646,american zombie,2007,3,american+zombie+2007
92089,the last shark,1981,4,the+last+shark+1981
130537,gold diggers of 1933,1933,3,gold+diggers+of+1933+1933
144380,centurion,2010,3,centurion+2010
95938,how to train your dragon,2010,5,how+to+train+your+dragon+2010
11576,wicked blood,2014,4,wicked+blood+2014
112802,fighting elegy,1966,3,fighting+elegy+1966
29609,tom and jerry the lost dragon,2014,3,tom+and+jerry+the+lost+dragon+2014
498,lorenzos oil,1992,4,lorenzos+oil+1992
104812,the lorax,2012,3,the+lorax+2012
99026,love on the run,1979,4,love+on+the+run+1979
56408,the tree of wooden clogs,1978,4,the+tree+of+wooden+clogs+1978
106999,the matchmaker,1997,3,the+matchmaker+1997
81622,the burning plain,2008,3,the+burning+plain+2008
119066,sweet sixteen,2002,4,sweet+sixteen+2002
46651,the adventures of tom sawyer,1938,5,the+adventures+of+tom+sawyer+1938
109902,walle,2008,3,walle+2008
4500,battle in seattle,2007,4,battle+in+seattle+2007
31947,star wars,1977,5,star+wars+1977
124109,riding giants,2004,4,riding+giants+2004
2057,harvey,1950,5,harvey+1950
38201,dragon ball z broly - second coming,1994,3,dragon+ball+z+broly+-+second+coming+1994
131518,polyester,1981,4,polyester+1981
49358,the vanishing,1988,4,the+vanishing+1988
141350,whisper of the heart,1995,3,whisper+of+the+heart+1995
49014,lady be good,1941,3,lady+be+good+1941
103144,me and orson welles,2009,4,me+and+orson+welles+2009
103973,the war of the robots,1978,3,the+war+of+the+robots+1978
44658,girls just want to have fun,1985,3,girls+just+want+to+have+fun+1985
88478,someone i loved,2009,4,someone+i+loved+2009
148969,ride beyond vengeance,1966,5,ride+beyond+vengeance+1966
47765,paradise canyon,1935,4,paradise+canyon+1935
54716,out of the past,1947,5,out+of+the+past+1947
116180,ip man 2,2010,3,ip+man+2+2010
38771,chicken run,2000,4,chicken+run+2000
26527,extreme measures,1996,3,extreme+measures+1996
108825,the lord of the rings the fellowship of the ring,2001,3,the+lord+of+the+rings+the+fellowship+of+the+ring+2001
50549,the aviator,2004,3,the+aviator+2004
131337,arc,2006,5,arc+2006
118513,bring it on,2000,2,bring+it+on+2000
114804,waiting for guffman,1996,4,waiting+for+guffman+1996
103971,mademoiselle chambon,2009,3,mademoiselle+chambon+2009
60751,imagine,2012,4,imagine+2012
123298,raiders of the lost ark,1981,4,raiders+of+the+lost+ark+1981
59198,casino royale,2006,3,casino+royale+2006
120051,dances with wolves,1990,4,dances+with+wolves+1990
132658,cry freedom,1987,4,cry+freedom+1987
73650,mickey_ donald_ goofy the three musketeers,2004,4,mickey_+donald_+goofy+the+three+musketeers+2004
88670,the wolf of wall street,2013,4,the+wolf+of+wall+street+2013
41435,like father_ like son,2013,4,like+father_+like+son+2013
69052,pixote,1981,4,pixote+1981
101185,the spanish apartment,2002,4,the+spanish+apartment+2002
85835,ice age the meltdown,2006,3,ice+age+the+meltdown+2006
58519,se7en,1995,4,se7en+1995
107391,the grace lee project,2005,3,the+grace+lee+project+2005
69308,the man who knew too much,1956,4,the+man+who+knew+too+much+1956
130278,oldboy,2013,3,oldboy+2013
55736,diamonds,1999,2,diamonds+1999
22396,the librarian the curse of the judas chalice,2008,4,the+librarian+the+curse+of+the+judas+chalice+2008
149515,a christmas carol,1984,5,a+christmas+carol+1984
45251,blade runner,1982,4,blade+runner+1982
10506,bonhoeffer agent of grace,2000,3,bonhoeffer+agent+of+grace+2000
84645,twelve monkeys,1995,4,twelve+monkeys+1995
112046,shaun of the dead,2004,5,shaun+of+the+dead+2004
2807,guardians of the galaxy,2014,3,guardians+of+the+galaxy+2014
55457,the perils of pauline,1967,4,the+perils+of+pauline+1967
42563,the circus,1928,4,the+circus+1928
85875,constantine,2005,4,constantine+2005
91997,shark in venice,2008,4,shark+in+venice+2008
167,all that heaven allows,1955,4,all+that+heaven+allows+1955
47841,stalag luft,1993,4,stalag+luft+1993
130639,21,2008,4,21+2008
69675,harry potter and the order of the phoenix,2007,5,harry+potter+and+the+order+of+the+phoenix+2007
720,tracers,2015,3,tracers+2015
144754,peter pan,1953,3,peter+pan+1953
33976,rfk must die the assassination of bobby kennedy,2007,4,rfk+must+die+the+assassination+of+bobby+kennedy+2007
113125,ice age continental drift,2012,4,ice+age+continental+drift+2012
98827,nebraska,2013,4,nebraska+2013
140254,karen cries on the bus,2011,4,karen+cries+on+the+bus+2011
127827,killer condom,1996,4,killer+condom+1996
26003,big ass spider,2013,4,big+ass+spider+2013
94977,the secret world of arrietty,2010,4,the+secret+world+of+arrietty+2010
70257,the bakers wife,1938,4,the+bakers+wife+1938
106371,running on karma,2003,3,running+on+karma+2003
116686,waxworks,1924,5,waxworks+1924
65760,werewolf of london,1935,4,werewolf+of+london+1935
13469,beginning of the end,1957,3,beginning+of+the+end+1957
36792,harry potter and the philosophers stone,2001,4,harry+potter+and+the+philosophers+stone+2001
73623,moonlight mile,2002,3,moonlight+mile+2002
59899,gremlins 2 the new batch,1990,3,gremlins+2+the+new+batch+1990
54100,dragon ball z broly - the legendary super saiyan,1993,3,dragon+ball+z+broly+-+the+legendary+super+saiyan+1993
80139,the shawshank redemption,1994,5,the+shawshank+redemption+1994
113390,kingsman the secret service,2015,4,kingsman+the+secret+service+2015
40039,a merry friggin christmas,2014,3,a+merry+friggin+christmas+2014
110884,star wars episode ii - attack of the clones,2002,4,star+wars+episode+ii+-+attack+of+the+clones+2002
137457,mr. deeds goes to town,1936,5,mr.+deeds+goes+to+town+1936
97565,shanghai triad,1995,4,shanghai+triad+1995
103952,star wars episode i - the phantom menace,1999,2,star+wars+episode+i+-+the+phantom+menace+1999
23236,interstellar,2014,4,interstellar+2014
77010,hercules,2014,3,hercules+2014
121155,american pie 2,2001,4,american+pie+2+2001
4509,a bugs life,1998,3,a+bugs+life+1998
43306,a justified life sam peckinpah and the high country,2006,3,a+justified+life+sam+peckinpah+and+the+high+country+2006
22247,cloak  dagger,1984,3,cloak++dagger+1984
9662,shadow of a doubt,1943,3,shadow+of+a+doubt+1943
77928,miss violence,2013,3,miss+violence+2013
95099,interstellar,2014,3,interstellar+2014
2708,the departed,2006,4,the+departed+2006
63315,flash gordon trip to mars,1938,4,flash+gordon+trip+to+mars+1938
3104,the godfather,1972,5,the+godfather+1972
30414,the last mogul,2005,3,the+last+mogul+2005
30027,the gaucho,1927,2,the+gaucho+1927
105114,the cats meow,2001,4,the+cats+meow+2001
15958,the badlanders,1958,3,the+badlanders+1958
235,the terminator,1984,4,the+terminator+1984
144606,200 mph,2011,4,200+mph+2011
148165,saving private ryan,1998,5,saving+private+ryan+1998
110678,bloodsport,1988,3,bloodsport+1988
46316,dream,2008,4,dream+2008
18965,mr. nice guy,1997,4,mr.+nice+guy+1997
90573,malice,1993,4,malice+1993
112295,parked,2010,3,parked+2010
134967,village people,2013,3,village+people+2013
53254,toy story,1995,5,toy+story+1995
119190,go for it,1983,3,go+for+it+1983
4361,interstella 5555 the 5tory of the 5ecret 5tar 5ystem,2003,5,interstella+5555+the+5tory+of+the+5ecret+5tar+5ystem+2003
25410,the hobbit an unexpected journey,2012,3,the+hobbit+an+unexpected+journey+2012
94672,from dusk till dawn,1996,3,from+dusk+till+dawn+1996
63366,kill switch,2008,2,kill+switch+2008
84814,the santa clause 3 the escape clause,2006,2,the+santa+clause+3+the+escape+clause+2006
78104,paradise lost 2 revelations,2000,4,paradise+lost+2+revelations+2000
149664,the babysitters,2007,4,the+babysitters+2007
49749,three days of the condor,1975,5,three+days+of+the+condor+1975
107657,the oblong box,1969,3,the+oblong+box+1969
57465,dead  breakfast,2004,3,dead++breakfast+2004
61052,ski patrol,1990,4,ski+patrol+1990
16462,payback,1999,4,payback+1999
142191,hellboy ii the golden army,2008,3,hellboy+ii+the+golden+army+2008
121024,killers kiss,1955,2,killers+kiss+1955
102941,harry potter and the chamber of secrets,2002,4,harry+potter+and+the+chamber+of+secrets+2002
96383,the matrix,1999,5,the+matrix+1999
70185,the conqueror,1956,4,the+conqueror+1956
104689,game change,2012,5,game+change+2012
145874,ballet shoes,2008,3,ballet+shoes+2008
59883,training day,2001,4,training+day+2001
118196,dawn of the planet of the apes,2014,3,dawn+of+the+planet+of+the+apes+2014
109889,pop redemption,2013,4,pop+redemption+2013
12159,third star,2010,3,third+star+2010
130629,anastasia,1997,4,anastasia+1997
106208,the weather man,2005,4,the+weather+man+2005
107168,the aristocats,1970,4,the+aristocats+1970
126381,tangled,2010,3,tangled+2010
12180,battlestar galactica razor,2007,2,battlestar+galactica+razor+2007
11143,pirates of the caribbean the curse of the black pearl,2003,4,pirates+of+the+caribbean+the+curse+of+the+black+pearl+2003
28052,the marathon family,1982,4,the+marathon+family+1982
53249,black nativity,2013,4,black+nativity+2013
33590,scarface,1983,5,scarface+1983
95501,trailer park boys the movie,2006,3,trailer+park+boys+the+movie+2006
139199,touki bouki,1973,5,touki+bouki+1973
63847,toy story 3,2010,3,toy+story+3+2010
82350,its impossible to learn to plow by reading books,1988,4,its+impossible+to+learn+to+plow+by+reading+books+1988
72255,fly me to the moon,2012,3,fly+me+to+the+moon+2012
12194,skin,2009,4,skin+2009
42383,the day the earth stood still,1951,4,the+day+the+earth+stood+still+1951
19446,neverwas,2005,3,neverwas+2005
42426,factory girl,2006,4,factory+girl+2006
89333,the last real men,1995,4,the+last+real+men+1995
79710,dracula 3d,2012,4,dracula+3d+2012
119734,spirited away,2001,4,spirited+away+2001
15321,mr.  mrs. smith,2005,3,mr.++mrs.+smith+2005
21566,snow white and the seven dwarfs,1937,4,snow+white+and+the+seven+dwarfs+1937
80137,so long letty,1929,3,so+long+letty+1929
11421,toy story 2,1999,3,toy+story+2+1999
86287,up,2009,4,up+2009
5299,late autumn,2010,4,late+autumn+2010
80483,alien,1979,2,alien+1979
93849,ballet shoes,2008,3,ballet+shoes+2008
69788,all of me,1984,3,all+of+me+1984
138755,ikigami the ultimate limit,2008,4,ikigami+the+ultimate+limit+2008
93704,street fight,2005,4,street+fight+2005
137372,heavy petting,1989,3,heavy+petting+1989
88658,equilibrium,2002,4,equilibrium+2002
18247,faust,1926,5,faust+1926
148743,the chronicles of narnia the lion_ the witch and the wardrobe,2005,4,the+chronicles+of+narnia+the+lion_+the+witch+and+the+wardrobe+2005
104632,peter pan,1953,3,peter+pan+1953
29743,wonder boys,2000,3,wonder+boys+2000
48578,the empty hours,2013,4,the+empty+hours+2013
112877,the beast with five fingers,1946,3,the+beast+with+five+fingers+1946
108886,what a man,2011,4,what+a+man+2011
54932,the shawshank redemption,1994,3,the+shawshank+redemption+1994
142857,hunger,2008,4,hunger+2008
23052,train ride to hollywood,1975,3,train+ride+to+hollywood+1975
1893,the goddess of 1967,2000,3,the+goddess+of+1967+2000
61859,the shawshank redemption,1994,5,the+shawshank+redemption+1994
63754,the lizard,2004,4,the+lizard+2004
114295,the story of temple drake,1933,3,the+story+of+temple+drake+1933
145758,anchors aweigh,1945,3,anchors+aweigh+1945
9613,stolen seas,2013,4,stolen+seas+2013
65867,mad monster party,1967,3,mad+monster+party+1967
6992,the civil war,1990,4,the+civil+war+1990
102168,code 46,2003,4,code+46+2003
90590,a brighter summer day,1991,4,a+brighter+summer+day+1991
90945,the kings speech,2010,5,the+kings+speech+2010
122942,samaritan zatichi,1968,3,samaritan+zatichi+1968
15542,men in black,1997,4,men+in+black+1997
106131,the enemy below,1957,4,the+enemy+below+1957
8628,one hundred and one dalmatians,1961,3,one+hundred+and+one+dalmatians+1961
18409,boarding gate,2007,1,boarding+gate+2007
9211,light is calling,2004,3,light+is+calling+2004
30576,das boot,1981,4,das+boot+1981
44993,stay,2005,2,stay+2005
120117,the incredible hulk,2008,3,the+incredible+hulk+2008
41672,hollywood between paranoia and sci-fi. the power of myth,2011,2,hollywood+between+paranoia+and+sci-fi.+the+power+of+myth+2011
1978,whole lotta sole,2012,4,whole+lotta+sole+2012
66720,nymph,2014,4,nymph+2014
122450,its the easter beagle_ charlie brown,1974,3,its+the+easter+beagle_+charlie+brown+1974
59783,philadelphia,1993,4,philadelphia+1993
41304,the key,1983,4,the+key+1983
148865,barking dogs never bite,2000,3,barking+dogs+never+bite+2000
84161,it follows,2015,4,it+follows+2015
13175,the godfather,1972,5,the+godfather+1972
94626,zeitgeist,2007,4,zeitgeist+2007
127948,moon,2009,4,moon+2009
68176,pan tadeusz,1999,4,pan+tadeusz+1999
80150,promised land,2012,4,promised+land+2012
9770,the private eyes,1980,3,the+private+eyes+1980
98776,the thing about my folks,2005,4,the+thing+about+my+folks+2005
101647,the far country,1955,4,the+far+country+1955
118745,the patriot,1998,3,the+patriot+1998
97096,avatar,2009,5,avatar+2009
45622,starry eyes,2014,3,starry+eyes+2014
48036,big hero 6,2014,4,big+hero+6+2014
44604,hellion,2014,3,hellion+2014
105174,inception,2010,4,inception+2010
119493,big hero 6,2014,3,big+hero+6+2014
105627,class,1983,3,class+1983
129607,bloodrayne the third reich,2010,5,bloodrayne+the+third+reich+2010
50015,melancholia,2011,3,melancholia+2011
105522,infinity,1996,2,infinity+1996
149687,monty python and the holy grail,1975,5,monty+python+and+the+holy+grail+1975
2928,africa the serengeti,1994,4,africa+the+serengeti+1994
9899,enemies closer,2013,4,enemies+closer+2013
78834,what if,2013,4,what+if+2013
73351,stray dog,1949,4,stray+dog+1949
5962,gypsy,1993,4,gypsy+1993
44864,batman begins,2005,4,batman+begins+2005
85078,saints and soldiers airborne creed,2012,4,saints+and+soldiers+airborne+creed+2012
63962,floating clouds,1955,3,floating+clouds+1955
116777,the beaches of agns,2008,4,the+beaches+of+agns+2008
79727,ararat,2002,3,ararat+2002
2622,the chipmunk adventure,1987,3,the+chipmunk+adventure+1987
149279,youre next,2011,4,youre+next+2011
29914,naughty marietta,1935,3,naughty+marietta+1935
1508,back to the future,1985,3,back+to+the+future+1985
115496,balzac and the little chinese seamstress,2002,3,balzac+and+the+little+chinese+seamstress+2002
99620,chak de india,2007,4,chak+de+india+2007
71016,blade ii,2002,4,blade+ii+2002
29043,one flew over the cuckoos nest,1975,4,one+flew+over+the+cuckoos+nest+1975
141382,how much do you love me,2005,4,how+much+do+you+love+me+2005
66406,rocky balboa,2006,4,rocky+balboa+2006
130898,delta of venus,1995,3,delta+of+venus+1995
87901,up,2009,5,up+2009
39995,poetical refugee,2000,4,poetical+refugee+2000
41183,cashback,2006,4,cashback+2006
4464,ip man,2008,3,ip+man+2008
43486,my neighbor totoro,1988,5,my+neighbor+totoro+1988
63503,nativity,2009,3,nativity+2009
83685,the good guys and the bad guys,1969,4,the+good+guys+and+the+bad+guys+1969
34718,must read after my death,2007,4,must+read+after+my+death+2007
9489,cool it,2010,3,cool+it+2010
61043,little england,2013,2,little+england+2013
10633,faat kin,2001,2,faat+kin+2001
96057,the wankers,2011,4,the+wankers+2011
93846,free money,1998,4,free+money+1998
38023,cloudy with a chance of meatballs 2,2013,3,cloudy+with+a+chance+of+meatballs+2+2013
120330,the incredible hulk,2008,3,the+incredible+hulk+2008
111672,mariage  mendoza,2013,4,mariage++mendoza+2013
51013,wavelength,1967,4,wavelength+1967
26321,borgman,2013,3,borgman+2013
82995,the hobbit an unexpected journey,2012,4,the+hobbit+an+unexpected+journey+2012
40559,summer storm,2004,5,summer+storm+2004
userid,movie_name,year,rating,movie_name+year
70209,into the woods,2014,4,into+the+woods+2014
56858,hamlet,1964,4,hamlet+1964
122210,raiders of the lost ark,1981,5,raiders+of+the+lost+ark+1981
113578,for neda,2010,3,for+neda+2010
42506,the unsinkable molly brown,1964,3,the+unsinkable+molly+brown+1964
70809,the girl who leapt through time,2006,4,the+girl+who+leapt+through+time+2006
112530,edison_ the man,1940,3,edison_+the+man+1940
16188,bruce almighty,2003,4,bruce+almighty+2003
54589,the counterfeiters,2007,4,the+counterfeiters+2007
141763,the three musketeers,1921,3,the+three+musketeers+1921
41652,the thing from another world,1951,3,the+thing+from+another+world+1951
101041,goodfellas,1990,3,goodfellas+1990
112545,the incredible hulk,2008,3,the+incredible+hulk+2008
19909,troy,2004,4,troy+2004
79449,spirited away,2001,4,spirited+away+2001
100180,tormented,2009,4,tormented+2009
75747,scarface,1983,4,scarface+1983
86029,seven samurai,1954,5,seven+samurai+1954
52778,monty python and the holy grail,1975,5,monty+python+and+the+holy+grail+1975
125538,khartoum,1966,4,khartoum+1966
103951,e.t. the extra-terrestrial,1982,4,e.t.+the+extra-terrestrial+1982
48842,a beautiful mind,2001,3,a+beautiful+mind+2001
26186,the chronicles of narnia the lion_ the witch and the wardrobe,2005,4,the+chronicles+of+narnia+the+lion_+the+witch+and+the+wardrobe+2005
24567,the haunted world of el superbeasto,2009,4,the+haunted+world+of+el+superbeasto+2009
18353,the white cliffs of dover,1944,4,the+white+cliffs+of+dover+1944
148300,the mask of fu manchu,1932,4,the+mask+of+fu+manchu+1932
21291,fellinis casanova,1976,4,fellinis+casanova+1976
57638,men in black,1997,3,men+in+black+1997
43705,the magnificent one,1973,3,the+magnificent+one+1973
13450,perfectly normal,1991,3,perfectly+normal+1991
64290,the son,2002,4,the+son+2002
101520,kidulthood,2006,4,kidulthood+2006
2956,desire,2011,3,desire+2011
97293,anchors aweigh,1945,4,anchors+aweigh+1945
5662,the countess,2009,4,the+countess+2009
127685,harry potter and the chamber of secrets,2002,4,harry+potter+and+the+chamber+of+secrets+2002
7903,whisper of the heart,1995,3,whisper+of+the+heart+1995
105784,under the sun of satan,1987,3,under+the+sun+of+satan+1987
29569,true stories,1986,4,true+stories+1986
14804,salesman,1969,4,salesman+1969
144206,the spongebob movie sponge out of water,2015,3,the+spongebob+movie+sponge+out+of+water+2015
57467,frozen planet,2011,5,frozen+planet+2011
30369,twist of faith,2005,4,twist+of+faith+2005
89068,viper in the fist,2004,4,viper+in+the+fist+2004
11846,starting out in the evening,2007,4,starting+out+in+the+evening+2007
75977,being there,1979,4,being+there+1979
60684,it follows,2015,4,it+follows+2015
30201,gattaca,1997,5,gattaca+1997
115888,damn yankees,1958,4,damn+yankees+1958
97811,the faculty,1998,3,the+faculty+1998
89847,predator,1987,4,predator+1987
51332,the capture of bigfoot,1979,4,the+capture+of+bigfoot+1979
101710,night at the museum battle of the smithsonian,2009,3,night+at+the+museum+battle+of+the+smithsonian+2009
113646,onibaba,1964,3,onibaba+1964
112042,breaking away,1979,5,breaking+away+1979
12542,lady and the tramp,1955,3,lady+and+the+tramp+1955
148153,evangelion 2.0 you can not advance,2009,5,evangelion+2.0+you+can+not+advance+2009
82122,the sadist,1963,3,the+sadist+1963
138801,floating skyscrapers,2013,3,floating+skyscrapers+2013
63757,nausica of the valley of the wind,1984,5,nausica+of+the+valley+of+the+wind+1984
71969,juvenile court,1973,3,juvenile+court+1973
102975,who killed nancy,2009,4,who+killed+nancy+2009
40458,a guide to recognizing your saints,2006,4,a+guide+to+recognizing+your+saints+2006
39533,the boxer,1997,3,the+boxer+1997
57344,nausica of the valley of the wind,1984,5,nausica+of+the+valley+of+the+wind+1984
135963,wizards,1977,5,wizards+1977
130356,2001 a space odyssey,1968,4,2001+a+space+odyssey+1968
65663,thor,2011,3,thor+2011
80327,the avengers,2012,4,the+avengers+2012
71223,big hero 6,2014,4,big+hero+6+2014
35240,spider-man,2002,3,spider-man+2002
40352,up,2009,4,up+2009
98180,gerry,2002,4,gerry+2002
136692,resident evil damnation,2012,2,resident+evil+damnation+2012
8139,anastasia,1997,3,anastasia+1997
37934,watchmen,2009,4,watchmen+2009
83892,suicide kings,1997,4,suicide+kings+1997
91637,se7en,1995,4,se7en+1995
48362,between the folds,2008,4,between+the+folds+2008
111156,the boys in the band,1970,4,the+boys+in+the+band+1970
93701,night of the demon,1957,3,night+of+the+demon+1957
97396,inception,2010,5,inception+2010
108102,to live,1994,5,to+live+1994
99921,from russia with love,1963,5,from+russia+with+love+1963
4319,indiscreet,1958,4,indiscreet+1958
93461,the lord of the rings the fellowship of the ring,2001,4,the+lord+of+the+rings+the+fellowship+of+the+ring+2001
43156,girls against boys,2012,4,girls+against+boys+2012
112918,not my day,2014,4,not+my+day+2014
7727,alice in wonderland,1951,3,alice+in+wonderland+1951
127435,hard_ fast and beautiful,1951,4,hard_+fast+and+beautiful+1951
5796,le doulos,1963,4,le+doulos+1963
8433,dirigible,1931,3,dirigible+1931
88819,volunteers,1985,3,volunteers+1985
124192,hearts and minds,1995,3,hearts+and+minds+1995
54388,everly,2015,4,everly+2015
10638,final approach,1991,2,final+approach+1991
146470,shrek,2001,4,shrek+2001
95646,the lord of the rings the fellowship of the ring,2001,4,the+lord+of+the+rings+the+fellowship+of+the+ring+2001
15987,love jones,1997,4,love+jones+1997
12475,the middle of the world,2003,3,the+middle+of+the+world+2003
105149,the great muppet caper,1981,3,the+great+muppet+caper+1981
78522,i am love,2009,5,i+am+love+2009
30623,a better life,2011,3,a+better+life+2011
49479,inglourious basterds,2009,5,inglourious+basterds+2009
132538,a life less ordinary,1997,4,a+life+less+ordinary+1997
26877,dragon ball z broly - second coming,1994,4,dragon+ball+z+broly+-+second+coming+1994
108321,harry potter and the order of the phoenix,2007,4,harry+potter+and+the+order+of+the+phoenix+2007
117934,amadeus,1984,4,amadeus+1984
91853,harmagedon - ern maailman loppu,1986,4,harmagedon+-+ern+maailman+loppu+1986
126266,stuart a life backwards,2007,3,stuart+a+life+backwards+2007
56795,pandoras box,1929,4,pandoras+box+1929
104824,stitch the movie,2003,3,stitch+the+movie+2003
35786,howls moving castle,2004,5,howls+moving+castle+2004
128849,double happiness,1994,4,double+happiness+1994
68347,seven samurai,1954,3,seven+samurai+1954
94820,big hero 6,2014,4,big+hero+6+2014
59798,charlie countryman,2013,3,charlie+countryman+2013
102666,predator,1987,4,predator+1987
82609,my favorite wife,1940,4,my+favorite+wife+1940
46642,lovelace,2013,4,lovelace+2013
102612,to have or not,1995,4,to+have+or+not+1995
55022,the lord of the rings the two towers,2002,5,the+lord+of+the+rings+the+two+towers+2002
104745,silverado,1985,4,silverado+1985
35427,ride with the devil,1999,4,ride+with+the+devil+1999
11510,big hero 6,2014,5,big+hero+6+2014
49206,vertigo,1958,4,vertigo+1958
75540,the dark knight,2008,2,the+dark+knight+2008
34317,princess mononoke,1997,4,princess+mononoke+1997
75656,dr. horribles sing-along blog,2008,4,dr.+horribles+sing-along+blog+2008
130625,throne of blood,1957,4,throne+of+blood+1957
37477,the first grader,2010,3,the+first+grader+2010
102131,blossoms in the dust,1941,3,blossoms+in+the+dust+1941
603,frankenstein,1931,4,frankenstein+1931
122352,the baader meinhof complex,2008,3,the+baader+meinhof+complex+2008
6853,the dark knight,2008,5,the+dark+knight+2008
105318,empire falls,2005,3,empire+falls+2005
12536,iron man,2008,5,iron+man+2008
30507,the perks of being a wallflower,2012,4,the+perks+of+being+a+wallflower+2012
140422,missing william,2014,3,missing+william+2014
133520,duel,1972,4,duel+1972
96354,beyond the lights,2014,4,beyond+the+lights+2014
124426,a history of violence,2005,3,a+history+of+violence+2005
115773,dracula,1992,4,dracula+1992
75825,putzel,2012,3,putzel+2012
30920,wet hot american summer,2001,4,wet+hot+american+summer+2001
133208,charlie and the chocolate factory,2005,3,charlie+and+the+chocolate+factory+2005
98796,walle,2008,4,walle+2008
40727,oceans eleven,2001,3,oceans+eleven+2001
54905,the kidnapping of the president,1980,4,the+kidnapping+of+the+president+1980
98654,freeze frame,2004,4,freeze+frame+2004
147133,the country girl,1954,3,the+country+girl+1954
47412,hour of the wolf,1968,5,hour+of+the+wolf+1968
139954,eddie and the cruisers,1983,3,eddie+and+the+cruisers+1983
117665,one hundred and one dalmatians,1961,3,one+hundred+and+one+dalmatians+1961
11205,nazty nuisance,1943,4,nazty+nuisance+1943
63384,saratoga trunk,1945,3,saratoga+trunk+1945
63510,little shop of horrors,1986,4,little+shop+of+horrors+1986
93631,all the presidents men,1976,4,all+the+presidents+men+1976
137501,jug face,2013,4,jug+face+2013
10599,girls just want to have fun,1985,4,girls+just+want+to+have+fun+1985
117139,vhs,2012,3,vhs+2012
96063,star wars,1977,3,star+wars+1977
134111,the shawshank redemption,1994,4,the+shawshank+redemption+1994
65544,a prophet,2009,4,a+prophet+2009
104538,two men went to war,2002,4,two+men+went+to+war+2002
3044,moon man,2012,4,moon+man+2012
104958,p.u.n.k.s,1999,3,p.u.n.k.s+1999
127316,futurama the beast with a billion backs,2008,3,futurama+the+beast+with+a+billion+backs+2008
143402,the shawshank redemption,1994,5,the+shawshank+redemption+1994
65614,the wedding banquet,1993,4,the+wedding+banquet+1993
46230,the goonies,1985,4,the+goonies+1985
136157,holes,2003,3,holes+2003
35968,the secret garden,1949,3,the+secret+garden+1949
25041,provocateur,1995,3,provocateur+1995
123916,berlin alexanderplatz,1980,3,berlin+alexanderplatz+1980
134719,up,2009,5,up+2009
55058,letters to father jacob,2009,4,letters+to+father+jacob+2009
21474,a better tomorrow,1986,4,a+better+tomorrow+1986
137694,jnssonligans strsta kupp,1995,4,jnssonligans+strsta+kupp+1995
82922,the bandit,1996,4,the+bandit+1996
67583,beau pere,1981,3,beau+pere+1981
149379,high tension,2003,5,high+tension+2003
84697,constantine,2005,3,constantine+2005
20139,the last elvis,2012,4,the+last+elvis+2012
14821,my neighbor totoro,1988,3,my+neighbor+totoro+1988
31919,hercules,1997,4,hercules+1997
135586,and then there were none,1945,3,and+then+there+were+none+1945
14227,the life and times of hank greenberg,2000,5,the+life+and+times+of+hank+greenberg+2000
144402,how to train your dragon,2010,4,how+to+train+your+dragon+2010
148353,terminator salvation,2009,3,terminator+salvation+2009
18606,howls moving castle,2004,4,howls+moving+castle+2004
59390,eight men out,1988,4,eight+men+out+1988
2179,american adobo,2001,2,american+adobo+2001
75118,dirty work,1998,3,dirty+work+1998
62461,mickey_ donald_ goofy the three musketeers,2004,4,mickey_+donald_+goofy+the+three+musketeers+2004
19814,andy hardy meets debutante,1940,5,andy+hardy+meets+debutante+1940
26222,ghostbusters,1984,4,ghostbusters+1984
102830,shallow hal,2001,3,shallow+hal+2001
122903,the fighter,2010,4,the+fighter+2010
144611,evening,2007,3,evening+2007
50834,little dorrit,1987,4,little+dorrit+1987
70610,the hustler,1961,5,the+hustler+1961
17395,bolt,2008,3,bolt+2008
32288,the seven year itch,1955,4,the+seven+year+itch+1955
100907,pet sematary,1989,3,pet+sematary+1989
40797,castle in the sky,1986,4,castle+in+the+sky+1986
143100,with every heartbeat,2011,4,with+every+heartbeat+2011
142438,holiday in handcuffs,2007,2,holiday+in+handcuffs+2007
109484,sleeper,1973,4,sleeper+1973
138915,despicable me 2,2013,4,despicable+me+2+2013
108931,outrage,2009,4,outrage+2009
145358,a soldiers story,1984,3,a+soldiers+story+1984
83635,the goods live hard_ sell hard,2009,4,the+goods+live+hard_+sell+hard+2009
75552,mega piranha,2010,3,mega+piranha+2010
112064,the marriage of maria braun,1979,5,the+marriage+of+maria+braun+1979
36427,l change the world,2008,3,l+change+the+world+2008
9684,elf,2003,4,elf+2003
82688,wreck-it ralph,2012,5,wreck-it+ralph+2012
123537,muppets most wanted,2014,3,muppets+most+wanted+2014
116070,saving private ryan,1998,4,saving+private+ryan+1998
115293,the suicide shop,2012,3,the+suicide+shop+2012
44895,the hunchback of notre dame,1996,3,the+hunchback+of+notre+dame+1996
25442,those awful hats,1909,3,those+awful+hats+1909
19296,happy-go-lucky,2008,4,happy-go-lucky+2008
14241,dogtown and z-boys,2001,4,dogtown+and+z-boys+2001
68432,paradise for three,1938,2,paradise+for+three+1938
63808,things to do in denver when youre dead,1995,4,things+to+do+in+denver+when+youre+dead+1995
35559,girls just want to have fun,1985,3,girls+just+want+to+have+fun+1985
104848,who is harry nilsson and why is everybody talkin about him,2010,4,who+is+harry+nilsson+and+why+is+everybody+talkin+about+him+2010
28543,the burbs,1989,4,the+burbs+1989
46885,the man who knew too much,1956,5,the+man+who+knew+too+much+1956
24212,sixteen candles,1984,4,sixteen+candles+1984
44166,malena,2000,4,malena+2000
109695,stonehearst asylum,2014,4,stonehearst+asylum+2014
104465,the dark knight rises,2012,5,the+dark+knight+rises+2012
36469,constantine,2005,3,constantine+2005
48196,spider-man,2002,4,spider-man+2002
130950,the odd couple,1979,4,the+odd+couple+1979
55033,the vengeance of fu manchu,1967,3,the+vengeance+of+fu+manchu+1967
27186,miracle on 34th street,1947,5,miracle+on+34th+street+1947
134485,end of the game,1975,3,end+of+the+game+1975
71814,bonnie and clyde,1967,4,bonnie+and+clyde+1967
54289,the kings of summer,2013,4,the+kings+of+summer+2013
71310,the lion king,1994,4,the+lion+king+1994
108857,roman holiday,1953,5,roman+holiday+1953
31371,ice age continental drift,2012,3,ice+age+continental+drift+2012
14018,fat_ sick  nearly dead,2010,3,fat_+sick++nearly+dead+2010
70202,vice,2015,3,vice+2015
72617,harry potter and the deathly hallows part 2,2011,4,harry+potter+and+the+deathly+hallows+part+2+2011
139741,crossing delancey,1988,4,crossing+delancey+1988
20315,the power of nightmares,2004,4,the+power+of+nightmares+2004
19834,scott pilgrim vs. the world,2010,5,scott+pilgrim+vs.+the+world+2010
60296,the boy in the striped pyjamas,2008,5,the+boy+in+the+striped+pyjamas+2008
65496,dumbo,1941,4,dumbo+1941
56949,the killer inside me,2010,3,the+killer+inside+me+2010
87295,growing pains,1984,3,growing+pains+1984
69097,aliens,1986,3,aliens+1986
124387,seduced and abandoned,1964,4,seduced+and+abandoned+1964
119463,halo legends,2010,2,halo+legends+2010
10124,toy story,1995,4,toy+story+1995
40252,harry potter and the prisoner of azkaban,2004,4,harry+potter+and+the+prisoner+of+azkaban+2004
65925,bolt,2008,3,bolt+2008
100085,the judge,2014,3,the+judge+2014
34066,the notorious landlady,1962,4,the+notorious+landlady+1962
115831,the wages of fear,1953,3,the+wages+of+fear+1953
62252,chicagogirl,2013,4,chicagogirl+2013
41764,kumar,2012,3,kumar+2012
72183,izo,2004,3,izo+2004
121792,after the thin man,1936,4,after+the+thin+man+1936
80250,mistress america,2015,3,mistress+america+2015
14576,knuckleball,2012,5,knuckleball+2012
69799,lianna,1983,4,lianna+1983
56901,loft,2008,4,loft+2008
17539,four flies on grey velvet,1971,3,four+flies+on+grey+velvet+1971
129935,dangerous beauty,1998,4,dangerous+beauty+1998
146696,taare zameen par,2007,4,taare+zameen+par+2007
143785,one flew over the cuckoos nest,1975,4,one+flew+over+the+cuckoos+nest+1975
51058,ben-hur a tale of the christ,1925,4,ben-hur+a+tale+of+the+christ+1925
50474,raiders of the lost ark,1981,4,raiders+of+the+lost+ark+1981
44632,dave chappelle for what its worth,2004,4,dave+chappelle+for+what+its+worth+2004
84947,taking chance,2009,4,taking+chance+2009
75160,the giver,2014,4,the+giver+2014
72752,brave,2012,4,brave+2012
1020,half of a yellow sun,2014,3,half+of+a+yellow+sun+2014
24767,what,1972,4,what+1972
99799,the princess and the frog,2009,3,the+princess+and+the+frog+2009
135258,trailer park boys dont legalize it,2014,3,trailer+park+boys+dont+legalize+it+2014
50345,the girl who played with fire,2009,5,the+girl+who+played+with+fire+2009
60965,hiding out,1987,3,hiding+out+1987
90065,inception,2010,4,inception+2010
26326,the professional,1981,4,the+professional+1981
397,in search of a midnight kiss,2007,5,in+search+of+a+midnight+kiss+2007
52144,ministry of fear,1944,4,ministry+of+fear+1944
70758,alice in wonderland,2010,5,alice+in+wonderland+2010
3113,running with scissors,2006,3,running+with+scissors+2006
93018,addams family values,1993,3,addams+family+values+1993
77683,mediterraneo,1991,3,mediterraneo+1991
146285,the equalizer,2014,3,the+equalizer+2014
15369,dances with wolves,1990,3,dances+with+wolves+1990
60890,the kingdom,2007,4,the+kingdom+2007
1358,la balance,1982,3,la+balance+1982
69960,you dont mess with the zohan,2008,3,you+dont+mess+with+the+zohan+2008
102423,bis zum ellenbogen,2007,3,bis+zum+ellenbogen+2007
139070,the flying deuces,1939,5,the+flying+deuces+1939
8359,page one inside the new york times,2011,5,page+one+inside+the+new+york+times+2011
139021,the italian job,1969,4,the+italian+job+1969
80571,smile,1975,3,smile+1975
106597,the man who planted trees,1987,4,the+man+who+planted+trees+1987
83895,the adventures of robin hood,1938,4,the+adventures+of+robin+hood+1938
75160,beetlejuice,1988,3,beetlejuice+1988
2605,monty python and the holy grail,1975,5,monty+python+and+the+holy+grail+1975
15106,parade,1974,3,parade+1974
112889,galaxy express 999,1979,4,galaxy+express+999+1979
64559,enemy,2013,3,enemy+2013
44075,aliens vs predator requiem,2007,3,aliens+vs+predator+requiem+2007
29072,how to train your dragon 2,2014,4,how+to+train+your+dragon+2+2014
92020,kingsman the secret service,2015,1,kingsman+the+secret+service+2015
7938,maleficent,2014,3,maleficent+2014
28798,the hobbit,1977,4,the+hobbit+1977
94700,crows zero,2007,5,crows+zero+2007
67956,satantango,1994,3,satantango+1994
88881,star wars,1977,4,star+wars+1977
1119,the purge anarchy,2014,3,the+purge+anarchy+2014
129359,last night,1998,4,last+night+1998
67152,doubting thomas,1935,3,doubting+thomas+1935
39564,the lost squadron,1932,3,the+lost+squadron+1932
66656,mad dog and glory,1993,4,mad+dog+and+glory+1993
103139,ice age,2002,3,ice+age+2002
128622,informant,2013,4,informant+2013
72340,take me home,2011,4,take+me+home+2011
124949,paprika,2006,4,paprika+2006
2115,love streams,1984,4,love+streams+1984
141573,the chronicles of narnia the voyage of the dawn treader,2010,5,the+chronicles+of+narnia+the+voyage+of+the+dawn+treader+2010
37514,sanjuro,1962,4,sanjuro+1962
129028,monsters_ inc.,2001,5,monsters_+inc.+2001
45540,the human condition ii road to eternity,1959,4,the+human+condition+ii+road+to+eternity+1959
77789,the united states of leland,2003,4,the+united+states+of+leland+2003
121315,pulp fiction,1994,4,pulp+fiction+1994
121523,getting go the go doc project,2013,4,getting+go+the+go+doc+project+2013
86892,the shawshank redemption,1994,4,the+shawshank+redemption+1994
93249,mr.  mrs. smith,2005,4,mr.++mrs.+smith+2005
44402,big hero 6,2014,5,big+hero+6+2014
65082,runner runner,2013,3,runner+runner+2013
106915,the assassination of richard nixon,2004,3,the+assassination+of+richard+nixon+2004
50042,michael laudrup a football player,1993,4,michael+laudrup+a+football+player+1993
4238,reminiscences of a journey to lithuania,1972,4,reminiscences+of+a+journey+to+lithuania+1972
55726,bandits,1997,3,bandits+1997
52227,2001 a space odyssey,1968,5,2001+a+space+odyssey+1968
136488,ouija,2014,2,ouija+2014
13155,louis theroux law and disorder in johannesburg,2008,4,louis+theroux+law+and+disorder+in+johannesburg+2008
44308,cra cuervos,1975,4,cra+cuervos+1975
24431,the squid and the whale,2005,3,the+squid+and+the+whale+2005
108133,the lord of the rings the two towers,2002,4,the+lord+of+the+rings+the+two+towers+2002
123670,the manhattan project,1986,3,the+manhattan+project+1986
104130,up,2009,5,up+2009
68396,mulan,1998,3,mulan+1998
79456,obsessed,2009,4,obsessed+2009
56126,toy story,1995,3,toy+story+1995
14302,the mother,2003,4,the+mother+2003
147458,master and commander the far side of the world,2003,3,master+and+commander+the+far+side+of+the+world+2003
139977,secretariat,2010,3,secretariat+2010
49235,sling blade,1996,3,sling+blade+1996
55112,iron man,2008,4,iron+man+2008
58053,my neighbor totoro,1988,4,my+neighbor+totoro+1988
110253,the fifth element,1997,4,the+fifth+element+1997
47181,se7en,1995,4,se7en+1995
141125,nausica of the valley of the wind,1984,5,nausica+of+the+valley+of+the+wind+1984
148871,the green mile,1999,3,the+green+mile+1999
67638,white house down,2013,4,white+house+down+2013
100301,house of frankenstein,1944,4,house+of+frankenstein+1944
35649,leon the professional,1994,4,leon+the+professional+1994
2148,horror of dracula,1958,2,horror+of+dracula+1958
39813,dragon ball z broly - second coming,1994,2,dragon+ball+z+broly+-+second+coming+1994
74040,happy gilmore,1996,4,happy+gilmore+1996
80308,saving private ryan,1998,3,saving+private+ryan+1998
133122,dealer,2004,4,dealer+2004
37230,angels crest,2011,4,angels+crest+2011
100068,gilles wife,2004,3,gilles+wife+2004
76349,saving private ryan,1998,5,saving+private+ryan+1998
2825,the young victoria,2009,4,the+young+victoria+2009
36257,a midsummer nights sex comedy,1982,3,a+midsummer+nights+sex+comedy+1982
46063,akira,1988,4,akira+1988
122726,salon kitty,1976,3,salon+kitty+1976
59270,foon,2005,4,foon+2005
65151,troy,2004,3,troy+2004
62820,mauvais sang,1986,4,mauvais+sang+1986
148148,thor the dark world,2013,3,thor+the+dark+world+2013
83783,the great ecstasy of woodcarver steiner,1974,4,the+great+ecstasy+of+woodcarver+steiner+1974
110011,ride lonesome,1959,3,ride+lonesome+1959
4785,rude,1995,3,rude+1995
36078,elephant boy,1937,4,elephant+boy+1937
23384,as tears go by,1988,3,as+tears+go+by+1988
111710,seven brides for seven brothers,1954,4,seven+brides+for+seven+brothers+1954
133548,the inquisitor,1981,5,the+inquisitor+1981
31562,trembling before g-d,2001,3,trembling+before+g-d+2001
86570,grey gardens,2009,4,grey+gardens+2009
112668,summer storm,2004,3,summer+storm+2004
119219,a guide to recognizing your saints,2006,4,a+guide+to+recognizing+your+saints+2006
40354,despicable me,2010,4,despicable+me+2010
7408,how to train your dragon 2,2014,3,how+to+train+your+dragon+2+2014
76965,the shawshank redemption,1994,4,the+shawshank+redemption+1994
113134,the dark knight,2008,5,the+dark+knight+2008
9566,pleasantville,1998,4,pleasantville+1998
7850,vlad,2003,4,vlad+2003
139486,castle in the sky,1986,5,castle+in+the+sky+1986
68588,funky forest the first contact,2005,3,funky+forest+the+first+contact+2005
41829,day of wrath,1943,4,day+of+wrath+1943
111981,friday the 13th part vii the new blood,1988,1,friday+the+13th+part+vii+the+new+blood+1988
60391,fist of fury,1972,3,fist+of+fury+1972
123330,the carpetbaggers,1964,3,the+carpetbaggers+1964
25674,gates of heaven,1978,5,gates+of+heaven+1978
3988,sube y baja,1959,4,sube+y+baja+1959
6139,the winning season,2009,5,the+winning+season+2009
36893,araya,1959,5,araya+1959
129493,they were expendable,1945,4,they+were+expendable+1945
104798,the bedford incident,1965,5,the+bedford+incident+1965
140840,whisper of the heart,1995,4,whisper+of+the+heart+1995
22403,monsters_ inc.,2001,3,monsters_+inc.+2001
123646,daddy long legs,1955,2,daddy+long+legs+1955
10731,pirates of the caribbean the curse of the black pearl,2003,4,pirates+of+the+caribbean+the+curse+of+the+black+pearl+2003
33148,batman begins,2005,4,batman+begins+2005
27737,are all men pedophiles,2012,3,are+all+men+pedophiles+2012
17835,pi,1998,4,pi+1998
111638,raiders of the lost ark,1981,5,raiders+of+the+lost+ark+1981
962,cinderella ii dreams come true,2002,2,cinderella+ii+dreams+come+true+2002
109858,how to train your dragon 2,2014,5,how+to+train+your+dragon+2+2014
90056,pipe dream,2002,3,pipe+dream+2002
22093,shadow of a doubt,1943,4,shadow+of+a+doubt+1943
23528,one flew over the cuckoos nest,1975,3,one+flew+over+the+cuckoos+nest+1975
138582,alien,1979,5,alien+1979
36794,the shawshank redemption,1994,4,the+shawshank+redemption+1994
134227,the cove,2009,3,the+cove+2009
89339,the river wild,1994,4,the+river+wild+1994
59061,castle in the sky,1986,5,castle+in+the+sky+1986
81999,accidents happen,2009,3,accidents+happen+2009
133192,murder on the orient express,1974,4,murder+on+the+orient+express+1974
142647,galaxy quest,1999,3,galaxy+quest+1999
117459,how to train your dragon,2010,4,how+to+train+your+dragon+2010
24582,anna karenina,1935,3,anna+karenina+1935
140128,apartment 1303 3d,2012,3,apartment+1303+3d+2012
95504,inception,2010,4,inception+2010
76404,one flew over the cuckoos nest,1975,4,one+flew+over+the+cuckoos+nest+1975
17900,what to expect when youre expecting,2012,3,what+to+expect+when+youre+expecting+2012
141414,mama,2013,4,mama+2013
113886,the battle of algiers,1966,3,the+battle+of+algiers+1966
117538,the truce,1997,3,the+truce+1997
97437,the christine jorgensen story,1970,4,the+christine+jorgensen+story+1970
74863,willow,1988,3,willow+1988
60170,now or never,1921,4,now+or+never+1921
16279,pirates of the caribbean dead mans chest,2006,5,pirates+of+the+caribbean+dead+mans+chest+2006
3765,harry potter and the goblet of fire,2005,3,harry+potter+and+the+goblet+of+fire+2005
66409,ronin,1998,3,ronin+1998
83646,living free,1972,3,living+free+1972
14980,elfie hopkins,2012,4,elfie+hopkins+2012
57310,lady and the tramp,1955,4,lady+and+the+tramp+1955
121177,yobi_ the five-tailed fox,2007,4,yobi_+the+five-tailed+fox+2007
149758,alien,1979,3,alien+1979
105493,korso,2014,4,korso+2014
4138,it  happens every spring,1949,4,it++happens+every+spring+1949
4100,wife vs. secretary,1936,3,wife+vs.+secretary+1936
125050,tbs,2008,5,tbs+2008
47449,megamind,2010,3,megamind+2010
30854,tin men,1987,3,tin+men+1987
142930,sixteen candles,1984,5,sixteen+candles+1984
28114,the little girl who lives down the lane,1976,3,the+little+girl+who+lives+down+the+lane+1976
84799,finding nemo,2003,3,finding+nemo+2003
45407,zeus  roxanne,1997,3,zeus++roxanne+1997
24886,clash of the titans,1981,3,clash+of+the+titans+1981
79131,waking life,2001,4,waking+life+2001
106228,pulp fiction,1994,4,pulp+fiction+1994
117943,i got next,2011,4,i+got+next+2011
62149,jonestown paradise lost,2007,3,jonestown+paradise+lost+2007
83573,the decline of the american empire,1986,5,the+decline+of+the+american+empire+1986
73633,the gods must be crazy,1980,3,the+gods+must+be+crazy+1980
10702,the music box,1932,4,the+music+box+1932
126270,blackbird,1959,3,blackbird+1959
142749,the day the earth stood still,1951,4,the+day+the+earth+stood+still+1951
74281,the chamber,1996,3,the+chamber+1996
8184,idiots delight,1939,3,idiots+delight+1939
9119,the sisterhood of the traveling pants,2005,4,the+sisterhood+of+the+traveling+pants+2005
71227,dead man walking,1995,5,dead+man+walking+1995
19747,professor beware,1938,3,professor+beware+1938
39342,the prizefighter and the lady,1933,3,the+prizefighter+and+the+lady+1933
71126,the casino murder case,1935,3,the+casino+murder+case+1935
87344,a couch in new york,1996,2,a+couch+in+new+york+1996
15921,kenny,2006,3,kenny+2006
55951,tinker bell and the lost treasure,2009,4,tinker+bell+and+the+lost+treasure+2009
143986,all the kings men,1949,4,all+the+kings+men+1949
109750,the driver,1978,4,the+driver+1978
13242,europa europa,1990,5,europa+europa+1990
45070,brooklyn castle,2012,4,brooklyn+castle+2012
17016,paradise now,2005,4,paradise+now+2005
25051,one day in september,1999,5,one+day+in+september+1999
76856,the house i live in,2012,4,the+house+i+live+in+2012
36861,my neighbor totoro,1988,4,my+neighbor+totoro+1988
26242,master and commander the far side of the world,2003,3,master+and+commander+the+far+side+of+the+world+2003
128844,belly of the beast,2003,2,belly+of+the+beast+2003
146597,the footprints of a spirit,1998,5,the+footprints+of+a+spirit+1998
139971,the girl from the marsh croft,1917,4,the+girl+from+the+marsh+croft+1917
35144,the three musketeers,1993,2,the+three+musketeers+1993
99004,thesis,1996,4,thesis+1996
16083,the green mile,1999,4,the+green+mile+1999
72416,it happened here,1966,3,it+happened+here+1966
34881,star wars episode iii - revenge of the sith,2005,4,star+wars+episode+iii+-+revenge+of+the+sith+2005
5633,the shawshank redemption,1994,5,the+shawshank+redemption+1994
79350,wild china,2008,4,wild+china+2008
16053,saving private ryan,1998,2,saving+private+ryan+1998
8042,girl with hyacinths,1950,4,girl+with+hyacinths+1950
116875,fight club,1999,4,fight+club+1999
22404,spirited away,2001,5,spirited+away+2001
108498,harry potter and the prisoner of azkaban,2004,5,harry+potter+and+the+prisoner+of+azkaban+2004
65073,gaby a true story,1987,4,gaby+a+true+story+1987
99522,cinderella,1950,4,cinderella+1950
99338,bush mama,1979,3,bush+mama+1979
72156,13 assassins,2010,4,13+assassins+2010
51531,shrek 2,2004,3,shrek+2+2004
44826,solar crisis,1990,3,solar+crisis+1990
60595,the equalizer,2014,5,the+equalizer+2014
130407,forever hardcore the documentary,2005,4,forever+hardcore+the+documentary+2005
70500,the great debaters,2007,3,the+great+debaters+2007
77266,dragon ball curse of the blood rubies,1986,3,dragon+ball+curse+of+the+blood+rubies+1986
115042,fun with dick and jane,1977,3,fun+with+dick+and+jane+1977
83634,brave,2012,4,brave+2012
64308,k-911,1999,4,k-911+1999
126476,fight club,1999,4,fight+club+1999
60358,die hard,1988,5,die+hard+1988
76237,wedding bell blues,1996,3,wedding+bell+blues+1996
5113,mrs. miniver,1942,5,mrs.+miniver+1942
5230,louis c.k. live at the comedy store,2015,4,louis+c.k.+live+at+the+comedy+store+2015
18219,oceans eleven,2001,5,oceans+eleven+2001
7851,holy motors,2012,3,holy+motors+2012
56006,the scarlet and the black,1983,3,the+scarlet+and+the+black+1983
38171,howls moving castle,2004,4,howls+moving+castle+2004
97539,battle for haditha,2007,5,battle+for+haditha+2007
20977,the babysitters,2007,2,the+babysitters+2007
140078,terminator 2 judgment day,1991,4,terminator+2+judgment+day+1991
94775,in the heat of the night,1967,3,in+the+heat+of+the+night+1967
130165,crime and punishment,2002,4,crime+and+punishment+2002
47354,invictus,2009,5,invictus+2009
127142,long days journey into night,1962,3,long+days+journey+into+night+1962
108655,fight club,1999,4,fight+club+1999
45425,blade runner,1982,4,blade+runner+1982
85395,spend it all,1971,3,spend+it+all+1971
56290,les misrables,1998,3,les+misrables+1998
1807,is it easy to be young,1986,5,is+it+easy+to+be+young+1986
67907,fat_ sick  nearly dead,2010,4,fat_+sick++nearly+dead+2010
101118,ghostbusters,1984,3,ghostbusters+1984
17601,hells angels on wheels,1967,3,hells+angels+on+wheels+1967
43610,salmon fishing in the yemen,2011,3,salmon+fishing+in+the+yemen+2011
88038,how green was my valley,1941,5,how+green+was+my+valley+1941
62166,the fifth element,1997,4,the+fifth+element+1997
12041,sweet movie,1974,4,sweet+movie+1974
123051,high society,1956,4,high+society+1956
65436,golden boy,1939,4,golden+boy+1939
122609,hum tumhare hain sanam,2002,3,hum+tumhare+hain+sanam+2002
112843,saving face,2012,2,saving+face+2012
106487,whiplash,2014,4,whiplash+2014
81289,woodstock,1970,4,woodstock+1970
90851,12th  delaware,2010,4,12th++delaware+2010
75986,how she move,2008,3,how+she+move+2008
9590,gallipoli,1981,3,gallipoli+1981
121260,ong-bak the thai warrior,2003,3,ong-bak+the+thai+warrior+2003
46006,they were expendable,1945,4,they+were+expendable+1945
137885,circle of iron,1978,3,circle+of+iron+1978
67930,the master plan,2015,3,the+master+plan+2015
126421,deficit,2007,4,deficit+2007
49143,ice age,2002,5,ice+age+2002
136976,indiana jones and the temple of doom,1984,4,indiana+jones+and+the+temple+of+doom+1984
54857,the ear,1970,4,the+ear+1970
30386,saint seiya legend of sanctuary,2014,2,saint+seiya+legend+of+sanctuary+2014
13941,the long way home,1997,4,the+long+way+home+1997
149160,narrow margin,1990,4,narrow+margin+1990
69820,2001 a space odyssey,1968,4,2001+a+space+odyssey+1968
24109,forrest gump,1994,4,forrest+gump+1994
83562,the names of love,2010,3,the+names+of+love+2010
87228,the great dictator,1940,3,the+great+dictator+1940
14097,vanya on 42nd street,1994,5,vanya+on+42nd+street+1994
58868,one flew over the cuckoos nest,1975,5,one+flew+over+the+cuckoos+nest+1975
1659,is it fall yet,2000,3,is+it+fall+yet+2000
40522,no direction home bob dylan,2005,4,no+direction+home+bob+dylan+2005
139875,a bugs life,1998,3,a+bugs+life+1998
91102,art school confidential,2006,3,art+school+confidential+2006
19515,night watch,2004,3,night+watch+2004
71745,the manchurian candidate,2004,4,the+manchurian+candidate+2004
65160,pulp fiction,1994,3,pulp+fiction+1994
98283,12 years a slave,2013,4,12+years+a+slave+2013
76081,the shawshank redemption,1994,5,the+shawshank+redemption+1994
8444,idiocracy,2006,4,idiocracy+2006
148325,harry potter and the deathly hallows part 2,2011,5,harry+potter+and+the+deathly+hallows+part+2+2011
27604,stray dog,1949,5,stray+dog+1949
454,peter pan,1953,2,peter+pan+1953
116641,seven samurai,1954,4,seven+samurai+1954
62776,the lorax,2012,3,the+lorax+2012
30680,workers leaving the lumire factory,1895,4,workers+leaving+the+lumire+factory+1895
112855,the big kahuna,2000,3,the+big+kahuna+2000
117516,a close shave,1995,5,a+close+shave+1995
8449,the game,1997,2,the+game+1997
28533,walle,2008,4,walle+2008
44969,the terminator,1984,3,the+terminator+1984
80051,all over me,1997,4,all+over+me+1997
40727,spider-man 3,2007,3,spider-man+3+2007
89746,shrek,2001,4,shrek+2001
104769,the shawshank redemption,1994,5,the+shawshank+redemption+1994
21475,10 things i hate about you,1999,4,10+things+i+hate+about+you+1999
110267,whos harry crumb,1989,4,whos+harry+crumb+1989
135774,viaggi di nozze,1995,4,viaggi+di+nozze+1995
103855,last stop 174,2008,4,last+stop+174+2008
45394,people will talk,1951,4,people+will+talk+1951
50562,the avengers,2012,3,the+avengers+2012
147990,bambi,1942,3,bambi+1942
16970,the cool world,1963,3,the+cool+world+1963
139648,a man of no importance,1994,4,a+man+of+no+importance+1994
85280,howls moving castle,2004,4,howls+moving+castle+2004
104504,geronimo an american legend,1993,4,geronimo+an+american+legend+1993
140692,tabloid,2010,4,tabloid+2010
132320,tension,1949,4,tension+1949
49821,la haine,1995,4,la+haine+1995
138516,kids in america,2005,4,kids+in+america+2005
8413,sex_ lies_ and videotape,1989,4,sex_+lies_+and+videotape+1989
148651,titanic town,1998,4,titanic+town+1998
48951,jessabelle,2014,4,jessabelle+2014
6377,the hunger games mockingjay - part 1,2014,4,the+hunger+games+mockingjay+-+part+1+2014
130784,alice in wonderland,1951,4,alice+in+wonderland+1951
123121,harakiri,1919,4,harakiri+1919
693,the help,2011,4,the+help+2011
84418,the tourist,2010,2,the+tourist+2010
92573,the truth about emanuel,2013,4,the+truth+about+emanuel+2013
74110,harry potter and the deathly hallows part 1,2010,5,harry+potter+and+the+deathly+hallows+part+1+2010
127183,grand canyon,1991,3,grand+canyon+1991
98258,filth,2013,4,filth+2013
48509,barking dogs never bite,2000,4,barking+dogs+never+bite+2000
20483,crazy stone,2006,4,crazy+stone+2006
37244,polyester,1981,4,polyester+1981
39036,penguins of madagascar,2014,2,penguins+of+madagascar+2014
41793,figures in a landscape,1970,4,figures+in+a+landscape+1970
91926,days of being wild,1990,4,days+of+being+wild+1990
122326,snake in the eagles shadow,1978,4,snake+in+the+eagles+shadow+1978
75066,mickey_ donald_ goofy the three musketeers,2004,4,mickey_+donald_+goofy+the+three+musketeers+2004
65821,following,1998,4,following+1998
73712,the straight story,1999,5,the+straight+story+1999
42510,a circle of deception,1960,3,a+circle+of+deception+1960
119581,die hard,1988,4,die+hard+1988
24616,a big hand for the little lady,1966,4,a+big+hand+for+the+little+lady+1966
102959,the lovers,1958,2,the+lovers+1958
140695,bruce almighty,2003,4,bruce+almighty+2003
107528,kundun,1997,3,kundun+1997
129135,me and the colonel,1958,4,me+and+the+colonel+1958
122944,mortuary,2005,4,mortuary+2005
89510,galaxy quest,1999,3,galaxy+quest+1999
15099,the devil wears prada,2006,3,the+devil+wears+prada+2006
93365,jiro dreams of sushi,2011,4,jiro+dreams+of+sushi+2011
70599,how to train your dragon,2010,3,how+to+train+your+dragon+2010
73312,how to marry a millionaire,1953,3,how+to+marry+a+millionaire+1953
105013,big hero 6,2014,4,big+hero+6+2014
98049,the hangover part ii,2011,3,the+hangover+part+ii+2011
49792,delicacy,2011,3,delicacy+2011
45614,outrage beyond,2012,4,outrage+beyond+2012
72209,the italian straw hat,1928,4,the+italian+straw+hat+1928
29460,pinocchio,1940,3,pinocchio+1940
10882,under african skies,2012,4,under+african+skies+2012
14985,amadeus,1984,4,amadeus+1984
27679,werckmeister harmonies,2000,4,werckmeister+harmonies+2000
138137,the pianist,2002,4,the+pianist+2002
35011,i_ robot,2004,3,i_+robot+2004
122806,ashes of time,1994,5,ashes+of+time+1994
20943,a perfect day,2008,3,a+perfect+day+2008
78639,ice age the meltdown,2006,4,ice+age+the+meltdown+2006
28721,rio grande,1950,4,rio+grande+1950
43987,the secret world of arrietty,2010,3,the+secret+world+of+arrietty+2010
113766,the godfather,1972,4,the+godfather+1972
23972,judgment at nuremberg,1961,4,judgment+at+nuremberg+1961
1390,coonskin,1975,4,coonskin+1975
96485,category 7 the end of the world,2005,3,category+7+the+end+of+the+world+2005
145092,airplane,1980,4,airplane+1980
88644,kill bill vol. 1,2003,4,kill+bill+vol.+1+2003
142681,disraeli,1929,4,disraeli+1929
102111,princess mononoke,1997,4,princess+mononoke+1997
75003,not cool,2014,3,not+cool+2014
113703,the lord of the rings the return of the king,2003,4,the+lord+of+the+rings+the+return+of+the+king+2003
137796,pirates of the caribbean the curse of the black pearl,2003,4,pirates+of+the+caribbean+the+curse+of+the+black+pearl+2003
143384,facing windows,2003,4,facing+windows+2003
120565,how to succeed in business without really trying,1967,3,how+to+succeed+in+business+without+really+trying+1967
105252,i_ robot,2004,3,i_+robot+2004
51869,charlie and the chocolate factory,2005,4,charlie+and+the+chocolate+factory+2005
14729,the 50 worst movies ever made,2004,3,the+50+worst+movies+ever+made+2004
43858,monsoon wedding,2001,4,monsoon+wedding+2001
12451,slaughterhouse-five,1972,3,slaughterhouse-five+1972
65825,star wars episode i - the phantom menace,1999,4,star+wars+episode+i+-+the+phantom+menace+1999
129885,the road to guantanamo,2006,5,the+road+to+guantanamo+2006
60311,the story of louis pasteur,1936,4,the+story+of+louis+pasteur+1936
68603,the man who knew too much,1956,4,the+man+who+knew+too+much+1956
82123,wife,1953,3,wife+1953
51924,sherrybaby,2006,4,sherrybaby+2006
14335,the man who knew too much,1956,4,the+man+who+knew+too+much+1956
779,indiana jones and the last crusade,1989,5,indiana+jones+and+the+last+crusade+1989
137861,coraline,2009,5,coraline+2009
111280,the dark knight rises,2012,4,the+dark+knight+rises+2012
24425,fight club,1999,5,fight+club+1999
139791,lady and the tramp,1955,3,lady+and+the+tramp+1955
65400,romper stomper,1992,4,romper+stomper+1992
96029,pretty maids all in a row,1971,4,pretty+maids+all+in+a+row+1971
138025,broken vessels,1998,3,broken+vessels+1998
71659,original gangstas,1996,3,original+gangstas+1996
73414,leila,1997,4,leila+1997
23821,before the devil knows youre dead,2007,4,before+the+devil+knows+youre+dead+2007
133756,hulk vs. wolverine,2009,3,hulk+vs.+wolverine+2009
124182,inception,2010,5,inception+2010
45824,white fang,1973,2,white+fang+1973
68179,the terminator,1984,5,the+terminator+1984
148955,manderlay,2005,4,manderlay+2005
50976,never say never again,1983,4,never+say+never+again+1983
83934,creatures from the abyss,1994,3,creatures+from+the+abyss+1994
54953,reservoir dogs,1992,4,reservoir+dogs+1992
13423,chromophobia,2005,4,chromophobia+2005
10025,frozen,2013,4,frozen+2013
25659,guardians of the galaxy,2014,5,guardians+of+the+galaxy+2014
35951,ice age,2002,3,ice+age+2002
101318,home alone,1990,4,home+alone+1990
35225,goodfellas,1990,4,goodfellas+1990
133848,the hobbit the battle of the five armies,2014,4,the+hobbit+the+battle+of+the+five+armies+2014
127665,percy jackson  the olympians the lightning thief,2010,4,percy+jackson++the+olympians+the+lightning+thief+2010
129458,how the west was won,1962,4,how+the+west+was+won+1962
145355,we are the best,2013,5,we+are+the+best+2013
95958,big hero 6,2014,4,big+hero+6+2014
88994,samsara,2001,4,samsara+2001
146339,tennessee,2008,3,tennessee+2008
129122,star wars,1977,3,star+wars+1977
149167,the dark knight,2008,4,the+dark+knight+2008
10729,st. george shoots the dragon,2009,3,st.+george+shoots+the+dragon+2009
129247,thin ice,2011,3,thin+ice+2011
114605,wrestling for jesus the tale of t-money,2011,4,wrestling+for+jesus+the+tale+of+t-money+2011
44785,mcq,1974,4,mcq+1974
115568,a lady of chance,1928,4,a+lady+of+chance+1928
75583,chapiteau-show,2011,2,chapiteau-show+2011
144180,the asphalt jungle,1950,4,the+asphalt+jungle+1950
2531,brain drain,2009,4,brain+drain+2009
38441,inception,2010,5,inception+2010
99820,licence to kill,1989,3,licence+to+kill+1989
549,star wars,1977,5,star+wars+1977
32927,love in the afternoon,1957,3,love+in+the+afternoon+1957
52446,spider-man,2002,4,spider-man+2002
63745,slap her... shes french,2002,3,slap+her...+shes+french+2002
104877,the fearless freaks,2005,3,the+fearless+freaks+2005
50289,when youre strange,2009,5,when+youre+strange+2009
109982,despicable me 2,2013,3,despicable+me+2+2013
81702,you will meet a tall dark stranger,2010,4,you+will+meet+a+tall+dark+stranger+2010
88567,princess mononoke,1997,4,princess+mononoke+1997
51178,bill bailey qualmpeddler,2013,2,bill+bailey+qualmpeddler+2013
36075,the prodigal son,1992,4,the+prodigal+son+1992
12566,the proud and the beautiful,1953,2,the+proud+and+the+beautiful+1953
93333,the godfather,1972,4,the+godfather+1972
51465,sunrise a song of two humans,1927,3,sunrise+a+song+of+two+humans+1927
90840,whiplash,2014,4,whiplash+2014
91083,beetlejuice,1988,4,beetlejuice+1988
122295,raiders of the lost ark,1981,5,raiders+of+the+lost+ark+1981
74329,harry brown,2009,4,harry+brown+2009
90884,bruce almighty,2003,4,bruce+almighty+2003
81672,terrors advocate,2007,3,terrors+advocate+2007
138411,coraline,2009,4,coraline+2009
22854,timer,2009,4,timer+2009
91610,three outlaw samurai,1964,4,three+outlaw+samurai+1964
37544,sleeping beauty,1959,3,sleeping+beauty+1959
61378,vehicle 19,2013,3,vehicle+19+2013
135534,anchors aweigh,1945,3,anchors+aweigh+1945
13794,interceptor,1992,3,interceptor+1992
77418,the trip to italy,2014,4,the+trip+to+italy+2014
13282,klute,1971,3,klute+1971
131254,haunted,1995,4,haunted+1995
13991,3 godfathers,1948,3,3+godfathers+1948
131280,hey bartender,2013,4,hey+bartender+2013
63097,the hobbit an unexpected journey,2012,5,the+hobbit+an+unexpected+journey+2012
144512,they drive by night,1940,3,they+drive+by+night+1940
12899,riddick,2013,3,riddick+2013
37355,brief encounter,1945,5,brief+encounter+1945
81623,marion bridge,2003,3,marion+bridge+2003
100640,e.t. the extra-terrestrial,1982,4,e.t.+the+extra-terrestrial+1982
53769,penguins of madagascar,2014,5,penguins+of+madagascar+2014
34838,galaxy quest,1999,4,galaxy+quest+1999
146401,x-men days of future past,2014,3,x-men+days+of+future+past+2014
132615,open your eyes,1997,5,open+your+eyes+1997
125129,the world according to monsanto,2008,2,the+world+according+to+monsanto+2008
74671,strange voyage,1964,5,strange+voyage+1964
127361,hellbound hellraiser ii,1988,3,hellbound+hellraiser+ii+1988
10801,vive lamour,1994,4,vive+lamour+1994
141059,kick-ass 2,2013,3,kick-ass+2+2013
68931,the swan princess escape from castle mountain,1997,4,the+swan+princess+escape+from+castle+mountain+1997
65015,the story of us,1999,3,the+story+of+us+1999
9570,mongol the rise of genghis khan,2007,4,mongol+the+rise+of+genghis+khan+2007
133400,ushpizin,2004,4,ushpizin+2004
49486,men seeking women,1997,3,men+seeking+women+1997
10278,repulsion,1965,3,repulsion+1965
35300,20 years after,2008,3,20+years+after+2008
53716,memories of matsuko,2006,3,memories+of+matsuko+2006
5200,life itself,2014,4,life+itself+2014
43654,mulan,1998,3,mulan+1998
97880,i_ robot,2004,4,i_+robot+2004
3556,pippi in the south seas,1970,4,pippi+in+the+south+seas+1970
44160,the hunger games mockingjay - part 1,2014,3,the+hunger+games+mockingjay+-+part+1+2014
80836,the guns of navarone,1961,4,the+guns+of+navarone+1961
34936,en rachchant,1982,4,en+rachchant+1982
19855,the shawshank redemption,1994,4,the+shawshank+redemption+1994
89477,my neighbor totoro,1988,4,my+neighbor+totoro+1988
682,sanjuro,1962,5,sanjuro+1962
30556,cowboy,1958,5,cowboy+1958
67803,inglourious basterds,2009,4,inglourious+basterds+2009
21144,an evening with kevin smith 2 evening harder,2006,4,an+evening+with+kevin+smith+2+evening+harder+2006
21516,a price above rubies,1998,2,a+price+above+rubies+1998
129088,monsters_ inc.,2001,4,monsters_+inc.+2001
145288,inception,2010,4,inception+2010
67872,my neighbor totoro,1988,4,my+neighbor+totoro+1988
122937,the adventures of mary-kate  ashley the case of the christmas caper,1995,3,the+adventures+of+mary-kate++ashley+the+case+of+the+christmas+caper+1995
52378,close encounters of the third kind,1977,3,close+encounters+of+the+third+kind+1977
3377,thor,2011,3,thor+2011
139600,12 angry men,1997,4,12+angry+men+1997
23761,bleach the movie fade to black,2008,3,bleach+the+movie+fade+to+black+2008
15731,the terminator,1984,4,the+terminator+1984
73360,good will hunting,1997,5,good+will+hunting+1997
80457,united 93,2006,4,united+93+2006
140173,the imitation game,2014,4,the+imitation+game+2014
92475,looper,2012,4,looper+2012
123873,pepe,1960,2,pepe+1960
104041,guardians of the galaxy,2014,5,guardians+of+the+galaxy+2014
7853,the wolf of wall street,2013,4,the+wolf+of+wall+street+2013
104632,bolt,2008,2,bolt+2008
66973,the hobbit an unexpected journey,2012,4,the+hobbit+an+unexpected+journey+2012
5051,big city blues,1932,3,big+city+blues+1932
63010,no time for comedy,1940,3,no+time+for+comedy+1940
71099,night watch,2004,3,night+watch+2004
30068,extraordinary measures,2010,3,extraordinary+measures+2010
32078,one point o,2004,4,one+point+o+2004
773,charlotte gray,2001,4,charlotte+gray+2001
45874,the keeper,2009,2,the+keeper+2009
126940,jesus christ vampire hunter,2001,3,jesus+christ+vampire+hunter+2001
120219,the castle of cloads,1970,5,the+castle+of+cloads+1970
83051,despicable me 2,2013,4,despicable+me+2+2013
6454,lil quinquin,2014,3,lil+quinquin+2014
51647,topper takes a trip,1938,4,topper+takes+a+trip+1938
130616,a merry friggin christmas,2014,3,a+merry+friggin+christmas+2014
26656,gunday,2014,4,gunday+2014
78871,narc,2002,4,narc+2002
138756,casino royale,2006,3,casino+royale+2006
73067,master and commander the far side of the world,2003,4,master+and+commander+the+far+side+of+the+world+2003
28574,dolls,2002,4,dolls+2002
13194,august evening,2007,2,august+evening+2007
145857,mama,2013,4,mama+2013
120014,takedown,2000,4,takedown+2000
65742,tillbaka till bromma,2014,3,tillbaka+till+bromma+2014
88381,alien,1979,5,alien+1979
65235,akira,1988,3,akira+1988
108148,guardians of the galaxy,2014,4,guardians+of+the+galaxy+2014
113641,star wars episode i - the phantom menace,1999,3,star+wars+episode+i+-+the+phantom+menace+1999
99317,dumbo,1941,4,dumbo+1941
111818,house of wax,1953,5,house+of+wax+1953
104257,the corridor,1994,3,the+corridor+1994
31008,blueberry,2004,4,blueberry+2004
17873,gladiator,2000,4,gladiator+2000
87178,whiplash,2014,4,whiplash+2014
109007,bridge to terabithia,2007,4,bridge+to+terabithia+2007
91511,tribute to a bad man,1956,4,tribute+to+a+bad+man+1956
136302,one bright shining moment,2005,3,one+bright+shining+moment+2005
8326,star wars,1977,4,star+wars+1977
45376,pulp fiction,1994,5,pulp+fiction+1994
8301,the swan,1956,4,the+swan+1956
142827,captain eo,1986,3,captain+eo+1986
148434,blue in the face,1995,4,blue+in+the+face+1995
40879,e.t. the extra-terrestrial,1982,3,e.t.+the+extra-terrestrial+1982
104553,bambi,1942,5,bambi+1942
11886,johnny mad dog,2008,4,johnny+mad+dog+2008
55053,the spanish prisoner,1997,4,the+spanish+prisoner+1997
133997,andrei rublev,1966,4,andrei+rublev+1966
15222,joan of arc,1999,3,joan+of+arc+1999
133927,le notti bianche,1957,4,le+notti+bianche+1957
26929,frankenstein,1931,3,frankenstein+1931
108196,mad dog and glory,1993,4,mad+dog+and+glory+1993
11645,indiana jones and the temple of doom,1984,4,indiana+jones+and+the+temple+of+doom+1984
54884,theres something about mary,1998,3,theres+something+about+mary+1998
71535,chicken little,2005,3,chicken+little+2005
106795,made in dagenham,2010,4,made+in+dagenham+2010
38549,just looking,1999,3,just+looking+1999
53859,safe,1995,4,safe+1995
56105,call me kuchu,2012,3,call+me+kuchu+2012
20612,metropolitan,1990,3,metropolitan+1990
29165,the dark knight rises,2012,4,the+dark+knight+rises+2012
143505,terminator 2 judgment day,1991,4,terminator+2+judgment+day+1991
111561,stolen seas,2013,3,stolen+seas+2013
39074,reservoir dogs,1992,5,reservoir+dogs+1992
48558,how to train your dragon 2,2014,4,how+to+train+your+dragon+2+2014
18262,the hairdressers husband,1990,2,the+hairdressers+husband+1990
29462,guardians of the galaxy,2014,5,guardians+of+the+galaxy+2014
72915,saving private ryan,1998,5,saving+private+ryan+1998
100279,the conjuring,2013,3,the+conjuring+2013
85447,moon,2009,5,moon+2009
121358,napoleon,1927,4,napoleon+1927
122108,black narcissus,1947,4,black+narcissus+1947
131230,confess,2005,4,confess+2005
84087,zatoichi,2003,4,zatoichi+2003
24188,the secret lives of dentists,2002,4,the+secret+lives+of+dentists+2002
146265,slam,1998,3,slam+1998
130412,goodfellas,1990,5,goodfellas+1990
148086,cosmic psychos blokes you can trust,2013,3,cosmic+psychos+blokes+you+can+trust+2013
113679,leon the professional,1994,5,leon+the+professional+1994
19174,bombay talkie,1970,4,bombay+talkie+1970
113170,despicable me 2,2013,3,despicable+me+2+2013
7946,funny farm,1988,4,funny+farm+1988
131678,des fleurs pour algernon,2006,2,des+fleurs+pour+algernon+2006
22209,the lion king,1994,4,the+lion+king+1994
80385,the incredible hulk,2008,4,the+incredible+hulk+2008
26377,aladdin,1992,4,aladdin+1992
76320,the asthenic syndrome,1990,5,the+asthenic+syndrome+1990
50348,dragon ball z bojack unbound,1993,3,dragon+ball+z+bojack+unbound+1993
38538,raiders of the lost ark,1981,5,raiders+of+the+lost+ark+1981
82042,the hairdressers husband,1990,4,the+hairdressers+husband+1990
104569,the lord of the rings the fellowship of the ring,2001,4,the+lord+of+the+rings+the+fellowship+of+the+ring+2001
97262,anchors aweigh,1945,3,anchors+aweigh+1945
109696,au hasard balthazar,1966,4,au+hasard+balthazar+1966
79121,all tomorrows parties,2009,3,all+tomorrows+parties+2009
8585,the parallax view,1974,4,the+parallax+view+1974
27980,earthlings,2005,4,earthlings+2005
39680,dogtown and z-boys,2001,3,dogtown+and+z-boys+2001
144520,devils due,2014,3,devils+due+2014
55453,the day the earth stood still,1951,4,the+day+the+earth+stood+still+1951
56545,eva,1962,5,eva+1962
108827,despicable me 2,2013,4,despicable+me+2+2013
144063,ip man,2008,4,ip+man+2008
110880,she does not drink smoke or flirts but she talks,1970,4,she+does+not+drink+smoke+or+flirts+but+she+talks+1970
45059,interstellar,2014,3,interstellar+2014
46774,age of uprising the legend of michael kohlhaas,2013,3,age+of+uprising+the+legend+of+michael+kohlhaas+2013
20979,terminator salvation,2009,4,terminator+salvation+2009
140369,alien,1979,4,alien+1979
8302,pinocchio,1976,2,pinocchio+1976
105306,the dark knight rises,2012,5,the+dark+knight+rises+2012
53645,from russia with love,1963,4,from+russia+with+love+1963
110637,last year at marienbad,1961,4,last+year+at+marienbad+1961
12110,castaway on the moon,2009,3,castaway+on+the+moon+2009
9102,iron man,2008,4,iron+man+2008
51847,henry,2010,4,henry+2010
146383,not reconciled,1965,2,not+reconciled+1965
113177,the boy in the striped pyjamas,2008,4,the+boy+in+the+striped+pyjamas+2008
141385,frankenstein,1931,4,frankenstein+1931
137483,super troopers,2001,4,super+troopers+2001
13167,drinking buddies,2013,4,drinking+buddies+2013
9791,summer wars,2009,4,summer+wars+2009
68360,the aristocats,1970,4,the+aristocats+1970
23647,bad girl,1931,4,bad+girl+1931
119159,marley  me,2008,3,marley++me+2008
101554,the secret life of bees,2008,5,the+secret+life+of+bees+2008
137981,reservoir dogs,1992,5,reservoir+dogs+1992
125008,forever mine,1999,3,forever+mine+1999
84668,monsters_ inc.,2001,4,monsters_+inc.+2001
96216,hamburger hill,1987,4,hamburger+hill+1987
16468,the split,1968,3,the+split+1968
35599,shelter,2007,4,shelter+2007
82351,the spy who loved me,1977,3,the+spy+who+loved+me+1977
107159,mr. troop mom,2009,3,mr.+troop+mom+2009
138920,coraline,2009,5,coraline+2009
25893,the fifth element,1997,3,the+fifth+element+1997
56990,awakenings,1990,3,awakenings+1990
18803,gimme shelter,2013,3,gimme+shelter+2013
141699,sorry_ haters,2005,4,sorry_+haters+2005
88493,hour of the wolf,1968,4,hour+of+the+wolf+1968
104111,crazed fruit,1956,4,crazed+fruit+1956
130740,iron man,2008,5,iron+man+2008
31637,bugs bunnys 3rd movie 1001 rabbit tales,1982,4,bugs+bunnys+3rd+movie+1001+rabbit+tales+1982
110422,my mothers castle,1990,4,my+mothers+castle+1990
27504,enthiran,2010,5,enthiran+2010
144875,leon the professional,1994,3,leon+the+professional+1994
54591,he loves me... he loves me not,2002,4,he+loves+me...+he+loves+me+not+2002
122068,any given sunday,1999,4,any+given+sunday+1999
39885,dial m for murder,1954,4,dial+m+for+murder+1954
89078,galaxy quest,1999,4,galaxy+quest+1999
31307,reservoir dogs,1992,2,reservoir+dogs+1992
34279,vampir-cuadecuc,1971,3,vampir-cuadecuc+1971
8615,green street hooligans,2005,3,green+street+hooligans+2005
112785,watchmen,2009,4,watchmen+2009
73221,big hero 6,2014,5,big+hero+6+2014
88223,something new,2006,4,something+new+2006
3617,cops,1922,4,cops+1922
17168,the model couple,1977,4,the+model+couple+1977
16306,you dont mess with the zohan,2008,3,you+dont+mess+with+the+zohan+2008
124266,aftermath population zero,2008,3,aftermath+population+zero+2008
117764,the matrix,1999,5,the+matrix+1999
53066,fantmas in the shadow of the guillotine,1913,3,fantmas+in+the+shadow+of+the+guillotine+1913
129087,the matrix,1999,5,the+matrix+1999
100927,whos the caboose,1997,3,whos+the+caboose+1997
82754,the goonies,1985,3,the+goonies+1985
83128,brave,2012,4,brave+2012
95676,the marva collins story,1981,4,the+marva+collins+story+1981
85265,it should happen to you,1954,4,it+should+happen+to+you+1954
134608,mr.  mrs. smith,2005,4,mr.++mrs.+smith+2005
73024,the spiral staircase,1946,4,the+spiral+staircase+1946
83109,pierrot le fou,1965,4,pierrot+le+fou+1965
74931,friends with kids,2011,3,friends+with+kids+2011
108996,marley,2012,2,marley+2012
21609,the hound of the baskervilles,1978,4,the+hound+of+the+baskervilles+1978
143517,the changeling,1980,4,the+changeling+1980
50568,the covenant,2006,2,the+covenant+2006
46163,europa report,2013,3,europa+report+2013
105100,marathon man,1976,4,marathon+man+1976
146536,harry potter and the deathly hallows part 2,2011,5,harry+potter+and+the+deathly+hallows+part+2+2011
148365,taken,2008,5,taken+2008
121920,alien,1979,4,alien+1979
22703,the boys in the band,1970,3,the+boys+in+the+band+1970
47265,magic man,2009,3,magic+man+2009
86918,the peacemaker,1997,3,the+peacemaker+1997
136590,kikis delivery service,1989,5,kikis+delivery+service+1989
54499,tarzan,1999,4,tarzan+1999
59396,the great escape,1963,4,the+great+escape+1963
112094,the gods must be crazy,1980,3,the+gods+must+be+crazy+1980
15833,the lord of the rings the fellowship of the ring,2001,5,the+lord+of+the+rings+the+fellowship+of+the+ring+2001
95327,the mummy,1999,4,the+mummy+1999
67520,ragtime,1981,3,ragtime+1981
70169,the godfather,1972,4,the+godfather+1972
7530,mr.  mrs. smith,2005,2,mr.++mrs.+smith+2005
102596,howls moving castle,2004,4,howls+moving+castle+2004
80633,judgement day,1983,3,judgement+day+1983
31740,just pals,1920,4,just+pals+1920
34102,red sonja,1985,2,red+sonja+1985
81871,the boy in the striped pyjamas,2008,4,the+boy+in+the+striped+pyjamas+2008
110231,the house on 56th street,1933,3,the+house+on+56th+street+1933
128612,a man escaped,1956,4,a+man+escaped+1956
82684,the decline of western civilization part ii the metal years,1988,4,the+decline+of+western+civilization+part+ii+the+metal+years+1988
50164,for your eyes only,1981,4,for+your+eyes+only+1981
47285,doctor strange,2007,3,doctor+strange+2007
119867,calamity jane,1953,3,calamity+jane+1953
110942,rurouni kenshin,2012,5,rurouni+kenshin+2012
85638,macarthur,1977,3,macarthur+1977
88054,dragon ball z fusion reborn,1995,3,dragon+ball+z+fusion+reborn+1995
22188,midnight,1998,4,midnight+1998
143722,one hundred and one dalmatians,1961,3,one+hundred+and+one+dalmatians+1961
95972,interstellar,2014,4,interstellar+2014
90132,inglourious basterds,2009,4,inglourious+basterds+2009
43408,the storm warriors,2009,4,the+storm+warriors+2009
114778,the hunchback of notre dame,1996,3,the+hunchback+of+notre+dame+1996
112504,never give a sucker an even break,1941,4,never+give+a+sucker+an+even+break+1941
112606,gleason,2002,5,gleason+2002
52157,truly human,2001,3,truly+human+2001
106637,a bugs life,1998,3,a+bugs+life+1998
80667,antwone fisher,2002,5,antwone+fisher+2002
62532,i_ robot,2004,3,i_+robot+2004
132129,12th  delaware,2010,4,12th++delaware+2010
123714,ponyo,2008,3,ponyo+2008
121150,beautiful lies,2010,2,beautiful+lies+2010
125038,the blue light,1932,3,the+blue+light+1932
93887,the gay divorcee,1934,4,the+gay+divorcee+1934
92721,whisper of the heart,1995,3,whisper+of+the+heart+1995
87527,walle,2008,5,walle+2008
139644,songs from the second floor,2000,4,songs+from+the+second+floor+2000
94370,ladybird ladybird,1994,3,ladybird+ladybird+1994
138251,giuseppe makes a movie,2014,3,giuseppe+makes+a+movie+2014
135108,sullivans travels,1941,4,sullivans+travels+1941
118175,gattaca,1997,4,gattaca+1997
69781,dumbo,1941,3,dumbo+1941
95156,avatar,2009,4,avatar+2009
102498,forrest gump,1994,3,forrest+gump+1994
15257,the lord of the rings the fellowship of the ring,2001,4,the+lord+of+the+rings+the+fellowship+of+the+ring+2001
134943,13 tzameti,2005,4,13+tzameti+2005
103561,x-men days of future past,2014,4,x-men+days+of+future+past+2014
134375,charlie victor romeo,2014,4,charlie+victor+romeo+2014
61167,the white ribbon,2009,3,the+white+ribbon+2009
111558,zombie girl the movie,2009,3,zombie+girl+the+movie+2009
115075,our folks,1967,4,our+folks+1967
135841,despicable me,2010,4,despicable+me+2010
67388,three colors white,1994,4,three+colors+white+1994
7803,star wars,1977,3,star+wars+1977
76478,fury,2014,4,fury+2014
116058,anastasia,1997,3,anastasia+1997
143557,forbidden planet,1956,3,forbidden+planet+1956
18009,unbreakable,2000,4,unbreakable+2000
119954,the brides of dracula,1960,4,the+brides+of+dracula+1960
22664,terminator 3 rise of the machines,2003,4,terminator+3+rise+of+the+machines+2003
36648,a simple twist of fate,1994,4,a+simple+twist+of+fate+1994
14182,2001 a space odyssey,1968,4,2001+a+space+odyssey+1968
2032,split second,1953,5,split+second+1953
87392,executive decision,1996,5,executive+decision+1996
37877,the creation of the humanoids,1962,2,the+creation+of+the+humanoids+1962
75363,indiana jones and the last crusade,1989,4,indiana+jones+and+the+last+crusade+1989
83883,ruins,2013,4,ruins+2013
19208,bill burr you people are all the same,2012,3,bill+burr+you+people+are+all+the+same+2012
131343,pirates of the caribbean at worlds end,2007,4,pirates+of+the+caribbean+at+worlds+end+2007
50135,bound for glory,1976,4,bound+for+glory+1976
115710,seven samurai,1954,4,seven+samurai+1954
136896,anchors aweigh,1945,4,anchors+aweigh+1945
141226,the man who knew too much,1956,4,the+man+who+knew+too+much+1956
73704,coraline,2009,3,coraline+2009
78640,singles,1992,4,singles+1992
122593,au hasard balthazar,1966,4,au+hasard+balthazar+1966
138098,back to the future,1985,4,back+to+the+future+1985
126000,the hidden face,2011,3,the+hidden+face+2011
80875,hellboy ii the golden army,2008,3,hellboy+ii+the+golden+army+2008
44841,another year,2010,5,another+year+2010
114965,the great debaters,2007,4,the+great+debaters+2007
36370,lady and the tramp ii scamps adventure,2001,3,lady+and+the+tramp+ii+scamps+adventure+2001
88266,inception,2010,4,inception+2010
42324,ghostbusters,1984,5,ghostbusters+1984
95885,a bugs life,1998,3,a+bugs+life+1998
59838,invaders from space,1965,3,invaders+from+space+1965
344,bliss,2007,3,bliss+2007
40947,bob funk,2009,4,bob+funk+2009
10724,the lord of the rings the fellowship of the ring,2001,4,the+lord+of+the+rings+the+fellowship+of+the+ring+2001
142795,living free,1972,3,living+free+1972
30711,frozen,2013,4,frozen+2013
136776,futureworld,1976,4,futureworld+1976
129561,the innocent,1993,5,the+innocent+1993
134849,nightcrawler,2014,4,nightcrawler+2014
118379,the girl from paris,2001,5,the+girl+from+paris+2001
37684,you cant take it with you,1938,4,you+cant+take+it+with+you+1938
81502,hard times,1975,5,hard+times+1975
126231,the little mermaid,1989,3,the+little+mermaid+1989
104109,werewolf woman,1976,3,werewolf+woman+1976
85368,the truth about love,2005,4,the+truth+about+love+2005
94824,central station,1998,4,central+station+1998
84723,ghostbusters,1984,4,ghostbusters+1984
97124,papillon,1973,4,papillon+1973
97141,goodfellas,1990,5,goodfellas+1990
132403,circle of iron,1978,3,circle+of+iron+1978
64837,the sure thing,1985,4,the+sure+thing+1985
75686,dial m for murder,1954,4,dial+m+for+murder+1954
144064,valmont,1989,4,valmont+1989
131312,long days journey into night,1962,3,long+days+journey+into+night+1962
133082,journey to the beginning of time,1955,2,journey+to+the+beginning+of+time+1955
49591,the coven,2015,2,the+coven+2015
99067,the man who knew too much,1956,3,the+man+who+knew+too+much+1956
4445,true blue,1996,3,true+blue+1996
130943,the incredibles,2004,3,the+incredibles+2004
72873,constantine,2005,4,constantine+2005
63861,exiled,2006,4,exiled+2006
147869,broadway idiot,2013,3,broadway+idiot+2013
93985,diner,1982,4,diner+1982
108080,conan the barbarian,1982,4,conan+the+barbarian+1982
42293,harry potter and the half-blood prince,2009,4,harry+potter+and+the+half-blood+prince+2009
139728,smiles of a summer night,1955,5,smiles+of+a+summer+night+1955
106329,the hunchback of notre dame,1996,3,the+hunchback+of+notre+dame+1996
88349,that certain woman,1937,5,that+certain+woman+1937
55515,good morning,1959,5,good+morning+1959
18818,zatichi and the doomed man,1965,4,zatichi+and+the+doomed+man+1965
95811,garage,2007,4,garage+2007
122288,die hard with a vengeance,1995,3,die+hard+with+a+vengeance+1995
91591,a gang story,2011,3,a+gang+story+2011
48645,seventh son,2014,3,seventh+son+2014
85500,great freedom no. 7,1944,3,great+freedom+no.+7+1944
9788,alaskaland,2013,3,alaskaland+2013
68325,the little mermaid,1989,3,the+little+mermaid+1989
61952,dylan moran what it is,2009,4,dylan+moran+what+it+is+2009
95615,the man next door,2009,4,the+man+next+door+2009
61790,paper moon,1973,3,paper+moon+1973
39133,the business of fancydancing,2002,4,the+business+of+fancydancing+2002
33147,15 minutes,2001,3,15+minutes+2001
14951,stalin,1992,4,stalin+1992
115343,the three musketeers,1921,4,the+three+musketeers+1921
119147,show people,1928,3,show+people+1928
80353,barbarian queen ii the empress strikes back,1992,3,barbarian+queen+ii+the+empress+strikes+back+1992
129928,head above water,1996,3,head+above+water+1996
34153,the gods must be crazy,1980,4,the+gods+must+be+crazy+1980
26759,blazing saddles,1974,4,blazing+saddles+1974
13817,shrek forever after,2010,3,shrek+forever+after+2010
82150,manta - der film,1991,3,manta+-+der+film+1991
137386,the dark knight,2008,4,the+dark+knight+2008
91791,eva,2011,5,eva+2011
123738,forrest gump,1994,3,forrest+gump+1994
43064,bob le flambeur,1956,4,bob+le+flambeur+1956
22051,my kid could paint that,2007,3,my+kid+could+paint+that+2007
35844,dread,2009,4,dread+2009
148416,chicken run,2000,4,chicken+run+2000
66750,twa flight 800,2013,4,twa+flight+800+2013
130106,to be and to have,2002,3,to+be+and+to+have+2002
113836,spirited away,2001,4,spirited+away+2001
125331,the swedish moment,2014,4,the+swedish+moment+2014
147259,star wars,1977,5,star+wars+1977
107142,scarface,1983,5,scarface+1983
12342,wild geese ii,1985,4,wild+geese+ii+1985
82490,revolutionary road,2008,5,revolutionary+road+2008
131519,something wicked this way comes,1983,3,something+wicked+this+way+comes+1983
148482,blood relatives,1978,3,blood+relatives+1978
1929,kapo,1960,4,kapo+1960
49354,vexille,2007,4,vexille+2007
24734,american beauty,1999,4,american+beauty+1999
6585,thank you for smoking,2005,5,thank+you+for+smoking+2005
130419,defying gravity,1997,4,defying+gravity+1997
107606,nausica of the valley of the wind,1984,4,nausica+of+the+valley+of+the+wind+1984
40022,dial m for murder,1954,4,dial+m+for+murder+1954
88424,peter pan,1953,4,peter+pan+1953
22165,set it off,1996,4,set+it+off+1996
102335,high tension,2003,3,high+tension+2003
14407,the fighter,2010,4,the+fighter+2010
59122,the canyon,2009,3,the+canyon+2009
146161,fire and ice,1983,3,fire+and+ice+1983
133431,kill bill vol. 1,2003,4,kill+bill+vol.+1+2003
105057,kal ho naa ho,2003,3,kal+ho+naa+ho+2003
115924,harvie krumpet,2003,4,harvie+krumpet+2003
46463,the blue dahlia,1946,4,the+blue+dahlia+1946
53647,the good_ the bad and the ugly,1966,3,the+good_+the+bad+and+the+ugly+1966
63998,inception,2010,5,inception+2010
117149,brigham young,1940,3,brigham+young+1940
76547,killer pad,2008,3,killer+pad+2008
472,the four seasons,1981,4,the+four+seasons+1981
149705,harry potter and the goblet of fire,2005,4,harry+potter+and+the+goblet+of+fire+2005
34128,the phantom,2000,4,the+phantom+2000
100659,the dark angel,1935,3,the+dark+angel+1935
70711,weekend,1967,4,weekend+1967
53334,direct from brooklyn,1999,3,direct+from+brooklyn+1999
106170,a town called panic,2009,3,a+town+called+panic+2009
79219,djomeh,2000,2,djomeh+2000
23437,the little mermaid,1989,4,the+little+mermaid+1989
109054,the last drop,2005,4,the+last+drop+2005
117209,les invincibles,2013,4,les+invincibles+2013
120761,city of god,2002,5,city+of+god+2002
20651,raiders of the lost ark,1981,5,raiders+of+the+lost+ark+1981
41507,my amityville horror,2013,3,my+amityville+horror+2013
84825,the killers,1956,3,the+killers+1956
41366,carmen,1983,4,carmen+1983
20221,star wars,1977,5,star+wars+1977
124586,futurama benders game,2008,3,futurama+benders+game+2008
61801,sassy pants,2012,3,sassy+pants+2012
26640,gone baby gone,2007,3,gone+baby+gone+2007
119644,happythankyoumoreplease,2010,3,happythankyoumoreplease+2010
135524,hangmans curse,2003,3,hangmans+curse+2003
89399,presumed innocent,1990,4,presumed+innocent+1990
17171,forbidden planet,1956,4,forbidden+planet+1956
107082,the princess and the frog,2009,5,the+princess+and+the+frog+2009
89674,bitter moon,1992,3,bitter+moon+1992
11398,divided we fall,2000,4,divided+we+fall+2000
50266,forrest gump,1994,5,forrest+gump+1994
80862,inception,2010,3,inception+2010
76296,le trou,1960,5,le+trou+1960
96390,nick offerman american ham,2014,4,nick+offerman+american+ham+2014
91910,28 days later,2002,5,28+days+later+2002
12876,a zed  two noughts,1985,3,a+zed++two+noughts+1985
8149,spirited away,2001,4,spirited+away+2001
142477,balls out the gary houseman story,2009,2,balls+out+the+gary+houseman+story+2009
8546,phone call from a stranger,1952,4,phone+call+from+a+stranger+1952
74486,harry potter and the chamber of secrets,2002,3,harry+potter+and+the+chamber+of+secrets+2002
136254,patlabor the movie,1989,4,patlabor+the+movie+1989
44206,coraline,2009,3,coraline+2009
109603,interstellar,2014,4,interstellar+2014
30231,billy blazes_ esq.,1919,4,billy+blazes_+esq.+1919
36423,rush hour,1998,4,rush+hour+1998
139036,the guard,2011,3,the+guard+2011
121650,joe,2014,4,joe+2014
110423,monsieur verdoux,1947,4,monsieur+verdoux+1947
132551,leon the professional,1994,4,leon+the+professional+1994
95250,whiplash,2014,5,whiplash+2014
96499,carnival in flanders,1935,4,carnival+in+flanders+1935
101352,all the presidents men,1976,4,all+the+presidents+men+1976
49405,my friend irma goes west,1950,4,my+friend+irma+goes+west+1950
138240,sudden death,1995,2,sudden+death+1995
1819,master and commander the far side of the world,2003,4,master+and+commander+the+far+side+of+the+world+2003
129679,e.t. the extra-terrestrial,1982,3,e.t.+the+extra-terrestrial+1982
35299,the detective,1968,4,the+detective+1968
50458,the guys,2002,4,the+guys+2002
104900,hairspray,2007,5,hairspray+2007
49390,black and white,1968,4,black+and+white+1968
41102,nora roberts tribute,2009,4,nora+roberts+tribute+2009
106227,patton oswalt tragedy plus comedy equals time,2014,4,patton+oswalt+tragedy+plus+comedy+equals+time+2014
100480,the mysteries of pittsburgh,2008,3,the+mysteries+of+pittsburgh+2008
41074,the queen,2006,4,the+queen+2006
87369,thirty seconds over tokyo,1944,4,thirty+seconds+over+tokyo+1944
42176,how to train your dragon 2,2014,5,how+to+train+your+dragon+2+2014
29287,revanche,2008,4,revanche+2008
91666,interstellar,2014,4,interstellar+2014
24629,inception,2010,4,inception+2010
137657,the godfather,1972,4,the+godfather+1972
127565,manufactured landscapes,2006,3,manufactured+landscapes+2006
82070,all or nothing,2002,4,all+or+nothing+2002
112076,tarzan,1999,3,tarzan+1999
9915,pacific rim,2013,4,pacific+rim+2013
58324,tucker and dale vs evil,2010,4,tucker+and+dale+vs+evil+2010
67979,wind,1992,3,wind+1992
117872,828 am,2010,4,828+am+2010
54226,spirit stallion of the cimarron,2002,4,spirit+stallion+of+the+cimarron+2002
59824,the details,2012,4,the+details+2012
92991,french connection ii,1975,4,french+connection+ii+1975
53661,my neighbor totoro,1988,4,my+neighbor+totoro+1988
55239,the black cauldron,1985,4,the+black+cauldron+1985
140420,oslo_ august 31st,2011,4,oslo_+august+31st+2011
115125,the northerners,1992,4,the+northerners+1992
110256,beneath the valley of the ultra-vixens,1979,3,beneath+the+valley+of+the+ultra-vixens+1979
22415,africa the serengeti,1994,4,africa+the+serengeti+1994
24122,trekkies,1997,3,trekkies+1997
116380,the mighty macs,2009,4,the+mighty+macs+2009
104048,in the line of fire,1993,3,in+the+line+of+fire+1993
62365,zorba the greek,1964,3,zorba+the+greek+1964
36830,drifting clouds,1996,3,drifting+clouds+1996
87873,the last drop,2005,4,the+last+drop+2005
64757,indiana jones and the last crusade,1989,4,indiana+jones+and+the+last+crusade+1989
128099,poppy shakespeare,2008,4,poppy+shakespeare+2008
41381,godzilla vs. mothra,1992,3,godzilla+vs.+mothra+1992
133889,spider-man 3,2007,3,spider-man+3+2007
39741,bird on a wire,1990,3,bird+on+a+wire+1990
36075,breaking point,2009,3,breaking+point+2009
1314,europa,1991,4,europa+1991
107626,kahaani,2012,4,kahaani+2012
111707,wristcutters a love story,2006,3,wristcutters+a+love+story+2006
131097,crimes of fashion,2004,3,crimes+of+fashion+2004
6203,lincoln,2012,4,lincoln+2012
629,confession,1937,4,confession+1937
128090,kung fu panda secrets of the furious five,2008,4,kung+fu+panda+secrets+of+the+furious+five+2008
40351,raiders of the lost ark,1981,4,raiders+of+the+lost+ark+1981
137812,starship troopers,1997,3,starship+troopers+1997
37874,annie oakley,1935,4,annie+oakley+1935
87147,employee of the month,2006,3,employee+of+the+month+2006
31821,anna,1988,4,anna+1988
61225,artifact,2012,5,artifact+2012
1419,eden of the east movie i the king of eden,2009,4,eden+of+the+east+movie+i+the+king+of+eden+2009
19115,lady and the tramp,1955,3,lady+and+the+tramp+1955
60174,the terrorizers,1986,4,the+terrorizers+1986
114817,spirited away,2001,3,spirited+away+2001
88406,the mask,1994,3,the+mask+1994
148899,forrest gump,1994,4,forrest+gump+1994
122921,visioneers,2008,3,visioneers+2008
3151,penguins of madagascar,2014,4,penguins+of+madagascar+2014
92112,crazybeautiful,2001,4,crazybeautiful+2001
21865,flame  citron,2008,4,flame++citron+2008
85653,the science of sleep,2006,4,the+science+of+sleep+2006
25768,reds dream,1987,4,reds+dream+1987
43288,the theory of everything,2006,2,the+theory+of+everything+2006
110382,die hard,1988,4,die+hard+1988
76736,starship invasions,1977,3,starship+invasions+1977
126285,the cat returns,2002,5,the+cat+returns+2002
86160,scarface,1983,4,scarface+1983
62625,flood,2007,3,flood+2007
12509,die hard,1988,3,die+hard+1988
16795,spider-man,2002,3,spider-man+2002
122748,the manxman,1929,3,the+manxman+1929
91099,the land before time vii the stone of cold fire,2000,3,the+land+before+time+vii+the+stone+of+cold+fire+2000
76018,sex and death 101,2007,3,sex+and+death+101+2007
135483,whisper of the heart,1995,3,whisper+of+the+heart+1995
110531,the joker is wild,1957,3,the+joker+is+wild+1957
36841,a tale of two sisters,2003,5,a+tale+of+two+sisters+2003
126737,nymphomaniac vol. ii,2013,3,nymphomaniac+vol.+ii+2013
64961,silverado,1985,3,silverado+1985
39434,se7en,1995,4,se7en+1995
96302,twilight of a womans soul,1913,3,twilight+of+a+womans+soul+1913
65351,the matrix,1999,4,the+matrix+1999
21930,griffin  phoenix,2006,4,griffin++phoenix+2006
59029,kid cannabis,2014,3,kid+cannabis+2014
95545,the spiral staircase,1946,4,the+spiral+staircase+1946
108292,the great escape,1963,3,the+great+escape+1963
72439,papillon,1973,4,papillon+1973
85113,the internets own boy the story of aaron swartz,2014,4,the+internets+own+boy+the+story+of+aaron+swartz+2014
56928,the mansion of madness,1973,3,the+mansion+of+madness+1973
67516,the lion king,1994,4,the+lion+king+1994
12892,la femme nikita,1990,4,la+femme+nikita+1990
91576,bruce almighty,2003,3,bruce+almighty+2003
108495,painted fire,2002,3,painted+fire+2002
38581,if a man answers,1962,3,if+a+man+answers+1962
136316,pharaohs  army,1995,3,pharaohs++army+1995
47103,ugetsu,1953,4,ugetsu+1953
69700,baraka,1992,4,baraka+1992
108600,diabolique,1955,3,diabolique+1955
148987,whiplash,2014,4,whiplash+2014
146806,sacro gra,2013,3,sacro+gra+2013
42263,interstellar,2014,5,interstellar+2014
138943,angels with dirty faces,1938,4,angels+with+dirty+faces+1938
49203,all the presidents men,1976,3,all+the+presidents+men+1976
108182,dr. strangelove or how i learned to stop worrying and love the bomb,1964,5,dr.+strangelove+or+how+i+learned+to+stop+worrying+and+love+the+bomb+1964
80828,braindead,1992,4,braindead+1992
95425,mary and max,2009,4,mary+and+max+2009
107428,summer storm,2004,4,summer+storm+2004
36610,gone girl,2014,3,gone+girl+2014
139776,interstellar,2014,5,interstellar+2014
45247,fury,2014,3,fury+2014
121602,a woman is a woman,1961,4,a+woman+is+a+woman+1961
23586,la vie en rose,2007,3,la+vie+en+rose+2007
100915,10 things i hate about you,1999,4,10+things+i+hate+about+you+1999
144098,my neighbor totoro,1988,3,my+neighbor+totoro+1988
38715,an innocent man,1989,4,an+innocent+man+1989
115867,a tale of two sisters,2003,4,a+tale+of+two+sisters+2003
84658,results,2015,3,results+2015
61188,the cat returns,2002,3,the+cat+returns+2002
4031,calendar girls,2003,3,calendar+girls+2003
15609,cirque du soleil varekai,2003,3,cirque+du+soleil+varekai+2003
112143,loser takes all,2002,4,loser+takes+all+2002
77706,reckless,1984,3,reckless+1984
45167,harry potter and the deathly hallows part 1,2010,5,harry+potter+and+the+deathly+hallows+part+1+2010
51298,the blacksmith,1922,4,the+blacksmith+1922
37721,the nasty girl,1990,4,the+nasty+girl+1990
57957,get thrashed,2006,3,get+thrashed+2006
78991,upswing,2003,4,upswing+2003
67446,virtuosity,1995,4,virtuosity+1995
48947,cold trail,2006,4,cold+trail+2006
18879,the bourne ultimatum,2007,3,the+bourne+ultimatum+2007
84817,robin williams weapons of self destruction,2009,3,robin+williams+weapons+of+self+destruction+2009
146094,dial m for murder,1954,5,dial+m+for+murder+1954
134862,the blue max,1966,3,the+blue+max+1966
20976,the mad miss manton,1938,3,the+mad+miss+manton+1938
114023,kiss the bride,2007,4,kiss+the+bride+2007
102601,total recall,1990,5,total+recall+1990
89984,wake island,1942,4,wake+island+1942
36457,cesar and rosalie,1972,4,cesar+and+rosalie+1972
14316,imaginary crimes,1994,4,imaginary+crimes+1994
45309,galaxy quest,1999,2,galaxy+quest+1999
19778,the secret world of arrietty,2010,3,the+secret+world+of+arrietty+2010
2229,a glimpse inside the mind of charles swan iii,2012,3,a+glimpse+inside+the+mind+of+charles+swan+iii+2012
67240,harry potter and the chamber of secrets,2002,4,harry+potter+and+the+chamber+of+secrets+2002
76190,the shape of things,2003,4,the+shape+of+things+2003
94402,a better tomorrow iii love and death in saigon,1989,3,a+better+tomorrow+iii+love+and+death+in+saigon+1989
8674,thor,2011,4,thor+2011
113844,kilometre zero,2005,4,kilometre+zero+2005
77805,toy story,1995,4,toy+story+1995
93375,hot millions,1968,3,hot+millions+1968
57497,iron man,2008,4,iron+man+2008
78530,tillbaka till bromma,2014,3,tillbaka+till+bromma+2014
81100,harry potter and the deathly hallows part 1,2010,4,harry+potter+and+the+deathly+hallows+part+1+2010
144700,witness for the prosecution,1957,4,witness+for+the+prosecution+1957
64893,the legend of lobo,1962,2,the+legend+of+lobo+1962
33829,metallica through the never,2013,4,metallica+through+the+never+2013
33019,the trip to bountiful,2014,3,the+trip+to+bountiful+2014
145409,the impostors,1998,3,the+impostors+1998
87236,the three burials of melquiades estrada,2005,4,the+three+burials+of+melquiades+estrada+2005
137538,commando,1985,3,commando+1985
57495,harriet the spy,1996,3,harriet+the+spy+1996
8667,greenfingers,2001,4,greenfingers+2001
59059,the amazing spider-man,2012,4,the+amazing+spider-man+2012
82718,moonstruck,1987,3,moonstruck+1987
64522,42nd street,1933,3,42nd+street+1933
142092,the terminator,1984,5,the+terminator+1984
83101,spirited away,2001,5,spirited+away+2001
112247,coming to america,1988,4,coming+to+america+1988
50090,garden state,2004,4,garden+state+2004
128087,category 7 the end of the world,2005,3,category+7+the+end+of+the+world+2005
110632,harry potter and the deathly hallows part 2,2011,4,harry+potter+and+the+deathly+hallows+part+2+2011
124326,the avengers,2012,4,the+avengers+2012
31470,the stoning of soraya m.,2008,5,the+stoning+of+soraya+m.+2008
41207,pekka ja ptk lumimiehen jljill,1954,2,pekka+ja+ptk+lumimiehen+jljill+1954
149672,burn after reading,2008,2,burn+after+reading+2008
91248,the town,2010,3,the+town+2010
78178,planet of the apes,2001,3,planet+of+the+apes+2001
54818,beetlejuice,1988,3,beetlejuice+1988
34286,margaret thatcher the long walk to finchley,2008,4,margaret+thatcher+the+long+walk+to+finchley+2008
53165,amy,1997,3,amy+1997
46129,snowpiercer,2013,3,snowpiercer+2013
18189,the thief who came to dinner,1973,2,the+thief+who+came+to+dinner+1973
112954,greystoke the legend of tarzan_ lord of the apes,1984,2,greystoke+the+legend+of+tarzan_+lord+of+the+apes+1984
5745,the good thief,2003,3,the+good+thief+2003
42676,the all together,2007,4,the+all+together+2007
34161,autohystoria,2007,4,autohystoria+2007
76474,solo,1996,3,solo+1996
6340,match point,2005,3,match+point+2005
56957,miracles,1986,4,miracles+1986
101306,funny farm,1988,5,funny+farm+1988
137440,shrek 2,2004,3,shrek+2+2004
17241,badlands,1973,4,badlands+1973
12378,the godfather,1972,4,the+godfather+1972
14063,the third man,1949,3,the+third+man+1949
141171,scarface,1983,4,scarface+1983
89429,a bugs life,1998,3,a+bugs+life+1998
134565,the fire within,1963,4,the+fire+within+1963
43785,babylon 5 the gathering,1993,4,babylon+5+the+gathering+1993
1678,jesus liebt mich,2012,3,jesus+liebt+mich+2012
134897,our hospitality,1923,5,our+hospitality+1923
48447,the kid stays in the picture,2002,4,the+kid+stays+in+the+picture+2002
93589,farewell my concubine,1993,4,farewell+my+concubine+1993
75289,children in the wind,1937,3,children+in+the+wind+1937
36138,breaking the girls,2013,3,breaking+the+girls+2013
27126,the absent-minded professor,1961,3,the+absent-minded+professor+1961
108021,alien,1979,3,alien+1979
94720,the adventures of huckleberry finn,1939,3,the+adventures+of+huckleberry+finn+1939
55940,billabong odyssey,2003,4,billabong+odyssey+2003
58876,wild strawberries,1957,4,wild+strawberries+1957
98895,one week,1920,4,one+week+1920
133657,guardians of the galaxy,2014,4,guardians+of+the+galaxy+2014
99402,damage,1992,3,damage+1992
98798,seraphim falls,2006,3,seraphim+falls+2006
36036,sex ed,2014,4,sex+ed+2014
78214,indiana jones and the last crusade,1989,4,indiana+jones+and+the+last+crusade+1989
132442,we were soldiers,2002,4,we+were+soldiers+2002
22868,shrek 2,2004,5,shrek+2+2004
2637,accattone,1961,3,accattone+1961
90111,on any sunday,1971,4,on+any+sunday+1971
105404,monsters_ inc.,2001,4,monsters_+inc.+2001
43749,viva max,1969,4,viva+max+1969
134498,playtime,1967,4,playtime+1967
34212,serenity,2005,4,serenity+2005
13459,alphaville,1965,3,alphaville+1965
31511,the last four days,1974,4,the+last+four+days+1974
30148,hawaii_ oslo,2004,2,hawaii_+oslo+2004
2875,the hobbit an unexpected journey,2012,4,the+hobbit+an+unexpected+journey+2012
43554,the art of getting by,2011,3,the+art+of+getting+by+2011
53154,spirited away,2001,4,spirited+away+2001
115852,from here to eternity,1953,3,from+here+to+eternity+1953
74674,the princess and the frog,2009,3,the+princess+and+the+frog+2009
145235,the alibi,2006,4,the+alibi+2006
31168,sparkle,2012,3,sparkle+2012
64460,the hurricane express,1932,3,the+hurricane+express+1932
4162,brave,2012,3,brave+2012
72751,breathless,1960,4,breathless+1960
87353,the yellow sea,2010,5,the+yellow+sea+2010
92201,ultimate avengers,2006,3,ultimate+avengers+2006
75647,dawn of the planet of the apes,2014,3,dawn+of+the+planet+of+the+apes+2014
43315,frozen,2013,4,frozen+2013
26941,after the fox,1966,4,after+the+fox+1966
113227,carry on spying,1964,4,carry+on+spying+1964
72109,the toast of new york,1937,4,the+toast+of+new+york+1937
137794,the secret world of arrietty,2010,4,the+secret+world+of+arrietty+2010
147554,dumb and dumber,1994,5,dumb+and+dumber+1994
142894,be kind rewind,2008,4,be+kind+rewind+2008
23896,fools in the mountains,1957,4,fools+in+the+mountains+1957
29667,the devil at 4 oclock,1961,3,the+devil+at+4+oclock+1961
32087,grave halloween,2013,2,grave+halloween+2013
2886,fever,1999,3,fever+1999
12934,burma vj reporting from a closed country,2008,4,burma+vj+reporting+from+a+closed+country+2008
40724,airplane,1980,4,airplane+1980
44553,coma,1978,4,coma+1978
11011,up,2009,4,up+2009
39375,blue,1993,4,blue+1993
18173,the imitation game,2014,3,the+imitation+game+2014
115388,the godfather part ii,1974,5,the+godfather+part+ii+1974
38734,ronin,1998,4,ronin+1998
7787,blood into wine,2010,4,blood+into+wine+2010
130032,this aint california,2012,4,this+aint+california+2012
64518,the naked gun from the files of police squad,1988,4,the+naked+gun+from+the+files+of+police+squad+1988
4070,the merry widow,1925,4,the+merry+widow+1925
95971,how to train your dragon 2,2014,4,how+to+train+your+dragon+2+2014
67042,ride lonesome,1959,5,ride+lonesome+1959
58310,howls moving castle,2004,5,howls+moving+castle+2004
76846,the big shave,1968,3,the+big+shave+1968
75490,aileen life and death of a serial killer,2003,4,aileen+life+and+death+of+a+serial+killer+2003
113809,hero,2002,4,hero+2002
25766,clandestine childhood,2011,3,clandestine+childhood+2011
64303,the quickie,2001,4,the+quickie+2001
118814,it follows,2015,3,it+follows+2015
34379,star wars,1977,5,star+wars+1977
87836,coraline,2009,4,coraline+2009
71048,pierrot le fou,1965,3,pierrot+le+fou+1965
89865,my best friends wedding,1997,3,my+best+friends+wedding+1997
119184,the dirt bike kid,1985,4,the+dirt+bike+kid+1985
74634,ice age the meltdown,2006,3,ice+age+the+meltdown+2006
21290,pinocchio,1940,4,pinocchio+1940
134038,interstellar,2014,3,interstellar+2014
115899,the perfect family,2011,3,the+perfect+family+2011
109968,crook,2004,4,crook+2004
7451,harry potter and the deathly hallows part 2,2011,4,harry+potter+and+the+deathly+hallows+part+2+2011
95850,stanley kubrick a life in pictures,2001,4,stanley+kubrick+a+life+in+pictures+2001
84158,titanic town,1998,3,titanic+town+1998
142416,bloodsuckers from outer space,1984,3,bloodsuckers+from+outer+space+1984
48925,the lost thing,2010,5,the+lost+thing+2010
148211,inglourious basterds,2009,4,inglourious+basterds+2009
113542,liar liar,1997,2,liar+liar+1997
104297,michael clayton,2007,4,michael+clayton+2007
83696,looking for mr. goodbar,1977,4,looking+for+mr.+goodbar+1977
66452,inception,2010,4,inception+2010
117987,how to train your dragon,2010,5,how+to+train+your+dragon+2010
45023,flow,2014,4,flow+2014
134247,whiplash,2014,5,whiplash+2014
128841,constantine,2005,3,constantine+2005
43070,blue valentine,2010,3,blue+valentine+2010
90586,star wars,1977,5,star+wars+1977
36311,kingsman the secret service,2015,3,kingsman+the+secret+service+2015
146023,blade runner,1982,5,blade+runner+1982
46514,whiplash,2014,3,whiplash+2014
12534,the chronicles of narnia the lion_ the witch and the wardrobe,2005,3,the+chronicles+of+narnia+the+lion_+the+witch+and+the+wardrobe+2005
142907,take the high ground,1953,3,take+the+high+ground+1953
89332,crouching tiger_ hidden dragon,2000,4,crouching+tiger_+hidden+dragon+2000
5525,the town,2010,3,the+town+2010
96238,less than zero,1987,4,less+than+zero+1987
52392,salaam bombay,1988,4,salaam+bombay+1988
10432,europa europa,1990,4,europa+europa+1990
140991,pirates of the caribbean on stranger tides,2011,4,pirates+of+the+caribbean+on+stranger+tides+2011
31323,my little business,1999,4,my+little+business+1999
62400,the seventh continent,1989,3,the+seventh+continent+1989
19788,the body,2012,5,the+body+2012
81695,the green mile,1999,4,the+green+mile+1999
22841,budd boetticher an american original,2005,2,budd+boetticher+an+american+original+2005
45103,the god of cookery,1996,3,the+god+of+cookery+1996
86545,finding fela,2014,4,finding+fela+2014
121231,louise bourgeois the spider_ the mistress and the tangerine,2008,4,louise+bourgeois+the+spider_+the+mistress+and+the+tangerine+2008
84287,inception,2010,4,inception+2010
138177,extremely loud  incredibly close,2011,4,extremely+loud++incredibly+close+2011
137989,the age of stupid,2009,3,the+age+of+stupid+2009
118203,the 39 steps,1935,4,the+39+steps+1935
68886,the imitation game,2014,4,the+imitation+game+2014
85991,lolita,1997,4,lolita+1997
17680,the truman show,1998,5,the+truman+show+1998
125991,orpheus,1950,4,orpheus+1950
27912,waterland,1992,4,waterland+1992
71102,the 6th day,2000,3,the+6th+day+2000
145712,213,2009,5,213+2009
69852,police academy 6 city under siege,1989,2,police+academy+6+city+under+siege+1989
69978,whisper,2007,3,whisper+2007
112048,snowpiercer,2013,3,snowpiercer+2013
84748,darling,1965,4,darling+1965
128319,kikis delivery service,1989,4,kikis+delivery+service+1989
18698,friday night lights,2004,4,friday+night+lights+2004
45178,casino royale,2006,4,casino+royale+2006
141603,redirected,2014,3,redirected+2014
56128,wake of death,2004,3,wake+of+death+2004
24213,the cat concerto,1947,4,the+cat+concerto+1947
131419,the criminal life of archibaldo de la cruz,1955,3,the+criminal+life+of+archibaldo+de+la+cruz+1955
134285,ploy,2007,4,ploy+2007
39844,anastasia,1997,4,anastasia+1997
99594,these amazing shadows,2011,4,these+amazing+shadows+2011
118580,bombay beach,2011,3,bombay+beach+2011
146400,the bucket list,2007,3,the+bucket+list+2007
39754,its the great pumpkin_ charlie brown,1966,3,its+the+great+pumpkin_+charlie+brown+1966
83619,thirst,2009,5,thirst+2009
106565,comme les 5 doigts de la main,2010,5,comme+les+5+doigts+de+la+main+2010
72185,dances with wolves,1990,5,dances+with+wolves+1990
109884,the terminator,1984,3,the+terminator+1984
107522,hard target,1993,4,hard+target+1993
34148,a complete history of my sexual failures,2008,3,a+complete+history+of+my+sexual+failures+2008
85650,megamind,2010,3,megamind+2010
121585,g,2002,3,g+2002
31903,from time to time,2009,5,from+time+to+time+2009
96269,the great debaters,2007,4,the+great+debaters+2007
43634,pirates of the caribbean at worlds end,2007,4,pirates+of+the+caribbean+at+worlds+end+2007
99050,the blue angel,1930,3,the+blue+angel+1930
36307,the mission,1986,4,the+mission+1986
98173,e.t. the extra-terrestrial,1982,5,e.t.+the+extra-terrestrial+1982
98436,needful things,1993,4,needful+things+1993
125257,watership down,1978,4,watership+down+1978
50605,ninja,2009,2,ninja+2009
137641,troy,2004,4,troy+2004
51594,monty python and the holy grail,1975,4,monty+python+and+the+holy+grail+1975
74186,blacksmith scene,1893,3,blacksmith+scene+1893
104532,four men and a prayer,1938,3,four+men+and+a+prayer+1938
38420,transformers age of extinction,2014,3,transformers+age+of+extinction+2014
61189,chicken run,2000,4,chicken+run+2000
5681,the dogs of war,1980,3,the+dogs+of+war+1980
137565,howls moving castle,2004,5,howls+moving+castle+2004
38339,star wars,1977,5,star+wars+1977
124047,the day of the jackal,1973,4,the+day+of+the+jackal+1973
41415,children of a lesser god,1986,4,children+of+a+lesser+god+1986
141867,the women on the 6th floor,2010,4,the+women+on+the+6th+floor+2010
70573,wreck-it ralph,2012,4,wreck-it+ralph+2012
138993,capricious summer,1968,4,capricious+summer+1968
47791,kate  leopold,2001,3,kate++leopold+2001
20983,first blood,1982,3,first+blood+1982
2789,crash,2004,5,crash+2004
52320,the shawshank redemption,1994,4,the+shawshank+redemption+1994
32744,a shine of rainbows,2009,4,a+shine+of+rainbows+2009
63292,elfie hopkins,2012,3,elfie+hopkins+2012
46284,poolside,2012,4,poolside+2012
74012,once were warriors,1994,3,once+were+warriors+1994
120338,wing chun,1994,3,wing+chun+1994
78085,joe and max,2002,4,joe+and+max+2002
138445,harry potter and the philosophers stone,2001,5,harry+potter+and+the+philosophers+stone+2001
128572,harry potter and the prisoner of azkaban,2004,4,harry+potter+and+the+prisoner+of+azkaban+2004
39039,face,1997,4,face+1997
37029,the dark knight,2008,5,the+dark+knight+2008
39646,the shawshank redemption,1994,5,the+shawshank+redemption+1994
132351,hick,2011,5,hick+2011
110529,toy story 2,1999,2,toy+story+2+1999
25332,mr  mrs bridge,1990,4,mr++mrs+bridge+1990
100941,seconds,1966,4,seconds+1966
70191,shrek,2001,4,shrek+2001
45468,scarecrows,1988,5,scarecrows+1988
60825,red flag,2012,4,red+flag+2012
148141,whisper of the heart,1995,4,whisper+of+the+heart+1995
81182,fun on a weekend,1947,4,fun+on+a+weekend+1947
66884,eminem aka,2004,3,eminem+aka+2004
68787,the crusades,1935,4,the+crusades+1935
33699,the little foxes,1941,4,the+little+foxes+1941
126399,clerks,1994,3,clerks+1994
107244,late night trains,1975,3,late+night+trains+1975
29108,p.s.,2004,4,p.s.+2004
87840,the hobbit an unexpected journey,2012,4,the+hobbit+an+unexpected+journey+2012
13147,princess mononoke,1997,5,princess+mononoke+1997
16369,the lord of the rings the fellowship of the ring,2001,5,the+lord+of+the+rings+the+fellowship+of+the+ring+2001
18815,the scalphunters,1968,3,the+scalphunters+1968
10380,sixteen candles,1984,4,sixteen+candles+1984
124641,a guy and a gal,1975,4,a+guy+and+a+gal+1975
127322,the good_ the bad and the ugly,1966,5,the+good_+the+bad+and+the+ugly+1966
83096,the long and the short and the tall,1961,4,the+long+and+the+short+and+the+tall+1961
85848,ice age dawn of the dinosaurs,2009,4,ice+age+dawn+of+the+dinosaurs+2009
139461,nora,2000,4,nora+2000
123294,spirited away,2001,4,spirited+away+2001
102701,a message from akira kurosawa for beautiful movies,2000,4,a+message+from+akira+kurosawa+for+beautiful+movies+2000
90292,focus,2015,4,focus+2015
71311,hawaiian vacation,2011,3,hawaiian+vacation+2011
29643,for whom the bell tolls,1943,5,for+whom+the+bell+tolls+1943
82167,the bank job,2008,5,the+bank+job+2008
127780,grave of the fireflies,1988,4,grave+of+the+fireflies+1988
63198,xxy,2007,4,xxy+2007
95223,the fallen sparrow,1943,5,the+fallen+sparrow+1943
113791,predator,1987,4,predator+1987
116850,wolf children,2012,5,wolf+children+2012
35519,a bugs life,1998,3,a+bugs+life+1998
91027,before i disappear,2014,3,before+i+disappear+2014
122825,enter the void,2009,4,enter+the+void+2009
11547,aftershock,2010,4,aftershock+2010
113016,first blood,1982,3,first+blood+1982
26426,marjorie morningstar,1958,2,marjorie+morningstar+1958
92544,big hero 6,2014,4,big+hero+6+2014
101161,churchill the hollywood years,2004,3,churchill+the+hollywood+years+2004
145651,forever strong,2008,5,forever+strong+2008
4139,constantine,2005,4,constantine+2005
105393,the best man,1999,4,the+best+man+1999
26112,the shining,1980,5,the+shining+1980
43756,gallowwalkers,2012,2,gallowwalkers+2012
50756,leon the professional,1994,5,leon+the+professional+1994
95083,essential killing,2010,3,essential+killing+2010
97169,fury,2014,5,fury+2014
15861,simon of the desert,1965,3,simon+of+the+desert+1965
79882,master and commander the far side of the world,2003,4,master+and+commander+the+far+side+of+the+world+2003
1444,the matrix revolutions,2003,3,the+matrix+revolutions+2003
31635,the hire hostage,2002,4,the+hire+hostage+2002
10840,ken park,2002,3,ken+park+2002
107665,spl kill zone,2005,4,spl+kill+zone+2005
20727,roadside prophets,1992,4,roadside+prophets+1992
114597,seven samurai,1954,5,seven+samurai+1954
89535,mommie dearest,1981,3,mommie+dearest+1981
69445,deadfall,2012,4,deadfall+2012
52449,the arrow,1997,4,the+arrow+1997
62932,saw the final chapter,2010,2,saw+the+final+chapter+2010
121457,battle los angeles,2011,3,battle+los+angeles+2011
145188,a coffee in berlin,2012,4,a+coffee+in+berlin+2012
59404,the simple-minded murderer,1982,4,the+simple-minded+murderer+1982
43088,i_ robot,2004,3,i_+robot+2004
83114,the keeper of lost causes,2013,3,the+keeper+of+lost+causes+2013
32373,murmur of the heart,1971,3,murmur+of+the+heart+1971
58969,akira,1988,4,akira+1988
